{"6": [[3.22941813, 0], [3.238886729, 0], [3.220784828, 0], [3.249637602, 0], [3.251222169, 0], [3.258734527, 0], [3.257381309, 0], [3.241510246, 0], [3.246690929, 0], [3.256392507, 0]], "11": [[0.79562197, 0], [0.795521467, 0], [0.801043751, 0], [0.795078265, 0], [0.797480116, 0], [0.798866141, 0], [0.796136172, 0], [0.798269933, 0], [0.801788454, 0], [0.795291392, 0]], "12": [[0.825000243, 0], [0.824020119, 0], [0.819523323, 0], [0.824966168, 0], [0.820871349, 0], [0.822686073, 0], [0.822111063, 0], [0.824270164, 0], [0.823034055, 0], [0.827041538, 0]], "13": [[1.664152304, 0], [1.66549942, 0], [1.677088315, 0], [1.681698373, 0], [1.663741477, 0], [1.675100014, 0], [1.672173509, 0], [1.667571163, 0], [1.673785446, 0], [1.662145494, 0]], "14": [[2.014159304, 0], [2.00794004, 0], [2.019572956, 0], [2.029957809, 0], [2.028848939, 0], [2.029619295, 0], [2.024186494, 0], [2.020118086, 0], [2.029141018, 0], [2.021239285, 0]], "15": [[1.699636651, 0], [1.713098952, 0], [1.707341447, 0], [1.708909236, 0], [1.706456782, 0], [1.700756082, 0], [1.704237175, 0], [1.722763927, 0], [1.707585276, 0], [1.712555675, 0]], "17": [[3.9207245, 0], [3.905039686, 0], [3.901423671, 0], [3.912241217, 0], [3.911872848, 0], [3.920135607, 0], [3.926515208, 0], [3.909283157, 0], [3.934537448, 0], [3.90175796, 0]], "18": [[3.876260911, 0], [3.867091801, 0], [3.905552612, 0], [3.871679728, 0], [3.894134915, 0], [3.893936182, 0], [3.879078306, 0], [3.881581928, 0], [3.866345848, 0], [3.893350043, 0]], "19": [[4.778359095, 0], [4.827473438, 0], [4.853280114, 0], [4.820965841, 0], [4.807101411, 0], [4.831298663, 0], [4.827655805, 0], [4.840025342, 0], [4.755237875, 0], [4.862627602, 0]], "21": [[2.616353265, 0], [2.607951567, 0], [2.610324506, 0], [2.613244031, 0], [2.61201472, 0], [2.616908931, 0], [2.607060129, 0], [2.620196559, 0], [2.609119711, 0], [2.611212605, 0]], "22": [[2.278054613, 0], [2.27314691, 0], [2.278850643, 0], [2.267977905, 0], [2.27461191, 0], [2.275967817, 0], [2.289071962, 0], [2.28364432, 0], [2.282935394, 0], [2.271716431, 0]], "23": [[3.661102106, 0], [3.662888409, 0], [3.676021944, 0], [3.681756339, 0], [3.674673957, 0], [3.661470348, 0], [3.666084405, 0], [3.67804272, 0], [3.663484416, 0], [3.669773256, 0]], "24": [[7.490913241, 0], [7.480730374, 0], [7.472951427, 0], [7.487772598, 0], [7.479134549, 0], [7.479028255, 0], [7.488474736, 0], [7.482643197, 0], [7.50228655, 0], [7.500311756, 0]], "26": [[1.359172803, 0], [1.349383069, 0], [1.358431884, 0], [1.353775216, 0], [1.351009755, 0], [1.354240395, 0], [1.352620868, 0], [1.347495414, 0], [1.351917058, 0], [1.349798994, 0]], "27": [[1.367521131, 0], [1.375836067, 0], [1.371491341, 0], [1.36557629, 0], [1.367940597, 0], [1.36663261, 0], [1.369780569, 0], [1.373228892, 0], [1.375441718, 0], [1.375046643, 0]], "29": [[15.49770361, 0], [15.502694011, 0], [15.534436297, 0], [15.591737316, 0], [15.526479789, 0], [15.609295986, 0], [15.530172235, 0], [15.563551265, 0], [15.60443752, 0], [15.689685869, 0]], "31": [[1.54543426, 0], [1.53340282, 0], [1.53154036, 0], [1.527560208, 0], [1.532807062, 0], [1.54532044, 0], [1.539219231, 0], [1.52675242, 0], [1.532362046, 0], [1.538398072, 0]], "32": [[1.615543728, 0], [1.619011283, 0], [1.616450369, 0], [1.617119533, 0], [1.629741892, 0], [1.616956002, 0], [1.616489064, 0], [1.620277291, 0], [1.620408903, 0], [1.612886414, 0]], "33": [[5.177871657, 0], [5.155947557, 0], [5.164482993, 0], [5.113515025, 0], [5.261178021, 0], [5.264271526, 0], [5.209302342, 0], [5.330217026, 0], [5.210306495, 0], [5.168072131, 0]], "34": [[5.675699032, 0], [5.681345566, 0], [5.654763777, 0], [5.65929337, 0], [5.666674047, 0], [5.696305703, 0], [5.653271361, 0], [5.659181448, 0], [5.663285786, 0], [5.652551554, 0]], "37": [[1.914866959, 0], [1.915478705, 0], [1.908353179, 0], [1.921314515, 0], [1.921713534, 0], [1.917875654, 0], [1.915174989, 0], [1.912508767, 0], [1.919122043, 0], [1.905783148, 0]], "38": [[1.677644682, 0], [1.674367157, 0], [1.676419065, 0], [1.676727017, 0], [1.676375254, 0], [1.674823054, 0], [1.675539742, 0], [1.674521512, 0], [1.674966756, 0], [1.679789655, 0]], "39": [[1.820130505, 0], [1.811207634, 0], [1.815716228, 0], [1.815304492, 0], [1.814343886, 0], [1.815797737, 0], [1.814099811, 0], [1.813844035, 0], [1.811151142, 0], [1.810632493, 0]], "40": [[3.188307226, 0], [3.198063509, 0], [3.205477842, 0], [3.187177509, 0], [3.201011347, 0], [3.194712025, 0], [3.193476043, 0], [3.196414484, 0], [3.187540965, 0], [3.190258718, 0]]}