{"6": [[5.297365927, 0], [5.304581601, 0], [5.342092174, 0], [5.290580097, 0], [5.357133114, 0], [5.32658641, 0], [5.318323308, 0], [5.296311485, 0], [5.354253679, 0], [5.388127626, 0]], "11": [[1.516981084, 0], [1.51289033, 0], [1.511826462, 0], [1.510662894, 0], [1.518369731, 0], [1.521058495, 0], [1.526839204, 0], [1.515206118, 0], [1.529241509, 0], [1.523234677, 0]], "12": [[1.56709641, 0], [1.567456566, 0], [1.567030368, 0], [1.558646062, 0], [1.577053753, 0], [1.570600414, 0], [1.565087718, 0], [1.574421098, 0], [1.557267483, 0], [1.56661535, 0]], "13": [[3.109788669, 0], [3.144499225, 0], [3.119676612, 0], [3.111089088, 0], [3.141609527, 0], [3.104998985, 0], [3.119212493, 0], [3.115488473, 0], [3.098987696, 0], [3.130159818, 0]], "14": [[3.837704822, 0], [3.793213256, 0], [3.828786259, 0], [3.835837339, 0], [3.813176878, 0], [3.839510828, 0], [3.852496736, 0], [3.853698872, 0], [3.871611862, 0], [3.825213836, 0]], "15": [[3.202863918, 0], [3.202069225, 0], [3.203154347, 0], [3.197802613, 0], [3.208010744, 0], [3.19889203, 0], [3.205225664, 0], [3.217778477, 0], [3.185535957, 0], [3.174802151, 0]], "17": [[6.65180342, 0], [6.704092058, 0], [6.708713543, 0], [6.696042709, 0], [6.680176083, 0], [6.68582577, 0], [6.680560007, 0], [6.701234142, 0], [6.700710964, 0], [6.73114521, 0]], "18": [[6.629806433, 0], [6.634527807, 0], [6.647456244, 0], [6.630504647, 0], [6.629026709, 0], [6.586248666, 0], [6.594791829, 0], [6.617047769, 0], [6.606761659, 0], [6.556179852, 0]], "19": [[8.747924449, 0], [8.718187984, 0], [8.684904804, 0], [8.674959652, 0], [8.624468009, 0], [8.690605877, 0], [8.681898924, 0], [8.673609232, 0], [8.603914142, 0], [8.681269067, 0]], "21": [[5.094494338, 0], [5.094381773, 0], [5.092858983, 0], [5.086786344, 0], [5.096014248, 0], [5.091664934, 0], [5.082350644, 0], [5.097787491, 0], [5.089659214, 0], [5.107350939, 0]], "22": [[4.445687297, 0], [4.429104894, 0], [4.409306736, 0], [4.412565459, 0], [4.410157131, 0], [4.417211211, 0], [4.438423047, 0], [4.424978614, 0], [4.419894143, 0], [4.414845611, 0]], "23": [[7.167967788, 0], [7.184061498, 0], [7.162482314, 0], [7.160798318, 0], [7.159909682, 0], [7.163473449, 0], [7.162506626, 0], [7.168366654, 0], [7.15924381, 0], [7.166780971, 0]], "24": [[14.722682586, 0], [14.751872893, 0], [14.757709857, 0], [14.736276126, 0], [14.722099323, 0], [14.74146782, 0], [14.765459896, 0], [14.755897636, 0], [14.777078006, 0], [14.73154262, 0]], "26": [[2.530896332, 0], [2.542063924, 0], [2.536626791, 0], [2.52135537, 0], [2.530238567, 0], [2.526181064, 0], [2.502823164, 0], [2.513265792, 0], [2.511011987, 0], [2.516610646, 0]], "27": [[2.555426666, 0], [2.558376919, 0], [2.552595566, 0], [2.552441248, 0], [2.553085544, 0], [2.547907627, 0], [2.551609841, 0], [2.549987386, 0], [2.562858098, 0], [2.564712891, 0]], "29": [[29.359672256, 0], [29.423928745, 0], [29.426832805, 0], [29.411103319, 0], [29.420959474, 0], [29.341739124, 0], [29.376780514, 0], [29.536313735, 0], [29.318182765, 0], [29.38034532, 0]], "31": [[2.893738157, 0], [2.876856181, 0], [2.885850903, 0], [2.897726552, 0], [2.894885796, 0], [2.898532505, 0], [2.904192605, 0], [2.879410543, 0], [2.883307074, 0], [2.891906114, 0]], "32": [[3.074489015, 0], [3.083682997, 0], [3.10206311, 0], [3.068344781, 0], [3.089097169, 0], [3.064652196, 0], [3.067883094, 0], [3.103706911, 0], [3.061638579, 0], [3.083179478, 0]], "33": [[8.884618922, 0], [8.841101481, 0], [8.968797151, 0], [8.949802949, 0], [8.920316226, 0], [8.975626888, 0], [8.99283085, 0], [8.894507467, 0], [8.889569941, 0], [8.928831407, 0]], "34": [[10.223815297, 0], [10.079195628, 0], [10.222881083, 0], [10.205186825, 0], [10.239236989, 0], [10.237439174, 0], [10.22176058, 0], [10.217419656, 0], [10.171770028, 0], [10.172618578, 0]], "37": [[3.719230077, 0], [3.713754413, 0], [3.724221401, 0], [3.70245289, 0], [3.712409106, 0], [3.712722431, 0], [3.707903945, 0], [3.702244927, 0], [3.703434171, 0], [3.710843956, 0]], "38": [[3.276672305, 0], [3.278944051, 0], [3.284908469, 0], [3.276027152, 0], [3.30083791, 0], [3.285710183, 0], [3.281115018, 0], [3.272619082, 0], [3.271437786, 0], [3.27270375, 0]], "39": [[3.549473185, 0], [3.549446316, 0], [3.557219588, 0], [3.540703197, 0], [3.538493659, 0], [3.547834474, 0], [3.545708313, 0], [3.546988593, 0], [3.553680948, 0], [3.544485644, 0]], "40": [[6.258483555, 0], [6.237395316, 0], [6.240782338, 0], [6.252365599, 0], [6.225049232, 0], [6.248036242, 0], [6.24175426, 0], [6.234774105, 0], [6.228405123, 0], [6.233259249, 0]]}