{"6": [[2.234264897, 0], [2.223355374, 0], [2.235517905, 0], [2.220069233, 0], [2.246416698, 0], [2.227281207, 0], [2.251201951, 0], [2.228015937, 0], [2.225713373, 0], [2.256263018, 0]], "11": [[0.443445562, 0], [0.444848929, 0], [0.443055017, 0], [0.44407813, 0], [0.443783232, 0], [0.442507754, 0], [0.446303551, 0], [0.445575219, 0], [0.44523479, 0], [0.444374127, 0]], "12": [[0.456964859, 0], [0.457478369, 0], [0.457636573, 0], [0.46031573, 0], [0.457053618, 0], [0.456489808, 0], [0.458181909, 0], [0.458672616, 0], [0.460224041, 0], [0.46039801, 0]], "13": [[0.942875346, 0], [0.942331621, 0], [0.944733381, 0], [0.942719458, 0], [0.943615126, 0], [0.974349071, 0], [0.945770639, 0], [0.941630898, 0], [0.938654148, 0], [0.940700942, 0]], "14": [[1.129471522, 0], [1.131818484, 0], [1.132262174, 0], [1.124746261, 0], [1.136052122, 0], [1.137700546, 0], [1.12539784, 0], [1.127169102, 0], [1.128576718, 0], [1.128687445, 0]], "15": [[0.962988056, 0], [0.962920226, 0], [0.963000318, 0], [0.961345467, 0], [0.958290333, 0], [0.968480029, 0], [0.960188432, 0], [0.966310156, 0], [0.969588125, 0], [0.956609571, 0]], "17": [[2.571539649, 0], [2.544167468, 0], [2.553035413, 0], [2.56945288, 0], [2.554734625, 0], [2.57407017, 0], [2.57605736, 0], [2.562225537, 0], [2.548667922, 0], [2.560415175, 0]], "18": [[2.52687242, 0], [2.511263167, 0], [2.513759546, 0], [2.524489012, 0], [2.544514379, 0], [2.528040501, 0], [2.539147407, 0], [2.561565928, 0], [2.539044089, 0], [2.54436856, 0]], "19": [[3.029719286, 0], [3.012969587, 0], [3.019147336, 0], [3.017939918, 0], [2.995792351, 0], [3.048123178, 0], [3.024277559, 0], [3.04384246, 0], [3.015008061, 0], [2.960990374, 0]], "21": [[1.358238852, 0], [1.359865318, 0], [1.361720837, 0], [1.359917485, 0], [1.359559387, 0], [1.36145276, 0], [1.364128563, 0], [1.372179373, 0], [1.365455196, 0], [1.365100343, 0]], "22": [[1.20706543, 0], [1.215738942, 0], [1.218356622, 0], [1.211598991, 0], [1.211213025, 0], [1.218809794, 0], [1.210448267, 0], [1.213034283, 0], [1.215421517, 0], [1.219806944, 0]], "23": [[1.952701883, 0], [1.946585183, 0], [1.945446969, 0], [1.927592804, 0], [1.92512188, 0], [1.942684141, 0], [1.939543636, 0], [1.931863432, 0], [1.945230898, 0], [1.931455573, 0]], "24": [[3.868039618, 0], [3.873213138, 0], [3.85177478, 0], [3.863956805, 0], [3.857215465, 0], [3.871690895, 0], [3.872135266, 0], [3.8617683, 0], [3.873670321, 0], [3.872842327, 0]], "26": [[0.769412404, 0], [0.774155918, 0], [0.771705361, 0], [0.774959806, 0], [0.770551429, 0], [0.781553952, 0], [0.774208245, 0], [0.77534727, 0], [0.776338084, 0], [0.770848317, 0]], "27": [[0.789263069, 0], [0.78279879, 0], [0.778094506, 0], [0.790732218, 0], [0.792294775, 0], [0.780073781, 0], [0.78247765, 0], [0.783519214, 0], [0.77883717, 0], [0.781413878, 0]], "29": [[8.561056931, 0], [8.531429572, 0], [8.601523506, 0], [8.571749731, 0], [8.541359589, 0], [8.592230349, 0], [8.479221091, 0], [8.609649932, 0], [8.569746302, 0], [8.531319759, 0]], "31": [[0.855633529, 0], [0.859458894, 0], [0.859402545, 0], [0.856526249, 0], [0.863985822, 0], [0.856025405, 0], [0.857651989, 0], [0.853822928, 0], [0.858268136, 0], [0.863154838, 0]], "32": [[0.903282606, 0], [0.90627499, 0], [0.904974713, 0], [0.907196043, 0], [0.902816214, 0], [0.90738645, 0], [0.908586283, 0], [0.906208712, 0], [0.912172444, 0], [0.912859632, 0]], "33": [[3.015265158, 0], [3.052317051, 0], [3.005592503, 0], [3.063708935, 0], [3.069465652, 0], [3.019339008, 0], [3.117438664, 0], [3.05583922, 0], [3.080079348, 0], [3.034846025, 0]], "34": [[3.520362067, 0], [3.50114664, 0], [3.485771636, 0], [3.515770804, 0], [3.522870495, 0], [3.511410489, 0], [3.554722887, 0], [3.510945171, 0], [3.509731682, 0], [3.514339775, 0]], "37": [[1.01687246, 0], [1.019557712, 0], [1.017514589, 0], [1.019978819, 0], [1.0180444, 0], [1.010144041, 0], [1.022411859, 0], [1.007933483, 0], [1.009798331, 0], [1.019211549, 0]], "38": [[0.872787141, 0], [0.873918837, 0], [0.872747006, 0], [0.873123674, 0], [0.874325681, 0], [0.874035688, 0], [0.866631404, 0], [0.866488203, 0], [0.873884146, 0], [0.867097265, 0]], "39": [[0.9540304, 0], [0.952021114, 0], [0.952418925, 0], [0.951967505, 0], [0.951270647, 0], [0.95036178, 0], [0.947935047, 0], [0.951844276, 0], [0.95312601, 0], [0.951876432, 0]], "40": [[1.669273897, 0], [1.690376695, 0], [1.691855816, 0], [1.681306752, 0], [1.694023671, 0], [1.675556227, 0], [1.677595599, 0], [1.678613723, 0], [1.684192454, 0], [1.669456667, 0]]}