{"1": [[2.316292637, 3.6284274670000105], [2.303827017, 3.625399937999988], [2.296921526, 3.6373394760000015], [2.300982611, 3.629814144999996], [2.308198238, 3.6190712779999976], [2.306593672, 3.616789860999991], [2.303964727, 3.6199635869999973], [2.305748481, 3.6346576660000043], [2.297964444, 3.635068618999993], [2.317841493, 3.6304890939999988]], "3": [[0.728007792, 0.9669245380000143], [0.717174797, 0.9591239579999965], [0.71946084, 0.9599051979999964], [0.728397715, 0.9603423410000076], [0.719564981, 0.9586982870000257], [0.726786623, 0.9654172580000242], [0.724878206, 0.9569039340000108], [0.714502941, 0.9574236210000013], [0.719091588, 0.9607834309999859], [0.724790406, 0.9589065200000187]], "4": [[0.544585765, 0.49247417700000007], [0.548225954, 0.49775042700000116], [0.550934628, 0.4880505709999979], [0.535235389, 0.4892569739999987], [0.53998097, 0.49188407500000214], [0.54358781, 0.49260203999999713], [0.544237383, 0.48873176500000054], [0.540232671, 0.49064317300000043], [0.537024797, 0.489669955000001], [0.537615063, 0.4849415720000008]], "5": [[0.784193991, 0.9766413200000004], [0.787778405, 0.9677949580000115], [0.794170969, 0.9822648540000005], [0.796639393, 0.9796690030000261], [0.796243044, 0.9805923250000015], [0.786238424, 0.9830369959999823], [0.780886567, 0.9656984889999903], [0.786841665, 0.9745704370000061], [0.798128252, 0.9813458450000352], [0.785130588, 0.9761460290000104]], "6": [[0.527861467, 1.075023523999988], [0.525458149, 1.079549910999964], [0.528191461, 1.073511086999995], [0.527207238, 1.073853958999977], [0.527353621, 1.073826044999999], [0.526196622, 1.0687953999999955], [0.526704773, 1.0773930709999737], [0.534614338, 1.0782683759999838], [0.525895128, 1.071270311999987], [0.526835185, 1.0749686300000214]], "7": [[0.913431855, 1.0680419199999998], [0.916202108, 1.076091982999989], [0.923352848, 1.0736202609999947], [0.916442897, 1.0647719669999978], [0.923003926, 1.0712033599999762], [0.912796635, 1.0663636090000144], [0.918935483, 1.0764178929999733], [0.920730332, 1.0807037160000135], [0.920405957, 1.0732676889999868], [0.916609794, 1.0673455220000017]], "8": [[0.849374912, 1.069624986999968], [0.845660528, 1.0768038740000498], [0.851982426, 1.0662587939999988], [0.850151828, 1.0636033820000401], [0.846337791, 1.0677234079999658], [0.847253716, 1.0709784970000213], [0.847554228, 1.0716580909999838], [0.850803718, 1.0776855269999888], [0.84397803, 1.0608414990000115], [0.852521443, 1.0735258490000232]], "9": [[2.620230357, 1.393884405999995], [2.650866836, 1.4209935679999979], [2.606816574, 1.3737145989999955], [2.674879436, 1.3880383290000007], [2.607706332, 1.3740093949999965], [2.713700524, 1.3732449789999992], [2.612516343, 1.379323361000001], [2.651763261, 1.386144027999997], [2.600498795, 1.3756728970000018], [2.618751229, 1.3856224920000035]], "10": [[1.32615573, 2.0226104080000034], [1.336566385, 2.0300344459999993], [1.324135022, 2.019633049000004], [1.328196508, 2.032315321999992], [1.320273207, 2.017861180000004], [1.324543474, 2.033163455999996], [1.319982653, 2.0151774240000107], [1.323416765, 2.024965727000001], [1.341362654, 2.0307855019999965], [1.323082609, 2.0152550020000035]], "12": [[1.072017716, 2.897123011000004], [1.076442456, 2.918334947000002], [1.083039244, 2.9292572100000065], [1.07733266, 2.920311997000003], [1.073849944, 2.9019827719999967], [1.083768268, 2.936465994999996], [1.077260718, 2.9122013070000015], [1.082966443, 2.9292808399999957], [1.076526303, 2.9160780990000013], [1.077679872, 2.899576678000001]], "14": [[0.509257516, 0.9337915179999592], [0.504263402, 0.9335170379999798], [0.505463899, 0.9343282979999629], [0.502946226, 0.9267757969999648], [0.504389252, 0.9336171839999611], [0.503343011, 0.9238435239999527], [0.510336821, 0.936597749999973], [0.503286599, 0.9285681339999645], [0.506856718, 0.9354248119999764], [0.511110229, 0.9351330019999607]], "15": [[0.481293695, 0.9340097779999947], [0.48321801, 0.9423953450000013], [0.479921841, 0.9261038990000008], [0.481711833, 0.932896552000002], [0.47933009, 0.931452284000004], [0.481632499, 0.9321952820000013], [0.476818948, 0.9304981830000063], [0.482677435, 0.9272201790000077], [0.47650526, 0.9262375500000061], [0.48455061, 0.9347844430000021]], "17": [[1.07805554, 1.3349365289999928], [1.080832208, 1.3285672979999839], [1.060530695, 1.2876313899999725], [1.083451209, 1.3284034189999938], [1.063819585, 1.293573957999976], [1.076328885, 1.3373632809999818], [1.074358493, 1.3149711829999817], [1.077607332, 1.33648141200001], [1.07878889, 1.3156988619999892], [1.082551462, 1.3399479540000088]], "18": [[1.956026745, 1.118619393], [1.94072118, 1.1070053180000006], [1.970041061, 1.1171232929999997], [1.973946391, 1.1132755309999998], [1.95172165, 1.1063628660000047], [1.963612654, 1.1256342359999922], [1.960880878, 1.1260355410000025], [1.966756547, 1.1245667669999988], [1.956966908, 1.1061528390000006], [1.975402933, 1.1067378370000025]], "19": [[2.185754442, 6.516360031999995], [2.18561457, 6.522638529000009], [2.191833905, 6.52141502], [2.181917758, 6.510009698999994], [2.19666199, 6.517239886000009], [2.181408427, 6.504955758000014], [2.187797954, 6.514098099000021], [2.185061761, 6.514891405999999], [2.178741633, 6.497318218999973], [2.189470581, 6.518028408000006]], "20": [[0.535531178, 0.7555928230000076], [0.535966128, 0.7573991309999923], [0.537315469, 0.7627559879999987], [0.536348705, 0.7585439650000058], [0.540825348, 0.7630993770000175], [0.53721489, 0.7629013420000044], [0.534387962, 0.7574813239999949], [0.536665873, 0.7641680040000116], [0.543888443, 0.7563635010000054], [0.549568993, 0.7784569320000179]], "21": [[3.390402779, 1.5485006990000074], [3.295555649, 1.5810379890000037], [3.419354099, 1.5722654259999884], [3.411741472, 1.577937582999998], [3.294818453, 1.515319048000027], [3.433442943, 1.5683186660000064], [3.290816616, 1.5738743520000043], [3.319734384, 1.5650129890000173], [3.442581858, 1.55071173000001], [3.35124407, 1.5805139039999823]]}