{"1": [[0.591287883, 3.6998086969999986], [0.590188436, 3.689852274999998], [0.590170869, 3.6975882159999975], [0.587588046, 3.697471794], [0.646181125, 3.698630617], [0.591524118, 3.7225192770000013], [0.591604511, 3.7246093280000006], [0.587723315, 3.6964805329999977], [0.590364963, 3.698566001999999], [0.594098824, 3.705283209000001]], "3": [[0.239151199, 1.0347777669999993], [0.23471599, 1.010344774999999], [0.235768504, 1.0044521020000001], [0.234180911, 1.0022396499999988], [0.235434927, 1.018275988000001], [0.233504917, 1.0187846209999993], [0.234247232, 1.0172251469999998], [0.236028235, 1.0139744739999992], [0.23492568, 1.0063903879999982], [0.231836919, 1.0092058050000001]], "4": [[0.180576857, 0.516044126], [0.181335879, 0.5173363070000001], [0.182343658, 0.5260557400000001], [0.182797261, 0.5293027210000001], [0.18431061, 0.5330047930000001], [0.179873831, 0.5156901249999998], [0.182661208, 0.5161784470000003], [0.181246862, 0.5265715600000003], [0.179538671, 0.5189677440000001], [0.181677747, 0.5260837240000001]], "5": [[0.247486683, 1.0445765839999999], [0.244807356, 1.0343034219999998], [0.243966013, 1.042751817999999], [0.253508275, 1.0495479320000007], [0.246099238, 1.029396769999999], [0.250049708, 1.044177979999999], [0.245459767, 1.0362171450000004], [0.248935957, 1.0640307819999995], [0.246190875, 1.0437110109999992], [0.24603996, 1.036687398999999]], "6": [[0.143292394, 1.1585947030000001], [0.139123052, 1.1269710310000007], [0.139390539, 1.1189592730000004], [0.138173585, 1.1212632200000008], [0.143015778, 1.1498055979999997], [0.13911857, 1.1314525239999997], [0.138639929, 1.1276969690000005], [0.13802008, 1.1207240339999998], [0.145101067, 1.1274229299999996], [0.142246624, 1.1470835540000006]], "7": [[0.264471695, 1.1334377969999994], [0.268546368, 1.14124069], [0.265433565, 1.1112878300000002], [0.26736962, 1.1367492479999992], [0.270971398, 1.162253452], [0.269081282, 1.1308788549999986], [0.264318842, 1.1138002260000002], [0.268562983, 1.1467807059999997], [0.270345857, 1.1682177519999997], [0.266259936, 1.136304643]], "8": [[0.255164384, 1.1163839099999988], [0.256076333, 1.1155245479999991], [0.257079559, 1.1296297079999995], [0.256529206, 1.1366823720000003], [0.25545583, 1.125760302999999], [0.256708482, 1.135089582], [0.257673937, 1.133782997], [0.256061149, 1.1183424990000002], [0.256276608, 1.1277905410000002], [0.256948518, 1.136292104]], "9": [[0.8424318, 1.4993971270000015], [0.847918786, 1.4875984919999994], [0.864642502, 1.4983154080000003], [0.852162447, 1.4882907769999985], [0.852979749, 1.5033056050000009], [0.872270727, 1.490883704000001], [0.856452036, 1.4844479480000006], [0.850128471, 1.492939658000001], [0.850172907, 1.490632566], [0.86126424, 1.4864579800000006]], "10": [[0.419471679, 2.075381485], [0.420041901, 2.0664377089999992], [0.425133651, 2.066957504000001], [0.422897669, 2.0628255080000013], [0.421087393, 2.072902995], [0.420578888, 2.0698126270000006], [0.420418142, 2.063055741], [0.426131857, 2.085823714000001], [0.420610793, 2.0752725480000005], [0.420127156, 2.072785128000001]], "12": [[0.298372892, 2.9881222180000004], [0.298348111, 2.9811535889999994], [0.296907311, 2.963819208999999], [0.299722438, 2.980035663000001], [0.297317484, 2.98041424], [0.30233566, 3.0078947449999975], [0.295717951, 2.9481488980000004], [0.2973982, 2.9754795359999986], [0.296200558, 2.960929474], [0.298102792, 2.987578596000001]], "14": [[0.160796082, 0.9735443410000001], [0.163359991, 0.9945056209999994], [0.162835665, 0.9907807959999994], [0.162469772, 0.9857624099999989], [0.16043998, 0.9735450339999997], [0.160853704, 0.9784949159999996], [0.165149751, 0.9817390819999996], [0.16300737, 0.9754652439999997], [0.160840227, 0.9737115459999998], [0.161086946, 0.9770995679999996]], "15": [[0.138966619, 1.0050621309999992], [0.136741793, 0.9883742139999999], [0.135895036, 0.9897276509999996], [0.13602591, 0.9921934820000001], [0.136443811, 0.997088512999999], [0.13545866, 0.9885376909999998], [0.135920715, 0.9893270399999999], [0.140054058, 1.0167118480000004], [0.136550557, 0.9887200560000005], [0.138996111, 1.0039420119999998]], "17": [[0.294198229, 1.4309011929999995], [0.344294493, 1.4368376610000018], [0.290724765, 1.4105575620000002], [0.291161035, 1.4060754059999998], [0.290616258, 1.3962115670000008], [0.312911413, 1.4044236929999996], [0.299460779, 1.395590922000001], [0.29881411, 1.3894670000000005], [0.288917868, 1.3922036520000014], [0.290113257, 1.393637151000001]], "18": [[0.549847606, 1.186701278], [0.542030304, 1.1934670529999996], [0.554448685, 1.1881177420000002], [0.556316353, 1.1918757179999993], [0.603083604, 1.1757381699999994], [0.589573337, 1.181942626], [0.541897026, 1.171184592999999], [0.560772291, 1.1946982989999997], [0.566098806, 1.1853264589999997], [0.544520882, 1.176861644999999]], "19": [[0.59939213, 6.728084340000002], [0.602518928, 6.744840933], [0.601547155, 6.569458830000007], [0.600282584, 6.733203071000002], [0.604033944, 6.744566181999997], [0.598594024, 6.736872898999998], [0.601706196, 6.736010937000004], [0.600266746, 6.740347700000001], [0.601237497, 6.7446558670000005], [0.599009644, 6.747918836000004]], "20": [[0.170387615, 0.8263577679999998], [0.1649055, 0.811240612999999], [0.165486256, 0.8038499789999999], [0.166785079, 0.8170961949999995], [0.164160103, 0.8009836909999997], [0.16673024, 0.8226920670000002], [0.165955527, 0.8066162279999997], [0.164603323, 0.820172865], [0.163908218, 0.8054990750000004], [0.165634668, 0.8063885239999995]], "21": [[1.372238735, 1.7030753390000015], [1.354328442, 1.695530110000001], [1.525374608, 1.7048680779999998], [1.372602743, 1.6877763360000002], [1.369608645, 1.7194495509999999], [1.521602358, 1.7296744269999988], [1.393298133, 1.7196878360000007], [1.389531201, 1.704509259], [1.374462094, 1.691712152000001], [1.377712084, 1.7065742709999987]]}