{"1": [[1.161970323, 3.6437678519999976], [1.160981214, 3.641928963999999], [1.158741453, 3.641757744999997], [1.158382883, 3.6387859860000007], [1.16361464, 3.6421687460000016], [1.171380021, 3.6403341889999985], [1.16020502, 3.6484903269999958], [1.160899616, 3.6325476399999896], [1.151066373, 3.643287729000001], [1.158940848, 3.6413543249999987]], "3": [[0.401330054, 0.9836936620000011], [0.397786905, 0.971793288], [0.395445507, 0.9714535080000019], [0.398963749, 0.9854483249999978], [0.399244593, 0.9788118310000006], [0.396038941, 0.9846353569999999], [0.396040908, 0.9850616280000009], [0.39683383, 0.9715524880000014], [0.396596817, 0.9697771060000009], [0.393846304, 0.9706468850000002]], "4": [[0.300077402, 0.5046375749999996], [0.301037215, 0.49994741700000034], [0.299115058, 0.4995003809999995], [0.301376705, 0.5052786510000001], [0.295711715, 0.4965740660000002], [0.296747313, 0.505385076999999], [0.297243168, 0.49879119399999927], [0.296750372, 0.4953833369999997], [0.299028434, 0.49943568400000105], [0.296868084, 0.495796662]], "5": [[0.422815492, 0.9844353310000002], [0.422070059, 0.9956316030000021], [0.424629902, 0.9966654310000019], [0.42268902, 0.9976820650000013], [0.424177969, 0.9864151969999996], [0.426953827, 0.9902796680000002], [0.426471985, 0.9956740590000006], [0.424806938, 0.9869900230000022], [0.422646113, 0.9938460590000024], [0.421474132, 0.9873982039999998]], "6": [[0.268459977, 1.0939200010000025], [0.269005139, 1.0857578870000029], [0.266650445, 1.0896216490000015], [0.268274396, 1.0885188140000008], [0.266631093, 1.0854290240000002], [0.268373188, 1.0946636979999986], [0.269912083, 1.087434149000004], [0.268173091, 1.0952606550000028], [0.270501889, 1.0898987159999998], [0.264968985, 1.0828983200000002]], "7": [[0.485774957, 1.0935205520000026], [0.48340215, 1.0937529459999986], [0.482651861, 1.0880804609999992], [0.479015165, 1.0832155969999984], [0.481874469, 1.0802215459999975], [0.480250844, 1.0931305380000003], [0.481863359, 1.0858212969999996], [0.483506899, 1.094802344000001], [0.481661104, 1.0798250040000017], [0.485149667, 1.088062169000002]], "8": [[0.452242555, 1.1017826939999975], [0.515398213, 1.1564629229999959], [0.455137184, 1.0909797129999932], [0.454050965, 1.0855155700000023], [0.450535744, 1.093058103999999], [0.449151515, 1.0754007130000076], [0.452383326, 1.0895852509999986], [0.456278482, 1.0914885059999986], [0.448688419, 1.0761643140000006], [0.453183706, 1.0895461900000005]], "9": [[1.445267606, 1.4034242179999998], [1.439763221, 1.3967080879999987], [1.439124722, 1.3960341920000008], [1.438873632, 1.395574521999998], [1.444414993, 1.3967862879999995], [1.428056903, 1.3913129909999966], [1.442516911, 1.3919874219999981], [1.448818136, 1.3952762609999982], [1.449064839, 1.3920181669999985], [1.45856206, 1.404361630999997]], "10": [[0.707818717, 2.036128262999999], [0.708867028, 2.0351429550000013], [0.706834064, 2.031882704000001], [0.71590141, 2.034488701000004], [0.707522853, 2.039410517999999], [0.705091261, 2.033663830000001], [0.715206141, 2.035573606000006], [0.705842867, 2.033270656000002], [0.713691286, 2.044515749000002], [0.710338256, 2.0490105819999993]], "12": [[0.554003062, 2.9134338589999973], [0.555016987, 2.9205962839999993], [0.551378055, 2.910577018999999], [0.553553735, 2.9187743869999965], [0.552503974, 2.914907939000003], [0.556023788, 2.9441017889999967], [0.555911569, 2.9331140429999967], [0.423853522, 1.8855631670000024], [0.557634651, 2.9393699359999994], [0.54536517, 2.844899962999998]], "14": [[0.275736377, 0.9520100299999995], [0.275771231, 0.9471512359999992], [0.27701485, 0.9482501839999993], [0.277913166, 0.9639095670000023], [0.274736152, 0.9487379060000022], [0.278780324, 0.9575306430000009], [0.27763801, 0.9507112680000014], [0.276884781, 0.9524598900000004], [0.274396136, 0.956425167000001], [0.273446385, 0.9458036340000016]], "15": [[0.248275759, 0.9546132029999996], [0.251285034, 0.9576846260000011], [0.249613729, 0.9453778349999993], [0.248105861, 0.9458192109999997], [0.248259413, 0.9541165840000013], [0.251029549, 0.949995011], [0.247192032, 0.9435397570000014], [0.248289228, 0.9481814860000018], [0.251487184, 0.9525740640000008], [0.249610374, 0.9499261899999994]], "17": [[0.614602507, 1.3541302379999993], [0.55105104, 1.3503052769999986], [0.551303144, 1.3540220299999977], [0.552495458, 1.3577947309999994], [0.551692127, 1.3672256779999978], [0.554816065, 1.3737511410000005], [0.638100178, 1.4164741539999963], [0.554917754, 1.3747904910000002], [0.552907565, 1.3482045540000023], [0.553000379, 1.3560242030000005]], "18": [[1.011921951, 1.1406424420000012], [1.005401419, 1.1338814110000004], [1.003860826, 1.1273043559999993], [1.008531107, 1.1248311350000002], [1.003356621, 1.129979318], [1.004004747, 1.1201109750000007], [1.011924091, 1.1345938489999994], [1.00399692, 1.1314155560000003], [1.008246774, 1.1338681990000006], [1.006475087, 1.1412281419999992]], "19": [[1.124181446, 6.539448275000003], [1.12207628, 6.544873464000001], [1.129552708, 6.551202039000005], [1.124434851, 6.545279146999997], [1.120856563, 6.540468883000011], [1.122109927, 6.555866872999994], [1.129831365, 6.541145244999993], [1.12031766, 6.5439330100000035], [1.143230702, 6.548719678999997], [1.12553567, 6.554134935999997]], "20": [[0.287331156, 0.772076665], [0.290772227, 0.7758880170000009], [0.28630201, 0.7717504350000001], [0.28834085, 0.7721141670000006], [0.287493642, 0.7807023650000007], [0.288592025, 0.783640611], [0.285462142, 0.772463973000002], [0.300220776, 0.7739988760000015], [0.28670592, 0.7735476599999997], [0.289567429, 0.7786603399999991]], "21": [[1.944044764, 1.5925790550000034], [1.953691734, 1.6578520000000059], [1.952756884, 1.6114407680000111], [1.939907817, 1.6050560410000092], [1.994793517, 1.6349960040000022], [2.005518322, 1.6150417700000044], [2.001742852, 1.6038919340000004], [1.955886102, 1.608875659000004], [1.950189521, 1.6141817040000062], [1.985953952, 1.6085745870000039]]}