{"1": [[0.309657525, 3.9138552730000002], [0.310864425, 3.9153585079999997], [0.304304936, 3.8693983880000027], [0.421898241, 3.944975893000001], [0.307311, 3.8673217149999997], [0.310693424, 3.927712391000001], [0.309478602, 3.9014233190000014], [0.306452269, 3.8789372039999996], [0.31382096, 3.916553013], [0.304863131, 3.868381205]], "3": [[0.163335917, 1.1833490429999998], [0.156676657, 1.1419472929999999], [0.157927432, 1.14365469], [0.16035514, 1.1724776260000003], [0.158723502, 1.170347085], [0.161834803, 1.19683324], [0.158145418, 1.1656771699999997], [0.157876253, 1.150256758], [0.158788299, 1.170059898], [0.188735747, 1.2310720389999994]], "4": [[0.124641069, 0.5866843319999999], [0.125431292, 0.5879664390000002], [0.124833037, 0.6094917689999998], [0.125842612, 0.594234461], [0.126361575, 0.605821425], [0.129692307, 0.6074084580000001], [0.12628276, 0.6043397970000002], [0.13042766, 0.6072672700000001], [0.126803614, 0.604052718], [0.124285629, 0.584004141]], "5": [[0.168695267, 1.1888786609999995], [0.161267845, 1.186814484], [0.161164159, 1.190113321], [0.165357928, 1.2139851540000004], [0.163284655, 1.2205205559999999], [0.160693135, 1.1913155360000003], [0.16500612, 1.2078408739999995], [0.164758041, 1.2274845820000002], [0.16616158, 1.248214887], [0.161249419, 1.1935474889999997]], "6": [[0.077125939, 1.2237830399999998], [0.080309141, 1.2014275270000003], [0.121057579, 1.2681718460000002], [0.076393312, 1.1998548040000003], [0.07816412, 1.2359087080000004], [0.07743683, 1.231901531], [0.077791347, 1.197873762], [0.076825272, 1.2229332130000001], [0.079654768, 1.2226990749999997], [0.076836994, 1.217554506]], "7": [[0.164779594, 1.2547476159999997], [0.16906586, 1.326954373], [0.16349602, 1.258138118], [0.171676437, 1.3088431499999997], [0.213383991, 1.2962684950000003], [0.169761343, 1.3383209399999996], [0.16481963, 1.2778397119999998], [0.16919926, 1.308163904], [0.217383108, 1.3673662389999997], [0.213324768, 1.2978609759999993]], "8": [[0.173363556, 1.3674517240000001], [0.173120915, 1.3382418010000001], [0.210149074, 1.2905965260000003], [0.166560069, 1.2481044400000003], [0.166122742, 1.2500453119999992], [0.16749418, 1.281158127], [0.173403607, 1.3358347369999994], [0.171289692, 1.3311749790000005], [0.169226005, 1.2841586600000003], [0.166614505, 1.2610144460000001]], "9": [[0.610405753, 1.7326718940000003], [0.611649552, 1.690772808], [0.607502516, 1.67846173], [0.608570116, 1.6791506159999996], [0.619325532, 1.7053850349999993], [0.607758279, 1.6706428719999995], [0.607609478, 1.672423187], [0.613674968, 1.7170860529999992], [0.605915989, 1.6706944239999992], [0.629897791, 1.7052182550000001]], "10": [[0.277415329, 2.233956095999999], [0.329248845, 2.237867498000001], [0.270513065, 2.2044108890000005], [0.275058302, 2.253902734999999], [0.270561897, 2.192596769], [0.270942356, 2.199564279], [0.271964128, 2.2073486040000008], [0.275576586, 2.260327930999999], [0.326237263, 2.2539712740000004], [0.273195104, 2.2402354000000004]], "12": [[0.173501733, 3.1167853159999988], [0.179876823, 3.1729934269999998], [0.178491517, 3.179867723999999], [0.173602255, 3.1177831320000005], [0.173832718, 3.1266374310000002], [0.180581898, 3.302070433000001], [0.227658062, 3.2490799139999993], [0.174375077, 3.141460349999999], [0.179537983, 3.192045219000001], [0.178063797, 3.158537035000001]], "14": [[0.109027097, 1.081058152], [0.108989413, 1.120218558], [0.114929605, 1.158840935], [0.109381686, 1.1237823649999998], [0.112075898, 1.1016760420000002], [0.114555219, 1.157837132], [0.111001861, 1.1568837029999999], [0.112094946, 1.1222503739999998], [0.108682906, 1.1186193660000003], [0.108559177, 1.1106135909999997]], "15": [[0.092419451, 1.1450648290000003], [0.092805922, 1.1580897109999997], [0.089625194, 1.1163620239999998], [0.09347953, 1.1693355470000002], [0.089446401, 1.1122118209999998], [0.093309437, 1.1595107440000003], [0.092491741, 1.1482292989999998], [0.093290551, 1.1534013309999998], [0.093044462, 1.131571739], [0.093496609, 1.1569050210000003]], "17": [[0.215524341, 1.5977129020000007], [0.164097507, 1.5006274400000001], [0.165140657, 1.5264677260000004], [0.17692796, 1.5030134289999997], [0.256635627, 1.5553721459999994], [0.171212841, 1.5350708379999998], [0.168468308, 1.5430739150000004], [0.16653274, 1.497785704], [0.164868149, 1.5255871350000003], [0.182435841, 1.585076467]], "18": [[0.327663701, 1.285158056], [0.332503856, 1.2927809250000002], [0.407291854, 1.343264649], [0.35401606, 1.2987634650000002], [0.328884648, 1.294562445], [0.335804765, 1.3019120640000001], [0.321425066, 1.315009079], [0.325587603, 1.3240247059999999], [0.331991101, 1.3085482170000007], [0.377908057, 1.3025216450000001]], "19": [[0.341739757, 7.103552838000001], [0.338815529, 7.074134606999998], [0.338501065, 7.076121030999996], [0.33661555, 7.058052398000001], [0.339036278, 7.062256355000005], [0.337725561, 7.072417569999996], [0.33909234, 7.070943031000001], [0.339198794, 7.0762890359999995], [0.396846169, 7.203050222], [0.33980331, 7.097149301000002]], "20": [[0.111133951, 0.946263002], [0.111218031, 0.9472890640000007], [0.110293113, 0.9349197639999999], [0.11544998, 0.9973588089999997], [0.109792995, 0.9124454030000003], [0.11097565, 0.9638329390000001], [0.130994488, 0.9644190460000004], [0.140380514, 1.0120325599999995], [0.144785998, 0.9873574399999997], [0.115183124, 0.9794013469999999]], "21": [[1.193644451, 1.9028871729999999], [1.31200684, 1.9323698489999999], [1.196918061, 1.8939146199999994], [1.212646263, 1.9123177980000006], [1.259510691, 1.8997698230000006], [1.203301533, 1.9510316269999999], [1.21530292, 1.8910645719999999], [1.229948537, 1.8633865740000006], [1.353113085, 2.064441937], [1.207380165, 1.8996318559999998]]}