{"1": [[4.592136969, 3.6105159870000048], [4.606417808, 3.5980134849999827], [4.609396646, 3.5968409790000164], [4.621090268, 3.6165697449999943], [4.617400276, 3.6115537529999706], [4.552661511, 3.5991786609999874], [4.577171003, 3.6076756279999964], [4.619377321, 3.596145166999996], [4.605032314, 3.604445421999993], [4.570955446, 3.6036231159999974]], "3": [[1.370166547, 0.9503743329999834], [1.37261274, 0.9522057339999845], [1.371301457, 0.9533697229999807], [1.397839606, 0.9480477719999622], [1.370986536, 0.9503301079999317], [1.371872856, 0.9526213369999479], [1.388393738, 0.9545598239999615], [1.360785464, 0.9435081239999821], [1.370390527, 0.9534844309999555], [1.372907876, 0.952001159999998]], "4": [[1.036268173, 0.4819861160000001], [1.034807677, 0.48258139500002073], [1.040357604, 0.4856296180000131], [1.043730339, 0.48725146200000197], [1.037551506, 0.48717072799998673], [1.063494025, 0.4945976849999497], [1.042597703, 0.48132056100001364], [1.049441693, 0.4818625580000069], [1.0485608, 0.48905057400003726], [1.035739288, 0.48243949300003247]], "5": [[1.540800625, 0.9780479799999714], [1.522009119, 0.9688111059999887], [1.526263808, 0.9764547920000013], [1.520939769, 0.9774960689999885], [1.516191071, 0.9761681549999726], [1.505932033, 0.9674668429999393], [1.537929099, 0.9844300859999806], [1.524071337, 0.9718204310000136], [1.507133753, 0.9728555350000325], [1.513450738, 0.9720736550000062]], "6": [[1.039565181, 1.0601600189999885], [1.049627087, 1.0779346559999656], [1.032975127, 1.0543807259999989], [1.044078743, 1.0697972350000093], [1.042928581, 1.0679254049999567], [1.044974145, 1.0703992270000136], [1.037102605, 1.0596354449999923], [1.03287043, 1.054985099000017], [1.038206357, 1.0585546020000074], [1.040792774, 1.0678261389999757]], "7": [[1.790384727, 1.0580440250000287], [1.776502573, 1.0477324320000339], [1.792926859, 1.0479714510000013], [1.803492937, 1.075124080000018], [1.814779857, 1.0751046779999789], [1.77447926, 1.0469848830000656], [1.791214724, 1.0636940960000363], [1.789343019, 1.063876074999993], [1.780048539, 1.0549899460000618], [1.777518478, 1.051494215999992]], "8": [[1.630800792, 1.0554688110000445], [1.639765981, 1.0597638850000708], [1.632970428, 1.0566074879999747], [1.644924235, 1.0649065800000685], [1.645079059, 1.0698233030000004], [1.637664418, 1.06450412900008], [1.637325129, 1.0638976340000366], [1.636095777, 1.0565381940000393], [1.635019519, 1.0541984860000078], [1.664962617, 1.070106737000049]], "9": [[4.744481494, 1.3818510769999925], [4.73977247, 1.3766870409999936], [4.696087173, 1.3559243880000018], [4.709197609, 1.3605984990000082], [4.76446921, 1.3791426729999978], [4.725504095, 1.3694189490000261], [4.721582854, 1.3644836000000145], [4.736115503, 1.3674978429999967], [4.780945166, 1.3817312220000093], [4.785232491, 1.3746790390000037]], "10": [[2.591273065, 2.018775848000004], [2.598198961, 2.0147674060000176], [2.602287182, 2.011087032000012], [2.5793468, 2.0118645760000113], [2.575312731, 2.011302503000015], [2.592381519, 2.0120431500000024], [2.598647916, 2.0209084640000015], [2.57832286, 2.0068899019999953], [2.574399207, 2.0038636750000136], [2.566016081, 2.0024867770000156]], "12": [[2.129691899, 2.9154575889999945], [2.13637846, 2.9197921679999963], [2.135040562, 2.9267025280000136], [2.120293586, 2.902367407000014], [2.121591143, 2.8906125560000033], [2.203367239, 3.0585824240000066], [2.101595516, 2.8886034660000064], [2.114095102, 2.8916139750000136], [1.624716785, 1.8864221330000055], [2.107999503, 2.8863511490000153]], "14": [[0.954450734, 0.911215701000005], [0.9519085, 0.9096630840000557], [0.962551852, 0.9258543960000176], [0.959872758, 0.9207466430000126], [0.960818648, 0.9239249789999855], [0.959115975, 0.918594539000044], [0.961083643, 0.9240348460000168], [0.95142677, 0.9081884970000202], [0.956098979, 0.9132180390000462], [0.958782156, 0.9160386330000367]], "15": [[0.821081646, 0.9113266979999906], [0.826024842, 0.9212668719999793], [0.815040488, 0.9044488770000016], [0.824171822, 0.9194220600000171], [0.817163619, 0.9074401239999987], [0.836455813, 0.9302249429999814], [0.825720732, 0.9201798499999896], [0.814898443, 0.906379925999999], [0.822803393, 0.919660799999978], [0.828314681, 0.9221262009999902]], "17": [[2.122391225, 1.2795277430000347], [2.128322802, 1.33445940799994], [2.09512282, 1.2658124079999693], [2.130582542, 1.3266719310000072], [2.147537527, 1.327990747999992], [2.101158775, 1.2860599969999909], [2.105920911, 1.2797275520000242], [2.150635905, 1.3437774959999471], [2.138439381, 1.32618536600005], [2.127191155, 1.2768049729999982]], "18": [[5.285322249, 1.0618099109999992], [5.447928346, 1.1389793540000013], [5.367981012, 1.1268927280000465], [5.346138203, 1.0777471270000225], [5.386530862, 1.1186822640000162], [5.344298759, 1.0690391530000012], [5.350687581, 1.115044361000023], [5.34841446, 1.1131657179999936], [5.362461662, 1.0675979420000559], [5.389420112, 1.1263754920000273]], "19": [[4.312509188, 6.4902535109999695], [4.311279364, 6.489200036000016], [4.30598905, 6.48800531500001], [4.294501849, 6.490337145999998], [4.307069809, 6.48603210199999], [4.361440214, 6.511364083000016], [4.319817625, 6.513413837999996], [4.310966953, 6.486533144999978], [4.298308158, 6.473022788999987], [4.332121725, 6.5075606169999665]], "20": [[1.053287375, 0.7590763289999856], [1.048082002, 0.7514473729999676], [1.044339025, 0.7529663820000081], [1.044965892, 0.7495025839999998], [1.055089041, 0.7577915089999859], [1.049374266, 0.7535450059999824], [1.055926626, 0.7581569270000004], [1.05904651, 0.7631368869999757], [1.053747981, 0.7607507119999943], [1.060700324, 0.7607739989999824]], "21": [[6.042447239, 1.5118662270000374], [6.081848737, 1.520117103000104], [6.069117142, 1.5250451830000469], [6.208719683, 1.560326815000015], [6.096764373, 1.5362140160000897], [6.122606087, 1.5439195320000074], [6.063364959, 1.4893436379999514], [6.099804939, 1.5388245529999787], [6.101119512, 1.5539449419999611], [6.116755082, 1.5351531870000605]]}