{"1": [[9.101545127, 3.5987565439999702], [8.980681652, 3.6049800029999637], [9.091771119, 3.6089359089999844], [8.990551595, 3.5927421040000915], [8.983747838, 3.5945765870000317], [9.044703264, 3.593978625000128], [8.93536286, 3.583272315999935], [9.011861827, 3.5986363629999274], [9.107485351, 3.6101265499999733], [9.030548651, 3.5941644509999464]], "3": [[2.665840282, 0.9710955949998349], [2.699084048, 0.9621380809998942], [2.705779015, 0.9655710859999727], [2.653108095, 0.9526271029999079], [2.667438636, 0.9684930529998268], [2.640398771, 0.9586404839998455], [2.647579547, 0.9598292229999034], [2.687845188, 0.958068381999909], [2.662646211, 0.9561796629999704], [2.659340068, 0.9628367589998277]], "4": [[2.021116389, 0.5018832000000927], [1.999802546, 0.4972858129999898], [1.999401873, 0.49955949199999544], [2.057552245, 0.49603959199994624], [2.010905806, 0.5028768380000112], [1.981644564, 0.49851099800004955], [2.013364068, 0.5015092100000715], [1.999086027, 0.5001693769999898], [2.011584507, 0.49353892299997676], [1.973236556, 0.4856569550000065]], "5": [[2.949903216, 0.9840241879999619], [2.991458014, 0.9970156990000473], [2.948157646, 0.9893404279998498], [2.941975839, 0.9860191129998257], [2.928574346, 0.9862774160000972], [2.94793301, 0.985861652999839], [2.970904105, 0.9813160990002228], [2.96473674, 0.9949815039999704], [2.917134121, 0.981682278999932], [2.946123779, 0.9892743279998828]], "6": [[2.085410561, 1.074441764999822], [2.082209943, 1.0739438920000388], [2.065052162, 1.0612057029999418], [2.082635659, 1.062558884999936], [2.082737332, 1.0769292509999275], [2.076496981, 1.0663695919999203], [2.089585946, 1.0801328239997614], [2.063357508, 1.0601307719999296], [2.070269358, 1.0626271529997935], [2.076882198, 1.0724683729999618]], "7": [[3.51191491, 1.0660944990000956], [3.527488487, 1.0656014390001516], [3.535403904, 1.0766651230000779], [3.517869666, 1.070666149000078], [3.56003244, 1.0805909749998508], [3.544114536, 1.081387252000174], [3.527416637, 1.0703995160002122], [3.551495632, 1.0741600240001123], [3.51178479, 1.0695773580001404], [3.550052936, 1.089811594000145]], "8": [[3.221977209, 1.0694255210001675], [3.193016155, 1.0726000310000374], [3.228459376, 1.0765010380001512], [3.234631624, 1.0887522230000166], [3.241115233, 1.080891430999943], [3.235588414, 1.0763180960003025], [3.236145767, 1.080766390000109], [3.206125526, 1.0733332220001994], [3.249891097, 1.0741084120002193], [3.245195857, 1.0899482039998716]], "9": [[8.968333491, 1.3827143440000003], [8.984792288, 1.3892406449999561], [8.977906234, 1.3948059349999913], [8.942398293, 1.388897100999955], [9.079329277, 1.4015329769999612], [9.037385944, 1.3968566730000016], [8.969968585, 1.3895398839999833], [9.018513937, 1.390977911999972], [9.026026479, 1.4040911049999938], [9.038283468, 1.378637102999912]], "10": [[4.93429158, 2.0190024359999525], [4.952429861, 2.0346470339999754], [4.930791081, 2.02194696999997], [4.91648622, 2.008797064000016], [4.95388845, 2.028062450999966], [4.976983161, 2.0162192139999546], [4.938440978, 2.021198403999947], [4.926546796, 2.0212814369999763], [4.93033895, 2.0228571599999423], [4.981453914, 2.040931915999969]], "12": [[4.176212142, 2.9067443960000383], [4.149054382, 2.8783766430000224], [3.135324663, 1.85640457000001], [4.161763875, 2.8824003419999937], [4.176743251, 2.8890541419999853], [4.187856815, 2.8894999470000307], [3.159814947, 1.8696512749999852], [4.157704816, 2.8961533739999865], [4.158679161, 2.8819555310000244], [4.148028018, 2.8821944620000117]], "14": [[1.896493216, 0.9436101270002196], [1.875032258, 0.92669805600023], [1.893399111, 0.9347591490002463], [1.878789909, 0.9264522690001481], [1.91210515, 0.9557127460001721], [1.895749449, 0.9380643820000735], [1.898681734, 0.9467775360002174], [1.893576411, 0.9354760410001861], [1.891821039, 0.9391322880002269], [1.888332845, 0.935513197000108]], "15": [[1.602764726, 0.9309465709999251], [1.596219334, 0.9241398249998621], [1.587614246, 0.9151309959998671], [1.584970715, 0.9136360019999573], [1.594411268, 0.9206445739999868], [1.590932868, 0.9204342830000259], [1.626308455, 0.9485582419999347], [1.595292204, 0.9215931259998658], [1.589093383, 0.9178704410000021], [1.595384883, 0.922993332999874]], "17": [[4.219138432, 1.2722120400000865], [4.21693019, 1.2694089520000913], [4.184517462, 1.2750676640001242], [4.171448273, 1.2604967480001368], [4.187642846, 1.2667189230000497], [4.213948811, 1.274317629000211], [4.214622226, 1.2739728920001419], [4.19127979, 1.2604377040000356], [4.207786154, 1.2805386649998978], [4.183859921, 1.2695217470001205]], "18": [[8.813459945, 1.0595455129999993], [8.79752199, 1.05925179400003], [8.75254007, 1.053251881000028], [8.767838626, 1.0561597760000256], [8.778771025, 1.0565249989999936], [8.760856164, 1.0612602859999813], [8.733238601, 1.0500464469999746], [8.776900037, 1.0652122799999648], [8.819285938, 1.062066318000078], [8.750545248, 1.055811661000034]], "19": [[8.526629961, 6.481120480000001], [8.525201645, 6.47787557000004], [8.533075996, 6.482319633999942], [8.581646523, 6.507147114999995], [8.570111607, 6.505430631999972], [5.826424373, 3.7838693800000427], [8.532521772, 6.496753186000072], [8.532419863, 6.496760362999967], [8.52875978, 6.487805335000056], [8.515963066, 6.468638730000032]], "20": [[2.116975139, 0.7917580679998891], [2.08142114, 0.767017969999886], [2.07694499, 0.7670590479998519], [2.07916641, 0.7646271560001061], [2.063582844, 0.7624622139999114], [2.092783286, 0.7781231220001467], [2.105983527, 0.7687266969998715], [2.07023918, 0.7669288149998034], [2.073375674, 0.7636890739998528], [2.068588136, 0.7594966479998617]], "21": [[11.824612869, 1.4861508500000213], [11.775520263, 1.4619816620000972], [11.740887679, 1.4564240849999828], [11.811238902, 1.4748329969999774], [11.866312119, 1.478440295999878], [11.744330635, 1.4531745199999995], [11.855087951, 1.4929004789998679], [11.748674357, 1.4524935379998773], [11.828494973, 1.4711435689999068], [11.803666653, 1.4697996139998648]]}