{"1": [[0.248092832, 6.130773996999997], [0.250573159, 6.169626795999998], [0.248107544, 6.2101594129999995], [0.248743303, 6.176271284], [0.251839054, 6.187794655000001], [0.247411092, 6.153190565000002], [0.251055, 6.052743846], [0.251220474, 6.169162475999999], [0.25026872, 6.181740422000001], [0.247154569, 6.084077504999996]], "3": [[0.12809746, 2.369291981000001], [0.149906772, 2.3668161080000005], [0.128548127, 2.435275164], [0.128776066, 2.437730254], [0.12782745, 2.3985807730000004], [0.127623243, 2.3561875559999996], [0.127666251, 2.400050596], [0.133082007, 2.332312920999999], [0.127915216, 2.4384809509999994], [0.126494723, 2.351303549999999]], "4": [[0.103118276, 1.173914455], [0.110038969, 1.1910026650000005], [0.117338187, 1.1887844519999997], [0.102123091, 1.1590883829999996], [0.098736322, 1.2149550810000005], [0.104834843, 1.182255175], [0.116413167, 1.1921181969999999], [0.119742777, 1.1992907109999997], [0.101669472, 1.207835203], [0.100262924, 1.2116608950000003]], "5": [[0.154114367, 2.3511482309999985], [0.145544446, 2.339445924000001], [0.14652131, 2.293320564], [0.146966203, 2.3557134290000006], [0.155227188, 2.3704893130000007], [0.146659684, 2.3809805770000008], [0.146825605, 2.283809479000001], [0.146827373, 2.3350694810000006], [0.15299702, 2.2789580130000004], [0.146312141, 2.376791407000001]], "6": [[0.078618237, 2.6902216770000007], [0.078279607, 2.657734114], [0.079487572, 2.7082845609999993], [0.079120442, 2.7129838099999994], [0.078306574, 2.6695315170000002], [0.078824095, 2.696436673], [0.078262542, 2.6257926069999997], [0.078521088, 2.647826757999999], [0.078458639, 2.6205064460000003], [0.077718693, 2.656786979]], "7": [[0.13428489, 2.590338684000001], [0.134059073, 2.7161925309999986], [0.134811614, 2.632045453], [0.134868897, 2.637961252], [0.154395202, 2.6532994579999998], [0.134141443, 2.6267900850000006], [0.131873219, 2.591891478], [0.132930434, 2.646099146], [0.135107613, 2.643915196], [0.134297921, 2.649097438]], "8": [[0.155092773, 2.5003138140000005], [0.155164474, 2.5924311979999994], [0.158982513, 2.612687465000001], [0.157101625, 2.554648068999999], [0.156773949, 2.5596304339999993], [0.153894075, 2.524602263], [0.154745515, 2.556424361], [0.153238561, 2.528479467], [0.155584788, 2.5812575169999996], [0.154981708, 2.557804456]], "9": [[0.537661791, 3.1987517309999993], [0.547204575, 3.1497113910000003], [0.539554616, 3.147014087], [0.540964797, 3.2131761029999986], [0.548613652, 3.198492377], [0.541163296, 3.103423292], [0.541975907, 3.2080648080000005], [0.540456342, 3.1758718940000006], [0.544042436, 3.218324858], [0.542747086, 3.1832519640000014]], "10": [[0.224717898, 3.591659057], [0.243910625, 3.6392000819999994], [0.234788551, 3.6876280379999984], [0.246884256, 3.625917515000001], [0.248765365, 3.579823329], [0.23318632, 3.5830370040000004], [0.229652481, 3.58224402], [0.243325497, 3.5869999519999993], [0.247103631, 3.6388387769999992], [0.235483599, 3.564597307]], "12": [[0.149768843, 5.1771685489999975], [0.149776435, 5.129892389], [0.151111106, 5.1854534910000005], [0.150019152, 5.147753914000002], [0.151189783, 5.2193715450000004], [0.150714419, 5.253181379999999], [0.150281052, 5.247465115999999], [0.14928055, 5.209574948000001], [0.150523747, 5.228022014], [0.153085778, 5.180353966]], "14": [[0.087642152, 2.4941862569999995], [0.08779575, 2.4549773649999995], [0.087080181, 2.4542468820000014], [0.086368083, 2.377228806999999], [0.085577839, 2.3497478470000006], [0.087896998, 2.4106934730000007], [0.086403503, 2.4299768790000003], [0.086938344, 2.39391176], [0.087240043, 2.3936625809999996], [0.0849607, 2.3142836890000007]], "15": [[0.098463808, 2.377231967], [0.091515275, 2.4028058569999997], [0.098053435, 2.3769323609999997], [0.090328903, 2.352098571], [0.092376967, 2.3441721549999994], [0.097264043, 2.3731407379999996], [0.090189731, 2.363605287999999], [0.096297981, 2.321272434000001], [0.090427349, 2.2721792940000016], [0.097442628, 2.3754398720000003]], "17": [[0.162826549, 2.969985733999999], [0.161454946, 2.993520255999999], [0.162394227, 3.000775247], [0.166550138, 2.9930567480000008], [0.164422268, 2.9368300510000003], [0.161430113, 2.9602749729999993], [0.165950976, 2.8430965959999996], [0.161866573, 2.933525353], [0.161883041, 2.972861859999999], [0.16129399, 2.9956172679999993]], "18": [[0.325664198, 2.4284556979999996], [0.343594906, 2.442697105], [0.297526294, 2.319402075], [0.302892833, 2.392882943000001], [0.314751184, 2.2857424920000002], [0.312502477, 2.448513577], [0.316606352, 2.37688932], [0.312710497, 2.4316853930000004], [0.321270985, 2.4659508909999994], [0.295144433, 2.384095695]], "19": [[0.252444362, 10.809991187], [0.25141812, 10.784003622000002], [0.253593778, 10.872832400000004], [0.250226666, 10.837694780999996], [0.253344603, 10.870241916], [0.252242881, 10.810453790000004], [0.251629872, 10.827745856000003], [0.251474378, 10.853409764], [0.250097511, 10.864163989999996], [0.251850989, 10.858509543999997]], "20": [[0.110818646, 1.9402643139999998], [0.110597388, 1.8887420729999995], [0.113742809, 1.9686467110000003], [0.112989904, 1.9557325610000003], [0.115080632, 1.9975197130000002], [0.109933412, 1.9426421510000003], [0.108607233, 1.8116565559999995], [0.110432791, 1.9719209309999999], [0.110551374, 1.8990486169999994], [0.11144426, 1.9333477460000004]], "21": [[1.241344061, 4.059001752], [1.285906737, 3.7000546100000005], [1.276496206, 3.662037926], [1.247133634, 3.734077727], [1.285485297, 3.778406239999999], [1.256262333, 3.93265993], [1.275426029, 3.7262059480000005], [1.258942364, 3.7294984570000005], [1.293664668, 3.824913078], [1.260371296, 3.9260035980000003]]}