{"6": [[10.111841069, 4.158796511999998], [10.006735793, 4.187017485000002], [10.182522604, 4.172365319000006], [9.955632337, 4.164398652000003], [10.219593117, 4.199336080000007], [9.939088224, 4.168774492000006], [10.208944269, 4.156883397], [10.130845412, 4.162555081000002], [10.10693873, 4.163324266999995], [10.163412415, 4.178274596000007]], "11": [[3.427651173, 2.6967265020000006], [3.456011437, 2.716624734], [3.44452989, 2.6047904909999984], [3.407736875, 2.6093957299999997], [3.442198694, 2.5247907499999993], [3.458490568, 2.5238141710000015], [3.479903505, 2.7060739279999995], [3.435663923, 2.7068746250000033], [3.470508687, 2.7085849329999974], [3.517113934, 2.811684252999999]], "12": [[3.530353728, 2.529227593], [3.577889079, 2.7230698329999985], [3.505846154, 2.514080963], [3.529142759, 2.528784412999997], [3.567382303, 2.6957465210000042], [3.512820064, 2.6177552659999983], [3.544683188, 2.6982405280000012], [3.602037053, 2.6250838940000016], [3.567769834, 2.717091385999998], [3.55197737, 2.7169245549999985]], "13": [[6.555978569, 4.137245481999998], [6.539614384, 4.132968969000003], [6.575864344, 4.126383680999996], [6.581709144, 4.137706036999998], [6.539605675, 4.022385356000003], [6.552314069, 4.013326229999998], [6.459798297, 4.0117674480000005], [6.579887543, 4.024152765000004], [6.666335559, 4.248534833000001], [6.544704828, 4.133751938000001]], "14": [[8.285664358, 4.200113543999999], [8.386860944, 4.164524618000002], [8.24632284, 4.034679323999998], [8.371357721, 4.058360203000003], [8.257525659, 4.130308266999998], [8.253827574, 4.139835649999997], [8.226556416, 4.124091139999999], [8.290995631, 4.037658231999993], [8.287161679, 4.147431531999997], [8.263224688, 4.141885700999998]], "15": [[6.506544149, 3.884107624999995], [6.709331507, 4.134376393000004], [6.791412057, 4.124578755999998], [6.730171758, 4.0388600039999965], [6.753095851, 4.153116119999997], [6.742864227, 4.149201601000001], [6.708827638, 4.039134037000003], [6.735462285, 4.141742597000002], [6.756276912, 4.146942848], [6.690028927, 4.136395509000003]], "17": [[13.28521502, 3.3109763589999988], [13.231666352, 3.2866995270000015], [13.267414909, 3.273104246000001], [13.184740395, 3.2707367639999996], [13.270299172, 3.2849922170000063], [13.274309743, 3.2921031650000003], [13.209791834, 3.283150785000002], [13.246998124, 3.2878205510000003], [13.268417954, 3.2844892240000028], [13.211451633, 3.2805242250000024]], "18": [[12.794665097, 3.262828093999998], [12.883280859, 3.2846613469999992], [12.881489082, 3.2816379319999975], [12.7782658, 3.262674358000003], [13.003050128, 3.289348096999997], [12.882724236, 3.2813313020000043], [12.855763971, 3.2732776189999977], [12.963321495, 3.2865168170000008], [12.872278083, 3.2865475419999965], [12.795620188, 3.2619301479999985]], "19": [[17.921477623, 3.2979714019999977], [18.039411862, 3.294897383000003], [18.272349935, 3.313506979999996], [18.086743511, 3.3005280269999973], [18.107776341, 3.3000684380000047], [18.088570863, 3.292364485], [18.384221471, 3.3281744080000033], [18.210978757, 3.3122601080000016], [17.991799553, 3.297041069000003], [18.088804573, 3.2982803320000005]], "21": [[10.529480082, 11.049913320000005], [10.54788272, 11.06096527999999], [10.532971708, 11.055544988000001], [10.509271723, 10.872723209000018], [10.523693381, 11.052378112000017], [10.508121426, 11.017307843999983], [10.075121468, 10.577353870000014], [10.545281234, 11.062820604999986], [10.544626815, 11.079690416000012], [10.536711285, 11.044270675999996]], "22": [[9.501690125, 14.759696722000005], [9.547995951, 14.808890997000034], [9.511772301, 14.48936560899999], [9.518770016, 14.507701964000004], [9.506848146, 14.748192702999974], [9.529830381, 14.799062002999998], [9.623199113, 14.642957147000013], [9.557316481, 14.825386702000008], [9.500562317, 14.452092172], [9.539599191, 14.805094698000008]], "23": [[13.975503671, 22.701759236000008], [14.535882624, 23.200479064999993], [14.533509469, 23.253031973000013], [14.545077295, 22.657852144000003], [14.013913013, 22.63022340999998], [14.527264908, 23.21901358899997], [14.623893023, 22.82144179799998], [14.529104288, 22.598854699000018], [14.53796813, 23.238339384999996], [14.512718099, 22.616610524000006]], "24": [[31.344274203, 35.353700349], [31.308055473, 35.280737479], [30.29818054, 34.29532706499999], [31.313274698, 35.346438408], [30.306920936, 34.26749066099997], [31.34235438, 35.328654969999974], [31.307134415, 35.260408178], [31.243584267, 34.24931202799999], [30.50480524, 34.288726481999994], [31.326428812, 35.313111987000006]], "26": [[5.196935388, 3.931534742000001], [5.185426903, 4.148266378999999], [5.176199099, 4.036088904], [5.139015675, 4.018369621999997], [5.048619247, 3.8052525700000004], [5.214309477, 4.221727370999997], [5.210706113, 4.036501606000005], [5.036064426, 4.0048038289999965], [5.026320348, 4.0104520850000025], [5.151895476, 4.1449464219999985]], "27": [[5.224010682, 4.129865351], [5.334273276, 4.256862790000001], [5.220567969, 4.138086915999998], [5.317821885, 4.160641009999999], [5.25606733, 4.133367389999999], [5.231075736, 4.145331606999993], [5.209233545, 4.128476986000003], [5.243312235, 4.152959954000002], [5.258455028, 4.150203438000002], [5.284436203, 4.158581528000007]], "29": [[56.435952603, 9.587976711], [56.820625029, 9.596121037], [56.583076576, 9.561090286999999], [56.735425768, 9.854851754999999], [56.772492728, 9.826440216000009], [56.758145564, 9.831585983999998], [56.277739197, 9.556607030000002], [57.004010231, 9.630000411000001], [56.583553462, 9.816254855000013], [56.763176655, 9.60610491399999]], "31": [[5.974554562, 4.1150935260000026], [5.974811874, 4.115450485999999], [5.952691541, 4.105440948000002], [5.976655504, 4.003109412999997], [5.974675409, 4.116526806999995], [5.987548259, 4.121094355], [5.985428464, 4.104495925000006], [5.963045686, 4.109442485000001], [5.989414361, 4.009349899999998], [5.982967067, 4.105134409999995]], "32": [[6.682218879, 3.9104975759999996], [6.715991205, 4.113439502000001], [6.746396381, 4.1243919060000005], [6.749614636, 4.1306864410000035], [6.743323953, 4.1181969639999965], [6.703806243, 4.116276396999999], [6.74403412, 3.8880576309999997], [6.676738537, 4.105002210000007], [6.733502202, 4.125763139000005], [6.760255119, 4.107487891000002]], "33": [[21.942578752, 0.3715882150000006], [21.767425184, 0.3680944539999996], [21.917075875, 0.37322545200000007], [21.840100748, 0.370262667], [21.905095363, 0.3736882369999995], [22.022198177, 0.3788589730000002], [21.788030299, 0.3722728380000003], [21.89682915, 0.3743153019999998], [21.759739074, 0.3680056739999996], [21.78596137, 0.37049853399999944]], "34": [[19.620363834, 9.625124935000002], [18.600263393, 9.623784231999993], [19.607718014, 9.641750432], [19.492580085, 9.576826784999984], [19.477273628, 9.56974921000001], [19.625116791, 9.619799694000001], [19.611659267, 9.636923578000008], [19.501033526, 9.590724905000005], [18.480820091, 9.586490604999998], [19.610486799, 9.629083520999995]], "37": [[6.642048505, 9.469845001000005], [6.606208508, 9.429033558], [6.635289181, 9.435185113999996], [6.645661358, 9.465099558999999], [6.655354912, 9.442930439999998], [6.612491991, 9.435191782], [6.650977683, 9.449999388999988], [6.637210112, 9.450977639000008], [6.64879468, 9.469149212000016], [6.651623721, 9.444281068999993]], "38": [[4.538609021, 6.485746588], [4.382363633, 6.482863382000009], [4.403289141, 6.498308541999997], [4.543311542, 6.500227615], [4.562155866, 6.501675089000007], [4.382786711, 6.480119992000004], [4.540693162, 6.484569005999997], [4.401953464, 6.50365799700001], [4.52571032, 6.477715006000011], [4.401276564, 6.498716691]],