{"6": [[17.314369901, 2.9520648130000033], [17.393258895, 2.9746138750000046], [17.200719056, 2.9432088290000005], [17.294818253, 2.9527583610000026], [17.274977607, 2.947081401999993], [17.215470478, 2.946779248000001], [17.16011573, 2.945027650000002], [17.07189492, 2.938473472000003], [17.067336016, 2.936430248000004], [17.200037796, 2.9466250809999996]], "11": [[6.047611528, 2.140951569999998], [5.701133942, 1.7800314830000006], [6.060660624, 2.140874045999999], [5.842249831, 1.957058372999999], [6.01624233, 2.138971220999996], [5.934113472, 1.956090215000002], [6.034379071, 2.1370176070000007], [6.017561844, 2.1389002729999995], [6.047081907, 1.9610897239999963], [6.05609082, 2.1422781019999992]], "12": [[6.213467533, 2.1413382789999917], [6.496300397, 2.147574498999995], [6.185086084, 2.131451594999991], [6.337324924, 2.138228958], [6.184468003, 2.1388328759999946], [6.201381338, 2.1375478769999994], [6.327377952, 2.134779261999997], [6.317395562, 2.143849758999994], [6.079937201, 1.9516364240000001], [6.199425217, 2.134259197999997]], "13": [[10.744562871, 2.9260440260000036], [10.296896462, 2.688927934000005], [10.507910455, 2.914767344999997], [10.554761512, 2.918659938000004], [10.384297843, 2.7056576009999995], [10.542693912, 2.9182331], [10.664749098, 3.007262515000001], [10.479384734, 2.728254021999995], [10.58614245, 2.930448441999996], [10.539487511, 2.916224958000004]], "14": [[13.070982189, 2.9340282480000086], [13.027758626, 2.927966528999998], [12.961137053, 2.9268059550000065], [12.947438276, 2.923288461000001], [12.826286376, 2.716274253000001], [12.945098848, 2.917671030999995], [12.927360375, 2.9200645160000005], [13.139011117, 2.927574613000008], [12.836917951, 2.694261997999999], [12.934504409, 2.9196944350000034]], "15": [[10.805598384, 2.9249666369999994], [10.491537557, 2.472718202000002], [10.980869078, 2.924352697000005], [10.849860968, 2.9290821689999973], [10.821500084, 2.924628257000009], [10.996212419, 2.926848486000004], [10.878441709, 2.933379519999999], [10.926920734, 2.927815251000009], [10.820114387, 2.925546251000012], [10.836954159, 2.9259601470000027]], "17": [[22.986676387, 2.039134751], [23.3167132, 2.047167334], [23.253259576, 2.0627511350000023], [23.246204934, 2.0437874660000017], [23.087685196, 2.0425033510000024], [23.134190253, 2.0447790539999966], [23.044988392, 2.046312409999998], [23.091349734, 2.0387162340000016], [23.138355463, 2.0421806320000013], [22.965132473, 2.0332026850000027]], "18": [[22.487707632, 2.0394352440000008], [22.473605093, 2.0342782810000015], [22.533791728, 2.0462534180000045], [22.664387922, 2.048235550000003], [22.391600638, 2.0321548789999992], [22.552345017, 2.0410719900000016], [22.711043257, 2.048973353000001], [22.408146928, 2.0405685890000003], [22.507472623, 2.042903031000001], [22.367852254, 2.0319406199999968]], "19": [[32.815882726, 2.0573085470000003], [32.403695013, 2.0547573269999986], [32.783219978, 2.0568148619999995], [32.545075585, 2.0609243580000074], [32.564628791, 2.0490181980000015], [32.55339304, 2.0524454799999994], [32.495333161, 2.053108767999996], [32.327590647, 2.0527493900000002], [32.556321554, 2.057539126999999], [32.557407911, 2.052547535000001]], "21": [[13.724204748, 6.5718234629999746], [13.70083908, 6.5479587559999795], [13.711325198, 6.570914742], [13.674237757, 6.534684580999994], [13.701479225, 6.54368403400001], [13.719049848, 6.573894834999984], [13.258755053, 6.094332748000001], [13.709359631, 6.541841496999984], [13.357094132, 6.193566777999997], [13.358841958, 6.193044448000002]], "22": [[11.082022083, 9.23572926699999], [11.097842755, 9.247234180000001], [11.101976544, 9.238503054000004], [11.079767547, 9.226566036000007], [10.557046468, 8.696864811000006], [11.136017059, 9.272629442999989], [10.496928798, 8.62452325300002], [11.126353132, 9.281044648999998], [11.112763073, 9.25752425400001], [11.12888425, 9.27804635299999]], "23": [[17.436101935, 14.66855292899999], [17.458030806, 14.70353265999999], [17.400330271, 14.60802577999998], [17.423482971, 14.650354406999996], [17.55175707, 14.754172616999988], [17.453102158, 14.659705341999993], [16.27521632, 13.510538272999993], [16.38695967, 13.620456637999967], [16.384908971, 13.607853461000019], [17.443584515, 14.639359381000041]], "24": [[44.90256433, 22.53631821399997], [44.932520039, 22.57553922199994], [44.854821031, 22.562072522999998], [45.001759464, 22.65092795499997], [45.181302578, 22.727822857], [44.941282664, 22.60756385799997], [44.973570944, 22.586602796000008], [44.859451286, 22.572207477999985], [44.903890618, 22.57648034000004], [44.899265151, 22.585136477999985]], "26": [[7.976515412, 2.7010649080000055], [8.21439276, 2.923686736999999], [8.20961618, 2.9219683550000033], [8.217077048, 2.9219874440000035], [8.074062819, 2.7159775449999937], [8.125940661, 2.7099094040000096], [8.239471361, 2.9253532349999998], [8.216506504, 2.9207398410000036], [8.279997516, 2.9330986390000047], [8.293221732, 2.9437375900000053]], "27": [[8.49309128, 2.9189015359999977], [8.438588587, 2.929366983000002], [8.411330592, 2.933111500999998], [8.441336538, 2.9233643359999957], [8.404467413, 2.922714394000001], [8.592179017, 2.9337475699999915], [8.379498945, 2.924289682000004], [8.400173192, 2.924468460000006], [8.43683918, 2.931119668999999], [8.416758043, 2.9274678360000017]], "29": [[118.903527394, 5.662580860000006], [118.89641654, 6.0891168319999895], [119.934489571, 6.112619696000017], [119.07788556, 6.109412305999991], [119.054156918, 6.087053084000018], [118.916628459, 6.11391867599999], [118.978053959, 6.095116925999986], [119.052522072, 6.121621117999998], [118.070837631, 6.0878212250000185], [119.37602386, 6.100247144000012]], "31": [[9.667979393, 2.923290869999997], [9.628777995, 2.9178116680000086], [9.650047536, 2.9244611649999914], [9.63923912, 2.921191557000001], [9.425145012, 2.6704579290000012], [9.61391719, 2.922043398], [9.609965395, 2.9214570509999973], [9.190261567, 2.4639558420000034], [9.485018827, 2.695142550999998], [9.655639622, 2.927937567]], "32": [[10.692875958, 2.9258077630000017], [10.653174742, 2.9182168169999976], [10.824723661, 2.9246775080000043], [10.78953463, 2.9222764359999975], [10.598274916, 2.9161380270000032], [10.746782801, 2.924362860000001], [10.653675794, 2.913597519000001], [10.594479667, 2.910758920000003], [10.42443144, 2.6843505269999963], [10.689845886, 2.92167612599999]], "33": [[32.772149442, 0.21878129899999915], [32.616030046, 0.2178396669999999], [32.576185249, 0.21711138999999988], [32.404469676, 0.2149970359999995], [32.857872522, 0.21899849400000015], [32.750873187, 0.21895557599999993], [32.735089091, 0.21799540799999964], [33.100641118, 0.22213936700000034], [32.789207834, 0.21839767799999882], [32.496299607, 0.21670962000000007]], "34": [[29.383670503, 5.0580971050000025], [29.337191218, 5.059146367999994], [29.433813689, 5.0659420410000084], [29.480602612, 5.061042169000019], [29.387091816, 5.044821562999995], [29.387204413, 5.0593902960000054], [29.40522083, 5.0623919700000135], [29.456553043, 5.064095272000007], [29.389848286, 5.075892874000004], [29.53780543, 5.085003435999995]], "37": [[6.771098378, 5.020474792000004], [6.68854798, 4.966409834], [6.742216852, 5.009808068000001], [6.674868993, 4.975740156000004], [6.696476325, 4.977283856999985], [6.723528111, 4.994911707000011], [6.736859949, 5.000288562000009], [6.728411646, 4.993360346999994], [6.729240102, 4.971911918000007], [6.690599406, 4.961447434000006]], "38": [[5.045047186, 3.4960225330000085], [5.065054508, 3.505789379000009], [5.04475451, 3.493686592], [5.086014205, 3.5163154810000004], [5.103545859, 3.510229405999998], [5.044594619, 3.496016887000007], [5.084257074, 3.516740274000001], [5.10281449, 3.517450829000002], [5.121224576, 3.5223422009999985], [5.069912353, 3.5108855700000006]],