{"1": [[13.964708729, 8.763922273000023], [13.952556932, 8.749446604], [13.988806958, 8.775722491999977], [14.145922311, 8.884195177000084], [14.020945244, 8.766294177999946], [14.038270831, 8.760324616999961], [13.977531401, 8.756637737999846], [13.994990386, 8.757965371000003], [14.060050622, 8.758225086999989], [14.01993745, 8.748765928999989]], "3": [[8.256784045, 6.693130870000007], [8.267784794, 6.711297173999938], [8.265245499, 6.7058951180000115], [8.261601685, 6.704822334000032], [8.25428567, 6.6968875329999165], [8.277246613, 6.7147096480001265], [8.276049852, 6.702258387000024], [8.276874189, 6.708747076999935], [8.257392283, 6.70042437300001], [8.292184002, 6.7136422270000065]], "4": [[6.552703095, 4.421496198999986], [6.545032179, 4.425110288999976], [6.544119347, 4.422396701999953], [6.543175984, 4.423552774000011], [6.534463834, 4.418783683999962], [6.579446247, 4.423803196999981], [6.545389706, 4.420892996000013], [6.545392471, 4.421508472000056], [6.527423337, 4.4200587639999425], [6.547185243, 4.422801001000005]], "5": [[6.7393927, 4.7370378619999896], [6.723291463, 4.732557215000029], [6.755264739, 4.740555057999999], [6.738423563, 4.73676659700001], [6.787213164, 4.741881700000014], [6.746186179, 4.742151999000004], [6.755345582, 4.738036057999951], [6.749628312, 4.738697041000013], [6.757325768, 4.7494558980000185], [6.78144267, 4.741010036999998]], "6": [[8.98980873, 8.936149315000078], [8.995724464, 8.94177598800006], [8.987527745, 8.933451608000043], [8.988782197, 8.935257501000137], [8.992118365, 8.938155916000051], [8.990941424, 8.936850331000018], [8.994252753, 8.940095756000035], [8.989205725, 8.93521095399998], [8.98096056, 8.927606885000014], [8.989113251, 8.934871369999984]], "7": [[9.321578706, 7.744443866999979], [9.318966747, 7.74134691999996], [9.311152655, 7.738238985000056], [9.332341663, 7.745552639000001], [9.326812171, 7.742329195000003], [9.34050315, 7.750238662000036], [9.332906393, 7.744222700999936], [9.318389128, 7.74264982200001], [9.325589561, 7.74289318399998], [9.331737863, 7.744887705999966]], "8": [[7.319643492, 5.12851284899996], [7.309149991, 5.133593761999991], [7.334416063, 5.133077836999952], [7.332188412, 5.141519595000058], [7.305789775, 5.128588795000062], [7.310968218, 5.124824468000031], [7.316652051, 5.129893547999945], [7.320498997, 5.129353852999992], [7.350269118, 5.145658305000013], [7.328730885, 5.1358751029999485]], "9": [[14.666298811, 6.982035701999994], [14.754022677, 6.986530945000005], [14.656250196, 6.9478243639999855], [14.724635924, 6.975348948000059], [14.689244143, 6.979298137000014], [14.733775019, 6.985552842000054], [14.611629375, 6.977525959999962], [14.690080539, 6.973739673000018], [14.679018812, 6.9667221470000165], [14.692395335, 6.984633322999932]], "10": [[9.627199449, 7.246079490000016], [9.654086441, 7.278584885999956], [9.652836618, 7.261626559999961], [9.651220781, 7.273255358999936], [9.630490632, 7.259057471000003], [9.663056596, 7.281286565999963], [9.63637897, 7.254476426000072], [9.63516886, 7.248974864999981], [9.665385328, 7.285587845999995], [9.647127201, 7.274630077000041]], "12": [[9.520601246, 8.570643723999934], [9.510358802, 8.566936486000019], [9.506727616, 8.563635945999978], [9.520897402, 8.564139950999987], [9.543263434, 8.595369583000007], [9.530281655, 8.576198127999978], [9.516214097, 8.57117877399996], [9.51475072, 8.568943264], [9.530120668, 8.574404625999968], [9.504868252, 8.566556270000044]], "14": [[6.867680044, 6.1376732269999525], [6.881831077, 6.154623287999982], [6.880270621, 6.153857739000023], [6.872469296, 6.1456469920000805], [6.874479982, 6.142874144000069], [6.866442775, 6.140670246000006], [6.881662463, 6.143341255999963], [6.885772321, 6.153494458000016], [6.880941855, 6.1503189009999675], [6.879412955, 6.153719397000009]], "15": [[5.696248753, 5.449799013999943], [5.69984854, 5.449474414999976], [5.701725397, 5.4507207580000285], [5.703801456, 5.453421511999941], [5.697220156, 5.448757690000002], [5.690974482, 5.444742038999934], [5.69840532, 5.449580320000043], [5.691975869, 5.4435831079999994], [5.694550035, 5.447403501999988], [5.691902389, 5.444256183999937]], "17": [[9.238184593, 6.262920905999996], [9.192631487, 6.2670757760000235], [9.23991721, 6.255558654000023], [9.178797042, 6.260719937000011], [9.25762587, 6.276371394000018], [9.236619577, 6.275115657999985], [9.263204163, 6.2622865699999934], [9.211830526, 6.262253318000047], [9.239673583, 6.272989334999966], [9.214965528, 6.2622100470000195]], "18": [[12.448919318, 4.688233534999977], [12.382278578, 4.680236919999992], [12.364615389, 4.696423432999995], [12.463663908, 4.690418377000003], [12.434934916, 4.688249317000026], [12.425717128, 4.687475108999993], [12.437402054, 4.694759197999997], [12.424843125, 4.691250038000018], [12.445265831, 4.674407558999999], [12.413599767, 4.676856286000029]], "19": [[11.234912667, 9.90266373200004], [11.22578817, 9.89897513800008], [11.231308608, 9.895769714999911], [11.274876273, 9.955688909999978], [11.255277039, 9.94075146400001], [11.2354614, 9.900049918999894], [11.263999563, 9.94677730599997], [11.237837713, 9.901518106000049], [11.221329599, 9.896234659000042], [11.285074979, 9.94603119800002]], "20": [[7.001887767, 6.101120778999904], [7.011811943, 6.09862470599997], [7.010136284, 6.103682340999984], [6.999802928, 6.101973082000029], [7.011649415, 6.105533185000048], [7.005907906, 6.101346281999987], [6.999786909, 6.0992221240000175], [7.004414291, 6.100977763000066], [7.004219892, 6.101920709999939], [7.008200131, 6.103180068000002]], "21": [[21.077127946, 10.970660361000043], [21.027200307, 10.962890786999989], [20.943615709, 10.948617111999987], [20.905069842, 10.922667637], [20.946315418, 10.94305259399999], [20.963014744, 10.937232817000009], [20.951148015, 10.948353165000054], [20.981273297, 10.961160874999969], [20.937198122, 10.944246457000002], [21.030308202, 10.948641335]]}