{"1": [[0.893061431, 8.815259828999999], [0.890367125, 8.814688513000004], [0.891696649, 8.817547469000006], [0.892680683, 8.815535722999996], [0.892219613, 8.820539627999999], [0.893962099, 8.819548332000009], [0.892887342, 8.824128349000002], [0.892628248, 8.821109188999998], [0.892815144, 8.824703991999996], [0.891625423, 8.815104237000005]], "3": [[0.582181446, 6.7446323139999995], [0.582663443, 6.7474647769999985], [0.582990069, 6.753224953999999], [0.580562981, 6.743821245], [0.581129171, 6.756409057000001], [0.583489353, 6.754740474999997], [0.583742615, 6.748251617], [0.580964263, 6.748604960999999], [0.582002709, 6.744954757999997], [0.58347457, 6.748961430000001]], "4": [[0.465491057, 4.428517935], [0.463273364, 4.426794444999997], [0.464597727, 4.427356839999998], [0.465390054, 4.427241187999999], [0.466160467, 4.429247176999999], [0.463185749, 4.424448499000003], [0.464375644, 4.429099084000001], [0.46395654, 4.429321932999999], [0.465085817, 4.431719940000001], [0.462864663, 4.4285142450000015]], "5": [[0.486106649, 4.800967095999999], [0.492887987, 4.802546540999999], [0.488235565, 4.804166258999997], [0.486599076, 4.8059154290000015], [0.486004499, 4.793080999000002], [0.487339597, 4.8031846530000015], [0.48550924, 4.8033596309999975], [0.484587139, 4.793668434000003], [0.486341405, 4.793782518999999], [0.486709356, 4.794489302999996]], "6": [[0.568673609, 8.980632988999997], [0.568858266, 8.983801662999996], [0.568988793, 8.987721337], [0.568459332, 8.983956095], [0.568760533, 8.981286430999996], [0.568069924, 8.979173923000003], [0.568183596, 8.982236237999999], [0.568486461, 8.977635601999998], [0.571266422, 8.986069058000002], [0.56809083, 8.975077399999998]], "7": [[0.633290385, 7.805628042000003], [0.631368679, 7.795028615999998], [0.630640194, 7.797531715000001], [0.632311438, 7.810583307999999], [0.631016489, 7.799130577999998], [0.632235953, 7.797490580999996], [0.630647898, 7.798702084], [0.631889101, 7.795021778999995], [0.62766439, 7.796149923000009], [0.630527085, 7.795910736]], "8": [[0.512138812, 5.186681142999996], [0.512178048, 5.183570386999998], [0.511359879, 5.182917535999999], [0.512268232, 5.179837516999997], [0.511698521, 5.187949578999998], [0.512230196, 5.185085328000001], [0.512732252, 5.185706900999997], [0.512626764, 5.179636244], [0.511587993, 5.183955046999995], [0.51106639, 5.188690622999998]], "9": [[1.186772944, 7.118603681], [1.185098378, 7.104758799000001], [1.189669775, 7.119357775999999], [1.189044311, 7.111302363000005], [1.206594012, 7.113451427], [1.20085534, 7.116975334000001], [1.201509664, 7.110743363000004], [1.195979018, 7.108484557], [1.198739852, 7.105241296999998], [1.190312971, 7.102458043000002]], "10": [[0.711158839, 7.298565001], [0.714337652, 7.309456026999999], [0.721531777, 7.36909915], [0.712223475, 7.306792217000004], [0.712639488, 7.289886258], [0.715495349, 7.3194806080000046], [0.711598189, 7.292724008999999], [0.712215962, 7.291795645999998], [0.713090318, 7.317816237999999], [0.715666654, 7.290400636999998]], "12": [[0.625214402, 8.609903661999997], [0.625365484, 8.607574508999997], [0.626856207, 8.615048722000001], [0.625162121, 8.608278656999998], [0.626134354, 8.609306402999998], [0.626394304, 8.613679225000002], [0.625192956, 8.611640599999998], [0.624605698, 8.603556991000001], [0.625374806, 8.613143827999998], [0.626508721, 8.613957725000002]], "14": [[0.474785643, 6.207577027000005], [0.475540086, 6.214762224999999], [0.473963518, 6.205272059000001], [0.477202991, 6.213130866], [0.475743408, 6.208719892000003], [0.476076128, 6.205631322999994], [0.475424343, 6.223523092000001], [0.474347406, 6.206486914000003], [0.473184695, 6.2170591779999995], [0.476171973, 6.208867987000001]], "15": [[0.393950072, 5.528374013000006], [0.392059135, 5.500584848], [0.392959749, 5.520185903000001], [0.391566606, 5.49831425], [0.391304779, 5.4993353309999975], [0.391409582, 5.497009706000004], [0.391390115, 5.497662213000004], [0.391993298, 5.501683997999997], [0.391842683, 5.502141275999999], [0.391368035, 5.495945906999999]], "17": [[0.597687573, 6.314217649000003], [0.595600628, 6.315450373999998], [0.598463579, 6.317754266999998], [0.606526929, 6.409456449], [0.598556244, 6.314709722999996], [0.597816972, 6.322787634000002], [0.59810856, 6.313708642], [0.595890027, 6.313189443000001], [0.597185376, 6.315274707999999], [0.595712461, 6.3135181729999985]], "18": [[0.769358665, 4.808637535999999], [0.771130337, 4.818855242], [0.769614375, 4.789149638000002], [0.769629906, 4.788291480000001], [0.771280727, 4.849422461999999], [0.771107576, 4.796311152], [0.761451777, 4.738991728999999], [0.761475645, 4.756728497], [0.769498867, 4.775147721999999], [0.76664866, 4.7804734369999995]], "19": [[0.778304148, 9.961643360999998], [0.781885562, 9.957000896999993], [0.782451193, 10.017110831], [0.787179305, 9.96230824300001], [0.780926771, 10.014875638999994], [0.777967881, 9.964114607999996], [0.782166743, 10.008420074999998], [0.779778694, 9.956316400000004], [0.780641874, 9.952355292999997], [0.780444908, 10.000744417000003]], "20": [[0.470514782, 6.128240526999998], [0.469000314, 6.134340589000001], [0.469669463, 6.1351304939999975], [0.470020862, 6.131639434999999], [0.469170852, 6.130889044999999], [0.468984813, 6.123258859000002], [0.470271652, 6.143879436999997], [0.470783215, 6.132651996999999], [0.470968167, 6.134874475999998], [0.467938077, 6.129095447000002]], "21": [[1.571505275, 11.049147966000007], [1.569514046, 11.005578438999999], [1.552557975, 10.910509275999997], [1.560060996, 10.968454357000002], [1.576198909, 10.973156882000001], [1.574496249, 10.974181446000001], [1.584016735, 11.065993056000007], [1.585893372, 10.978094126], [1.580479666, 11.060398677000006], [1.588238313, 10.967687731000009]]}