{"1": [[7.043817283, 8.787977027000013], [7.036555637, 8.77650694499993], [7.05393456, 8.771353197999971], [7.067944597, 8.789910907000007], [7.070523787, 8.77322001800004], [7.102930386, 8.83448685700004], [7.074729724, 8.776868640000032], [7.041458311, 8.779009324999997], [7.059511403, 8.77620492599998], [7.067994849, 8.783106544000049]], "3": [[4.181998691, 6.707150354999993], [4.189311681, 6.71796190899998], [4.178530679, 6.712901228000016], [4.183546776, 6.709435037000027], [4.189604758, 6.703870928000008], [4.1807657, 6.710295251999982], [4.174509846, 6.703792590000006], [4.182082836, 6.712785724999977], [4.189061555, 6.712876514000026], [4.192310394, 6.717904827000014]], "4": [[3.323383121, 4.413019468000026], [3.32276782, 4.419769898999988], [3.331397221, 4.4176958989999875], [3.32946475, 4.415882227000011], [3.338625648, 4.431331213999979], [3.330698194, 4.416118971999991], [3.32314385, 4.4154955440000165], [3.326118269, 4.415827809000021], [3.337000405, 4.41821176599998], [3.323287448, 4.416352785000017]], "5": [[3.409809833, 4.738492583000012], [3.42494977, 4.736314711000021], [3.40988317, 4.7256963500000015], [3.407829403, 4.732398684999998], [3.415541704, 4.726943344000014], [3.429651551, 4.736346015999982], [3.414315751, 4.7405599170000094], [3.419209178, 4.729293267000016], [3.406462155, 4.72657904800001], [3.412631828, 4.7343534499999835]], "6": [[4.505130855, 8.950617967999943], [4.499368275, 8.941069158000033], [4.499554853, 8.938224282000013], [4.504892002, 8.946601276000017], [4.504488954, 8.945887254999969], [4.500229963, 8.937067513999999], [4.502785623, 8.94646665700002], [4.506221014, 8.953098740000051], [4.505552078, 8.94595835899999], [4.505180936, 8.947834667999976]], "7": [[4.697619202, 7.745540888000012], [4.717026574, 7.761208297999971], [4.695322509, 7.743579983999986], [4.711608967, 7.743567435000016], [4.704208075, 7.760977205000007], [4.69507111, 7.738838634999997], [4.699378659, 7.741717001], [4.702934083, 7.748417519999978], [4.699312371, 7.749233967000022], [4.705312694, 7.748978742999991]], "8": [[3.683728141, 5.119719940999996], [3.689950996, 5.13121871399998], [3.697483088, 5.1249655339999745], [3.698991888, 5.131117562999982], [3.686699737, 5.12940633999999], [3.689005341, 5.124990057999995], [3.686241502, 5.1263512470000085], [3.685094244, 5.120811658999999], [3.686472946, 5.12783848499999], [3.687754535, 5.131981822999988]], "9": [[7.565488201, 6.948254183999969], [7.573171278, 6.969057544999977], [7.570448541, 6.956693459999969], [7.559305025, 6.993820935000025], [7.636236337, 6.991833939000012], [7.592384431, 6.986019550000041], [7.569759762, 6.984801114000022], [7.538635583, 6.948698458999971], [7.530875262, 6.952091619000028], [7.55866554, 6.9624073609999595]], "10": [[4.94899149, 7.288582971000009], [4.959179095, 7.265679809000005], [4.939551632, 7.283460215000025], [4.941386131, 7.259369758999978], [4.937556623, 7.26099444099998], [4.937144192, 7.259538165000009], [4.937501226, 7.261776165999985], [4.952434022, 7.262723504999971], [4.945435562, 7.257837690000006], [4.94403311, 7.270741246000009]], "12": [[4.78536729, 8.579551112999969], [4.783086718, 8.579897867000021], [4.796262091, 8.59506783500001], [4.77942495, 8.576783197999946], [4.78958705, 8.577451326000013], [4.795252189, 8.599153401000027], [4.787874097, 8.581082534999975], [4.775237477, 8.572940309999993], [4.784185897, 8.579385537000029], [4.792530629, 8.593687488000018]], "14": [[3.461848868, 6.1416325159999765], [3.459705095, 6.142120224000055], [3.461713425, 6.142629636999979], [3.466947736, 6.145988228999999], [3.463666871, 6.140168906999989], [3.485555247, 6.148849801999993], [3.463057465, 6.139729936000015], [3.462646524, 6.144327286999989], [3.464824578, 6.144011877000013], [3.475400486, 6.157715710999991]], "15": [[2.874095342, 5.4361056259999625], [2.876664671, 5.439491295999984], [2.88699779, 5.464376863000038], [2.888972377, 5.4670356669999975], [2.895012137, 5.478117382999951], [2.876394787, 5.4415477920000335], [2.87125422, 5.433301135999985], [2.873684947, 5.4368404889999855], [2.880130619, 5.448016984000001], [2.885439882, 5.458799904000019]], "17": [[4.611987164, 6.2644042799999955], [4.603611098, 6.263554712000017], [4.618646365, 6.272164717000001], [4.617722166, 6.270421472999995], [4.621154078, 6.251798901000019], [4.605839271, 6.257268801999988], [4.607625225, 6.255152313999988], [4.606528116, 6.255279936000002], [4.609173278, 6.257711091999999], [4.598276265, 6.257441732000007]], "18": [[7.157856591, 4.808569318999995], [7.15025655, 4.796306354000001], [7.17685806, 4.792458129999998], [7.189145244, 4.822633365000007], [7.194198154, 4.794628209000006], [7.183690692, 4.802862591999993], [7.187149625, 4.810267038000019], [7.202917301, 4.815812954000004], [7.199349893, 4.808680942000009], [7.155810327, 4.803650803000023]], "19": [[5.661114886, 9.89893367299996], [5.652756261, 9.907325442999943], [5.695454783, 9.964383211000008], [5.662221685, 9.914306588000052], [5.683275869, 9.961714192000017], [5.661515929, 9.920786225000011], [5.657055251, 9.903882411999962], [5.704905335, 9.981560840999963], [5.678616053, 9.954284193000033], [5.655990998, 9.909648491999896]], "20": [[3.510953712, 6.098589904000027], [3.509569986, 6.098344502000009], [3.511930243, 6.098327128999957], [3.514486548, 6.099775658000009], [3.506757792, 6.094674320000018], [3.513002539, 6.101920420000024], [3.502879211, 6.0911779129999815], [3.512242894, 6.099937243999999], [3.507997417, 6.0959864909999935], [3.514611981, 6.098828269000002]], "21": [[10.657653307, 10.908013058000023], [10.661629872, 10.908233163000006], [10.657370837, 10.900368311999987], [10.632342717, 10.893410276000015], [10.652569316, 10.902315467999975], [10.644695042, 10.912368455999994], [10.613121965, 10.896006666999979], [10.646688574, 10.89606977900001], [10.674816758, 10.895268050999995], [10.614517849, 10.889511548000032]]}