{"1": [[1.771717466, 8.76906778], [1.776635536, 8.775726451000002], [1.769496581, 8.78249357399999], [1.77421691, 8.768612475000005], [1.776688031, 8.779783105000005], [1.777913828, 8.773818940999996], [1.774316969, 8.778498425999997], [1.772156113, 8.772698015000005], [1.767613447, 8.781320445999995], [1.773585329, 8.777838249000004]], "3": [[1.098096143, 6.725011857000005], [1.096493772, 6.722411933999998], [1.098783612, 6.722488897000001], [1.0973017, 6.719489937], [1.096551024, 6.726495180999996], [1.098552502, 6.719612745000009], [1.099131198, 6.72342773399999], [1.096427381, 6.713335489999998], [1.099502494, 6.727107983999995], [1.097431719, 6.722286374999992]], "4": [[0.866128825, 4.4213373819999955], [0.867095546, 4.419536816000009], [0.865682483, 4.419649727000007], [0.868460174, 4.417546735000001], [0.868045796, 4.419965052000004], [0.881433876, 4.505684809999999], [0.865529306, 4.420147853999995], [0.865419022, 4.4188409370000015], [0.866222814, 4.420015669999999], [0.8694679, 4.420694680999998]], "5": [[0.904072493, 4.737490828999994], [0.905888168, 4.736708832000004], [0.912266064, 4.740376904999994], [0.904335378, 4.739429277000001], [0.903104288, 4.741080517999992], [0.904842287, 4.738015762000002], [0.903190986, 4.738982185999996], [0.902206304, 4.738385976000005], [0.911718303, 4.737564771999999], [0.903166648, 4.738009190000001]], "6": [[1.129042651, 8.946096861000003], [1.129055505, 8.950558589999998], [1.128408152, 8.945341879999994], [1.131184582, 8.950785543999995], [1.128870496, 8.948430272000001], [1.129612803, 8.950611921999993], [1.128779663, 8.949585839999992], [1.129587052, 8.950636744999995], [1.128880523, 8.949455372000006], [1.128690708, 8.944437948]], "7": [[1.208043429, 7.750399227999997], [1.208501937, 7.758141649999997], [1.209017701, 7.756578533999999], [1.209432577, 7.755537256999987], [1.209392432, 7.7534585070000075], [1.21035441, 7.761885195999997], [1.210488119, 7.754495989000003], [1.208462011, 7.753669954000002], [1.209073142, 7.75551263800001], [1.208266209, 7.757717686999996]], "8": [[0.961197951, 5.135209715000003], [0.959934361, 5.136629900000002], [0.961801049, 5.134432597999988], [0.960918486, 5.141559191999997], [0.960732218, 5.137897942999991], [0.961854982, 5.1362203760000025], [0.961782592, 5.133225958999996], [0.962819029, 5.141860234999998], [0.962579785, 5.139627837], [0.961348629, 5.135721872000007]], "9": [[2.148761247, 6.987810911000005], [2.143813644, 6.954804727999998], [2.144071298, 6.962324423], [2.143486573, 6.971818878000002], [2.14655366, 6.9719349670000055], [2.129857547, 6.977160239000007], [2.144735132, 6.963869825000004], [2.148642586, 6.95966205], [2.141514648, 6.940997741999989], [2.153202701, 6.990529868999999]], "10": [[1.297287362, 7.295628986000009], [1.290631684, 7.268723609999994], [1.300116175, 7.28554087], [1.30129818, 7.271798346000011], [1.291962133, 7.263290770000001], [1.296525675, 7.2778023990000005], [1.29338121, 7.272676016], [1.294393531, 7.271631845999998], [1.290794427, 7.262304386999998], [1.291030985, 7.267248350000008]], "12": [[1.215202269, 8.584964593000011], [1.235551827, 8.658258851000014], [1.21689618, 8.586828837000013], [1.215873093, 8.584490985000008], [1.215000583, 8.587678925999995], [1.215846548, 8.584648409000014], [1.216883418, 8.583782579999989], [1.216590506, 8.587997959999992], [1.216205067, 8.587528032000002], [1.216660504, 8.587490005999992]], "14": [[0.902658369, 6.1596059139999975], [0.902397113, 6.164795407000013], [0.899690158, 6.162733119], [0.898357974, 6.157799237], [0.903494954, 6.159994932000004], [0.904930456, 6.169342438999999], [0.900330562, 6.161847626999988], [0.900683796, 6.160531858999995], [0.901996443, 6.1708216590000085], [0.901836214, 6.155173136000004]], "15": [[0.76176056, 5.467460483000011], [0.760590421, 5.460734581999994], [0.761789125, 5.461614390000003], [0.760571268, 5.461656766999997], [0.76133314, 5.469442297], [0.761062571, 5.461258248000009], [0.759920135, 5.4597251679999985], [0.760635279, 5.465774903000003], [0.760655895, 5.461969003000004], [0.760802223, 5.4629807000000055]], "17": [[1.168595797, 6.279166063999998], [1.170605597, 6.283002210999994], [1.167566067, 6.283335574000004], [1.167214519, 6.277585451999999], [1.166127954, 6.279530430999998], [1.168509443, 6.283877981], [1.16782716, 6.2787456599999985], [1.167721855, 6.280151551000003], [1.166191723, 6.280545961000005], [1.168225947, 6.285138503000006]], "18": [[1.44953901, 4.752589357999997], [1.451807168, 4.767700308000002], [1.45122238, 4.731011720999999], [1.450600589, 4.745499515999994], [1.457259002, 4.789958069999997], [1.445242323, 4.721361268999994], [1.454056224, 4.802905924000003], [1.454375666, 4.755398667000002], [1.46249239, 4.806538674000003], [1.454334789, 4.754154080999998]], "19": [[1.477315621, 9.920359809999997], [1.479820855, 9.921121246000002], [1.473442055, 9.922682742999989], [1.474580492, 9.914109254000005], [1.472044562, 9.916274044999996], [1.479310477, 9.965429891000003], [1.482691371, 9.973174035000005], [1.475347031, 9.923716984000011], [1.470919819, 9.919662646000006], [1.479908935, 9.964318884000008]], "20": [[0.89956571, 6.103497535999996], [0.899301518, 6.104344363999998], [0.900134175, 6.109414320000003], [0.898813979, 6.101686123000006], [0.90165305, 6.115849527999999], [0.899814398, 6.101100109000002], [0.899050293, 6.102438597000006], [0.897831014, 6.102194050999996], [0.899013097, 6.103507978000007], [0.907354292, 6.112294653000002]], "21": [[2.80920438, 10.931267491999996], [2.810354063, 10.917804280000013], [2.828719518, 10.954109061000006], [2.824058443, 10.948504966999996], [2.835624347, 10.955577342999991], [2.836427518, 10.930838675999997], [2.837640984, 10.963879139000003], [2.839776712, 10.925753372999996], [2.852667305, 11.028715879000003], [2.830291011, 10.948087467999994]]}