{"1": [[0.454569826, 8.944775288999997], [0.452651325, 8.944530102000002], [0.453925449, 8.946629005], [0.452686556, 8.938128480000001], [0.46144315, 8.976783731], [0.455053158, 8.938982210000002], [0.463363999, 9.073955891000002], [0.454653935, 8.943758773000003], [0.454268475, 8.942809302000006], [0.453186129, 8.935582557]], "3": [[0.333317852, 6.926900956000002], [0.326238449, 6.837950266000001], [0.328324294, 6.846648194000001], [0.326513072, 6.844837368999997], [0.328520893, 6.846848557000002], [0.331511458, 6.873106415000003], [0.326823966, 6.856015894], [0.333080962, 6.8853868119999975], [0.330308823, 6.897754531999998], [0.325822323, 6.850686721999998]], "4": [[0.268183267, 4.551028311999999], [0.260784486, 4.466743522000001], [0.267556585, 4.545411005000001], [0.261768862, 4.474899879000003], [0.26206544, 4.4661914829999985], [0.262971777, 4.476120441], [0.271748061, 4.548652732], [0.266399706, 4.493619084999998], [0.262215121, 4.468463702], [0.266751385, 4.552817710999999]], "5": [[0.284693543, 4.938877250999999], [0.283079132, 4.997445894], [0.27710339, 4.952274403], [0.276689412, 4.944247891000001], [0.277385234, 4.945621873999998], [0.281051096, 5.021783635000002], [0.281295496, 5.019045075999999], [0.28128438, 5.0341412540000015], [0.283870853, 4.941638591], [0.276474949, 4.944058189999998]], "6": [[0.289212268, 9.069341294], [0.289035673, 9.064570638], [0.28895883, 9.056255234000004], [0.2961088, 9.231511173000003], [0.289246747, 9.062780573], [0.289357442, 9.065074109], [0.298697858, 9.201839109000002], [0.295664465, 9.189554795000001], [0.296285388, 9.234462947000003], [0.29612676, 9.233420707999999]], "7": [[0.352769897, 8.048865228000002], [0.34581486, 7.921518518999999], [0.354394014, 8.062807957999999], [0.345354142, 7.923864674000002], [0.353515408, 8.064597171], [0.346282679, 7.913561177999998], [0.367107305, 8.450661858999997], [0.346179951, 7.923166540999998], [0.345452378, 7.921864925999997], [0.345024139, 7.917526571000001]], "8": [[0.299440769, 5.4351032849999985], [0.294746886, 5.330220893], [0.292959295, 5.337436776999998], [0.292832246, 5.334155955000003], [0.300588003, 5.454128805000004], [0.295492218, 5.3333447729999985], [0.293535391, 5.330783144999999], [0.294387496, 5.330897350000002], [0.294559291, 5.338966360999999], [0.293067097, 5.330886475000002]], "9": [[0.762231997, 7.320264587000001], [0.763987625, 7.321595515000001], [0.767107132, 7.328844609999997], [0.761498114, 7.340064901999999], [0.774535877, 7.292524990000002], [0.770208304, 7.416617414], [0.777354391, 7.441745037], [0.772172782, 7.320017937999999], [0.792361413, 7.37958859], [0.767839169, 7.316091938000001]], "10": [[0.429682561, 7.481955183000003], [0.41319754, 7.361622847], [0.408917925, 7.3721085050000035], [0.410780197, 7.357337042999998], [0.409453194, 7.353446489], [0.40796024, 7.358354207999999], [0.410400438, 7.358604327999998], [0.409872149, 7.379895409], [0.40972678, 7.382057649000002], [0.416274624, 7.3818616320000014]], "12": [[0.333858646, 8.663995853999998], [0.333477738, 8.664234456999997], [0.334214056, 8.658338116], [0.333794462, 8.664881060999999], [0.340255395, 8.706536565999995], [0.333630881, 8.680723181], [0.333143378, 8.664945129000001], [0.332680379, 8.658699773], [0.334308824, 8.664517245], [0.340932936, 8.786555027]], "14": [[0.26389535, 6.330532670000002], [0.264817809, 6.344867149000003], [0.262822206, 6.363469646000001], [0.264541225, 6.333304118000002], [0.264007688, 6.359443607], [0.265172783, 6.352421953], [0.268551252, 6.463391907000001], [0.263305462, 6.338153033], [0.263025518, 6.341527116999999], [0.267398677, 6.385620886999997]], "15": [[0.212776061, 5.629008231000001], [0.213151755, 5.634571017999999], [0.217381237, 5.735331418], [0.213196577, 5.630838380000001], [0.213313151, 5.636078348], [0.212921859, 5.6297298809999985], [0.213136582, 5.630340771000002], [0.21306449, 5.631641087999999], [0.214005423, 5.6503326640000004], [0.217662752, 5.736810099]], "17": [[0.322905439, 6.5133440700000005], [0.318063423, 6.429701128999998], [0.323784124, 6.509256317], [0.319052879, 6.42126983], [0.315980722, 6.419083013], [0.31681689, 6.421956521], [0.31787384, 6.415438077999999], [0.316671572, 6.42707935], [0.31627893, 6.427164391], [0.316600727, 6.4270832429999984]], "18": [[0.4270888, 4.7990481879999995], [0.423634768, 4.802863274000001], [0.425203828, 4.788309763000001], [0.431438901, 4.785740503999999], [0.430215031, 4.834873756], [0.43078007, 4.861100082], [0.429311028, 4.781926128999999], [0.430907512, 4.770893597999999], [0.430650117, 4.7927374039999995], [0.42967566, 4.853274829]], "19": [[0.438017426, 10.140415937000004], [0.438322243, 10.086389019], [0.436474537, 10.088425033000004], [0.435989152, 10.097179133999997], [0.437269596, 10.088746480000003], [0.437332477, 10.132518113999996], [0.441449081, 10.142320997999999], [0.435770696, 10.091232940000006], [0.438620898, 10.129873169000003], [0.437537923, 10.137512817000001]], "20": [[0.258819394, 6.228300175000002], [0.258668526, 6.215543815999999], [0.264941518, 6.347991101999996], [0.264889818, 6.361700878000001], [0.258959172, 6.217287274999999], [0.258996815, 6.214646523], [0.259483685, 6.214401942000001], [0.258874791, 6.214698365], [0.25903738, 6.218644578000003], [0.259499189, 6.220955431000002]], "21": [[1.289986049, 11.124823304999996], [1.339887679, 11.168715351], [1.300437843, 11.186403897000002], [1.346686302, 11.118132732999998], [1.308370397, 11.170240504000002], [1.300496191, 11.190286368000002], [1.33124595, 11.137531599999999], [1.32261704, 11.163562407999999], [1.323230542, 11.106720837999998], [1.301474414, 11.117197053999998]]}