{"1": [[0.305109359, 1.1764060990000005], [0.30479305, 1.179127264], [0.305301778, 1.181275853000001], [0.304951759, 1.181268367], [0.305000593, 1.1838538220000003], [0.305686646, 1.1881309390000006], [0.30520876, 1.1799303520000008], [0.305494032, 1.1850870739999997], [0.305437996, 1.1828926869999998], [0.304916144, 1.1813824360000003]], "3": [[0.195097635, 0.744949957], [0.195258613, 0.7467157020000001], [0.195382771, 0.7441517470000003], [0.195138975, 0.7493608700000002], [0.194992853, 0.7438621649999998], [0.195922498, 0.7478686740000003], [0.196050615, 0.7476395469999999], [0.196442475, 0.7495975679999999], [0.196351233, 0.7635576939999998], [0.195325182, 0.7457258899999998]], "4": [[0.155082478, 0.2851868499999999], [0.155595917, 0.29418796499999994], [0.155008543, 0.2926654149999999], [0.155431369, 0.287581034], [0.155088645, 0.28571040999999997], [0.155980521, 0.28644602200000013], [0.155314892, 0.28666483399999987], [0.156319771, 0.28749761599999996], [0.155094386, 0.2896232660000001], [0.154995543, 0.28377499300000003]], "5": [[0.207815915, 0.598874808], [0.216110964, 0.6024783550000004], [0.208191039, 0.6030727680000002], [0.215420482, 0.5996012149999993], [0.209154445, 0.608896016], [0.209059757, 0.6113586870000003], [0.208204781, 0.5985540299999997], [0.212728577, 0.6208801689999995], [0.210170731, 0.6102612579999999], [0.207248363, 0.5996160079999999]], "6": [[0.070604742, 1.062167527], [0.070603354, 1.063108613], [0.070522186, 1.0620893530000002], [0.070564541, 1.0614245799999993], [0.07062834, 1.0629057419999994], [0.073162362, 1.1045648309999994], [0.070651606, 1.0626677819999995], [0.070519942, 1.061778531], [0.070585469, 1.0631561850000002], [0.070506756, 1.0613421820000004]], "7": [[0.197805549, 0.9731375499999999], [0.197905062, 0.9765357040000003], [0.196491663, 0.9753360050000006], [0.196489059, 0.9704383969999996], [0.196397762, 0.9715392169999996], [0.197496012, 0.9715441499999993], [0.197415658, 0.9759726449999997], [0.19692141, 0.9715931570000002], [0.198748067, 0.9796598349999998], [0.198204899, 0.9815915769999995]], "8": [[0.24015869, 0.9180001070000005], [0.239210824, 0.9233292750000003], [0.238552652, 0.9164612580000002], [0.240885293, 0.9380518469999997], [0.244684489, 0.9634009940000001], [0.237468474, 0.9153962869999998], [0.238481449, 0.9174594330000003], [0.237536868, 0.9139605529999995], [0.238105903, 0.9145269330000008], [0.238206451, 0.9178249670000004]], "9": [[0.797283562, 1.0241538449999996], [0.803648715, 1.0276048980000014], [0.80233325, 1.0215497849999995], [0.804622961, 1.0236474130000004], [0.802390185, 1.0222415420000002], [0.804403785, 1.0272350710000002], [0.806336734, 1.0237089090000002], [0.806819675, 1.0248628740000005], [0.804112285, 1.0198522790000004], [0.799749435, 1.025048832]], "10": [[0.34105123, 1.2033509080000004], [0.340546324, 1.204265666], [0.329001199, 1.211635141], [0.327690312, 1.209121022], [0.327962488, 1.2092645709999994], [0.327999001, 1.2081398880000005], [0.3278556, 1.2053917069999998], [0.327776474, 1.2025437279999995], [0.32843464, 1.2075295410000009], [0.327561044, 1.2038096730000007]], "12": [[0.128130988, 0.708979886], [0.127093735, 0.707874417], [0.127058149, 0.7068346989999997], [0.132467275, 0.752303749], [0.126674122, 0.7064879649999998], [0.12784615, 0.7153538200000004], [0.128128986, 0.7197088120000001], [0.127310772, 0.7085561620000003], [0.126866891, 0.7084222149999999], [0.127095072, 0.7060466449999999]], "14": [[0.128061442, 0.7789696599999997], [0.129770638, 0.781420246], [0.12934814, 0.7903570870000001], [0.129965386, 0.7898661969999999], [0.129113475, 0.7881904510000001], [0.129840445, 0.7876369600000003], [0.131182917, 0.8004135179999998], [0.128755642, 0.7835456189999992], [0.129392364, 0.7906235320000008], [0.12917502, 0.7912329379999998]], "15": [[0.090376403, 0.7662824959999998], [0.089440083, 0.755625424], [0.08967635, 0.7590132139999997], [0.089298139, 0.7554960079999995], [0.089568468, 0.7578219829999999], [0.089627969, 0.7562017470000001], [0.089318107, 0.7549611219999999], [0.089800754, 0.7605567960000004], [0.089582585, 0.7598117919999993], [0.089772385, 0.7597808059999998]], "17": [[0.272422979, 1.2318895010000002], [0.27220314, 1.2365722100000012], [0.271640996, 1.2381439899999998], [0.273742448, 1.2432377840000004], [0.271850602, 1.2296378729999997], [0.273682735, 1.2381001579999995], [0.273068541, 1.2419906109999994], [0.273675593, 1.2434609139999997], [0.27195485, 1.233045405], [0.273397111, 1.2481990579999995]], "18": [[0.494454237, 0.6114854059999998], [0.49081443, 0.6162266530000001], [0.490184788, 0.6251453229999999], [0.471299103, 0.6134774469999998], [0.489239736, 0.6312325120000004], [0.492062584, 0.6117209689999998], [0.497019545, 0.6172956520000001], [0.492691941, 0.6248359630000001], [0.490311446, 0.6128373889999998], [0.474226243, 0.623764907]], "19": [[0.233267173, 1.5568290759999996], [0.231836109, 1.5467682420000008], [0.233501369, 1.5493320390000023], [0.232816039, 1.549100775999999], [0.232341952, 1.5505848199999999], [0.233505192, 1.5527484249999997], [0.232671664, 1.548636829], [0.233068883, 1.550768597], [0.232544124, 1.553549047], [0.232565996, 1.5506759879999992]], "20": [[0.1276725, 0.7637111940000004], [0.128913009, 0.7874256850000004], [0.127062373, 0.7613892540000001], [0.127017634, 0.7630256469999995], [0.127131979, 0.7692577129999997], [0.127469791, 0.7620317549999998], [0.12913346, 0.7846501049999999], [0.127437178, 0.763364281], [0.12775356, 0.7697022609999998], [0.127400809, 0.7727934180000006]], "21": [[0.558599647, 1.2214913550000004], [0.559055413, 1.2470375049999998], [0.558606147, 1.2231200720000002], [0.58272182, 1.2140949950000004], [0.548866505, 1.2256211979999998], [0.55827493, 1.2288822580000003], [0.560904379, 1.236588942], [0.558579168, 1.2169722870000004], [0.556977908, 1.2374081920000006], [0.557947039, 1.2329810679999997]]}