{"1": [[4.797980069, 1.1743885390000122], [4.801640319, 1.1719732040000113], [4.798841225, 1.1657251520000043], [4.785249161, 1.1705937960000037], [4.802889783, 1.1765060260000044], [4.808502749, 1.1754358819999968], [4.800771328, 1.1753012750000125], [4.796479248, 1.1742870450000091], [4.808046733, 1.1724819949999963], [4.810024101, 1.1753487290000162]], "3": [[2.230201606, 0.7326542539999885], [2.246641058, 0.7348120920000046], [2.246124749, 0.7378774909999918], [2.246510659, 0.7479657600000088], [2.231646739, 0.7351033919999971], [2.220274852, 0.7353500619999982], [2.238293341, 0.7454476969999871], [2.264354194, 0.7338987980000008], [2.243646237, 0.7361324069999967], [2.266847897, 0.7350078400000006]], "4": [[1.762181518, 0.2782529609999991], [1.768889038, 0.27888868599999433], [1.790431983, 0.3009646239999999], [1.757778434, 0.2788303850000008], [1.751717121, 0.2774712110000032], [1.759753785, 0.27874558399999694], [1.788784293, 0.2785178939999971], [1.762532535, 0.2784538129999966], [1.799477465, 0.278661195999998], [1.764111926, 0.27925195899999755]], "5": [[2.564374948, 0.6061741810000011], [2.566212564, 0.6059038689999935], [2.565028543, 0.5962888649999983], [2.52087349, 0.5966762800000012], [2.547400661, 0.6082647670000012], [2.561704889, 0.5960948009999982], [2.556525421, 0.5948720279999995], [2.55604726, 0.5979535790000037], [2.596876749, 0.5989746450000035], [2.572893618, 0.6094168380000032]], "6": [[1.09107923, 1.040156017999992], [1.091474509, 1.0403624199999955], [1.090245751, 1.0394913750000054], [1.091217474, 1.0401400629999924], [1.092003257, 1.0407061719999946], [1.090806878, 1.040128063999998], [1.094616453, 1.0438841769999947], [1.092335519, 1.0410967800000088], [1.089469674, 1.0383617179999902], [1.090216785, 1.039662792999988]], "7": [[2.494720739, 0.9626662390000001], [2.490328649, 0.9583931270000047], [2.513255194, 0.9619928179999943], [2.491914645, 0.9566450730000027], [2.521312345, 0.9598240359999959], [2.496604098, 0.9597556229999944], [2.536775678, 0.9612358460000053], [2.498209717, 0.9616973939999922], [2.502605929, 0.9601789110000065], [2.500061405, 0.9608015259999844]], "8": [[3.013958063, 0.9026107059999987], [3.051202718, 0.9027151199999981], [3.036434908, 0.900045067000002], [3.052422473, 0.9071698509999929], [3.0500643, 0.9020202189999884], [3.019964917, 0.9035885870000007], [3.050074517, 0.9001606430000005], [3.034801449, 0.9045374829999996], [3.048556541, 0.9046650899999994], [3.036123498, 0.9006918319999998]], "9": [[8.574042502, 1.0114462509999949], [8.681077904, 1.0181069080000038], [8.5943785, 1.013855911000001], [8.673813484, 1.014535308000004], [8.655268878, 1.0163485919999986], [8.667357995, 1.0184895499999949], [8.712111468, 1.031119829000013], [8.591892883, 1.0169051849999986], [8.680942106, 1.0180727530000016], [8.771814098, 1.0643035839999926]], "10": [[4.007210552, 1.1989566080000094], [4.000059559, 1.2037756250000005], [4.012059747, 1.2084754829999933], [4.010540895, 1.202286794999993], [4.007936842, 1.2035148639999989], [3.991474311, 1.1989739420000012], [4.001356545, 1.2040359209999945], [4.011180459, 1.2046031860000048], [4.009702058, 1.2046887379999975], [3.9997387, 1.1965932100000005]], "12": [[1.627466407, 0.6928339879999978], [1.632301827, 0.6939890929999957], [1.631501146, 0.6927487459999985], [1.621287766, 0.6930419539999924], [1.640423872, 0.6925813839999941], [1.625287331, 0.6953473219999946], [1.624095021, 0.6928988719999951], [1.627245948, 0.6966360919999989], [1.628795513, 0.6930883369999989], [1.6523461, 0.6943116699999968]], "14": [[1.475032593, 0.7668012549999943], [1.468686251, 0.7651857710000022], [1.48362679, 0.7659000940000019], [1.486510735, 0.7756855730000056], [1.470731227, 0.7647918970000035], [1.477048621, 0.7662693869999991], [1.476291373, 0.7675284279999972], [1.471626747, 0.7649280219999947], [1.477009011, 0.7663074480000054], [1.476234054, 0.7695586669999935]], "15": [[1.017621727, 0.7754032389999984], [1.014897489, 0.7721523029999955], [0.996505691, 0.7552845120000063], [1.000708189, 0.7603571030000043], [1.012157558, 0.7710157830000045], [1.000091821, 0.7588828870000003], [1.000333336, 0.7597135230000085], [1.008427148, 0.7652344510000029], [0.999634757, 0.7577075309999997], [1.010625227, 0.7707366659999991]], "17": [[4.134608097, 1.2390989500000045], [4.112443217, 1.218210893000002], [4.083093794, 1.2196351550000033], [4.12466821, 1.2206563099999896], [4.146536838, 1.2126253400000016], [4.144331505, 1.2087374199999918], [4.08606392, 1.2155044669999948], [4.114050237, 1.2088971939999995], [4.104986807, 1.2205510049999932], [4.081214982, 1.221993027999998]], "18": [[8.233637059, 0.6054109980000024], [8.273280906, 0.6059777280000014], [8.248568497, 0.6080645179999979], [8.210338405, 0.6063856319999995], [8.2686064, 0.6065354489999959], [8.211366832, 0.6053614029999965], [8.221575874, 0.6080432340000013], [8.330513883, 0.6064556369999994], [8.251834801, 0.6053128879999996], [8.279052009, 0.6057834780000042]], "19": [[3.090922506, 1.535422816999991], [3.091240908, 1.531839106999998], [3.116005764, 1.545304087000013], [3.121140299, 1.5405903519999873], [3.102379837, 1.5356229860000095], [3.118143143, 1.5483502230000008], [3.104829184, 1.5367199169999977], [3.105354764, 1.5334133760000013], [3.110844257, 1.5401224090000072], [3.082387101, 1.5295179739999805]], "20": [[1.578984717, 0.7385488889999963], [1.592656682, 0.743805680000009], [1.586437521, 0.7409898920000034], [1.582476664, 0.7428599969999989], [1.582780509, 0.7417888920000104], [1.599326333, 0.7416657620000022], [1.59345483, 0.7455425739999936], [1.592199868, 0.7489301509999966], [1.592508438, 0.7436002049999966], [1.588803031, 0.7400642770000001]], "21": [[7.012737775, 1.2112403480000054], [6.97120396, 1.201864118999996], [6.938976953, 1.2060018549999891], [6.949960233, 1.2030325010000005], [6.960255169, 1.2009829179999922], [7.024213148, 1.2066730100000056], [6.926349662, 1.2003432350000025], [6.940088286, 1.2044789350000016], [6.952490845, 1.2017007219999982], [6.963257217, 1.2035376920000043]]}