{"1": [[2.409919931, 1.180479242000001], [2.407367311, 1.1696938499999998], [2.408209714, 1.1809206580000018], [2.403534322, 1.1691429829999977], [2.411818903, 1.1825715049999956], [2.406064815, 1.173176347000002], [2.412132403, 1.1847656170000063], [2.41582152, 1.183810453999996], [2.409524677, 1.179773272000002], [2.410377954, 1.1773073199999993]], "3": [[1.15478729, 0.7403887590000022], [1.167764963, 0.7523341099999994], [1.155744524, 0.7408031650000012], [1.158403304, 0.7387673159999999], [1.174749112, 0.7572256349999956], [1.161603919, 0.7428986239999964], [1.160459989, 0.7423732119999996], [1.171694897, 0.7533233029999987], [1.173842884, 0.7522070289999937], [1.154015472, 0.7389531140000002]], "4": [[0.925856599, 0.282454065999999], [0.92385071, 0.2805610669999997], [0.922517948, 0.28139110799999945], [0.925239989, 0.281317024], [0.918982432, 0.28147658899999994], [0.942805751, 0.281481451999999], [0.923361782, 0.2832339179999998], [0.928112306, 0.2827213409999979], [0.931011243, 0.28141711000000025], [0.923554182, 0.28264715400000007]], "5": [[1.315234705, 0.5944942100000021], [1.30067891, 0.597969931], [1.312327214, 0.6033720669999999], [1.307691794, 0.6059185959999998], [1.304344744, 0.5959249299999991], [1.311978115, 0.5993557869999997], [1.306785558, 0.595647328000003], [1.304430598, 0.5968999929999985], [1.316995298, 0.5960381040000017], [1.306944039, 0.6050685260000017]], "6": [[0.559970519, 1.0681753019999949], [0.554649019, 1.0525590839999954], [0.550753319, 1.0492526409999992], [0.553753822, 1.0546111129999973], [0.552738625, 1.0531305310000074], [0.552712069, 1.0527122369999988], [0.552593051, 1.0515015759999988], [0.550888758, 1.049147986999996], [0.552602416, 1.0528422299999987], [0.549876762, 1.048152274000002]], "7": [[1.276198176, 0.9632618079999967], [1.298234008, 0.9672103159999963], [1.278856483, 0.9698363489999968], [1.277286199, 0.9636182380000032], [1.2726033, 0.9621402010000031], [1.295112273, 0.9875224599999979], [1.293914947, 0.9848458640000022], [1.280246843, 0.9651185540000002], [1.286630251, 0.9628245950000012], [1.292963101, 0.9642278590000035]], "8": [[1.548948899, 0.9060475880000022], [1.547379772, 0.9048671600000033], [1.551854378, 0.9115197920000025], [1.546868761, 0.907935759000001], [1.562198753, 0.9112321780000003], [1.557288794, 0.9090624079999956], [1.544420363, 0.9070469460000009], [1.550590061, 0.9092078240000017], [1.551069552, 0.9081693259999974], [1.550947127, 0.9113753390000037]], "9": [[4.544221257, 1.0129345380000017], [4.58121861, 1.0202440379999995], [4.542003404, 1.0194988849999973], [4.537662618, 1.0152659340000003], [4.536967446, 1.0188667600000008], [4.621999436, 1.0155343300000022], [4.579256051, 1.0189349279999993], [4.539494537, 1.0162584990000019], [4.572453329, 1.019047504000001], [4.581830809, 1.0175788569999975]], "10": [[2.126689561, 1.2040743869999995], [2.110338828, 1.2044814399999932], [2.112412119, 1.2023203309999986], [2.122457637, 1.2035625859999963], [2.117447432, 1.2034099130000016], [2.112517922, 1.20399731], [2.129318422, 1.2016613060000016], [2.111663393, 1.206777023000001], [2.117052074, 1.2083991840000035], [2.112747921, 1.2048995510000013]], "12": [[0.829644075, 0.698146733], [0.835647266, 0.6992407230000006], [0.832408771, 0.6972251090000008], [0.838498813, 0.6999207569999975], [0.834103936, 0.7001561780000023], [0.835543297, 0.6965945110000029], [0.831344752, 0.6977285310000034], [0.833200704, 0.6975504769999978], [0.832589002, 0.7014271329999988], [0.830183015, 0.6973080270000005]], "14": [[0.755904607, 0.7678638420000029], [0.762374453, 0.7702770450000027], [0.75845043, 0.7695970520000007], [0.760683628, 0.768757262999999], [0.757948863, 0.7685178039999992], [0.780490605, 0.7770766489999992], [0.760710375, 0.771601822], [0.786899172, 0.784342615999998], [0.76180241, 0.772871223000002], [0.763473832, 0.7808252079999982]], "15": [[0.52226919, 0.760896695999997], [0.527065566, 0.7680758690000005], [0.52081676, 0.7571236730000039], [0.528375446, 0.7715554279999992], [0.528249587, 0.7710017569999996], [0.523807706, 0.7610592499999961], [0.524848903, 0.7629025269999986], [0.52710579, 0.7700206999999992], [0.521818849, 0.7590464559999924], [0.525573877, 0.7625460120000017]], "17": [[2.094113329, 1.2309890670000005], [2.068944694, 1.231922744999999], [2.069654017, 1.2237238250000062], [2.06689949, 1.2244024079999993], [2.05580252, 1.2204515729999976], [2.072369408, 1.2279430949999999], [2.062701032, 1.2211667709999983], [2.060965079, 1.2279074179999978], [2.068992911, 1.2285996490000026], [2.073988296, 1.2254998979999936]], "18": [[5.061717899, 0.6170781670000017], [5.030137888, 0.6129390429999992], [5.049507979, 0.6141754600000003], [5.058130597, 0.6182328009999993], [5.049680625, 0.6148774610000011], [5.066041856, 0.6137024329999992], [5.037083464, 0.6166955409999963], [5.080957757, 0.6152384309999988], [5.024491328, 0.6130001580000008], [5.043797978, 0.6137743820000007]], "19": [[1.578668134, 1.5479354120000064], [1.575993629, 1.5481098850000035], [1.571677744, 1.5379937089999944], [1.577667775, 1.5422846160000085], [1.576523714, 1.540147262000004], [1.575226154, 1.5431938940000047], [1.572297961, 1.5404573859999922], [1.569272862, 1.5385852200000079], [1.577899017, 1.5459911320000064], [1.584640421, 1.5583714570000025]], "20": [[0.849359855, 0.7880439520000034], [0.824857317, 0.7466822060000031], [0.821530204, 0.7504276729999962], [0.81502457, 0.7465452039999955], [0.820471496, 0.7547105840000008], [0.81403674, 0.7470607339999993], [0.813471688, 0.7441655060000034], [0.823917046, 0.7548575300000004], [0.815806847, 0.7416013329999979], [0.816991637, 0.7460918520000019]], "21": [[3.59165355, 1.2163420939999998], [3.593197807, 1.208638684999999], [3.569037788, 1.2094790639999995], [3.619732012, 1.217392052999999], [3.606752457, 1.2097379989999983], [3.596660128, 1.2154508620000004], [3.616385144, 1.2106902399999986], [3.604070104, 1.2101730169999985], [3.618326927, 1.2160189579999996], [3.59532532, 1.2181024739999988]]}