{"1": [[0.603319366, 1.179247527999999], [0.610035827, 1.1899790679999993], [0.604720072, 1.1824099000000003], [0.605641305, 1.181726297], [0.603852084, 1.1816682550000006], [0.605022754, 1.1782970869999994], [0.606079908, 1.1815641229999996], [0.604325987, 1.1694607589999997], [0.603590355, 1.1727506259999998], [0.604942186, 1.180247628000001]], "3": [[0.333052195, 0.7471720430000003], [0.331267937, 0.7401813180000002], [0.330711177, 0.7403395360000007], [0.332316878, 0.7587398299999998], [0.329862911, 0.7405619410000005], [0.333306496, 0.7564099049999998], [0.330075635, 0.7442812120000011], [0.332662383, 0.7558406269999993], [0.32927789, 0.739283371], [0.330640753, 0.7412021979999992]], "4": [[0.2596764, 0.28452562799999986], [0.258836349, 0.2872861510000004], [0.258515037, 0.28181376000000014], [0.2571566, 0.2817924189999998], [0.258021755, 0.2812402460000002], [0.259465197, 0.2859893950000008], [0.259262295, 0.2842445870000002], [0.258751351, 0.2818851110000007], [0.259031512, 0.2857387239999999], [0.256944227, 0.2822312430000003]], "5": [[0.362600098, 0.6035506010000002], [0.369934438, 0.6020370149999998], [0.36314411, 0.608577439], [0.369884011, 0.6048532870000004], [0.372026014, 0.6052655250000003], [0.361240088, 0.5992891300000001], [0.369498122, 0.601660873999999], [0.361238283, 0.6018473849999998], [0.369527971, 0.6025485849999989], [0.361042763, 0.5971412460000002]], "6": [[0.13850844, 1.0521536429999998], [0.13911098, 1.0552567010000018], [0.138919702, 1.055565958], [0.139127477, 1.0553322370000005], [0.139059775, 1.0549261570000006], [0.140007174, 1.058945821], [0.138392649, 1.0513259159999997], [0.13903272, 1.0553448970000026], [0.138860603, 1.0552313250000007], [0.138978608, 1.055565890000001]], "7": [[0.351330289, 0.9754588999999981], [0.351636075, 0.9689765079999996], [0.35333168, 0.972976573], [0.351913377, 0.976466235], [0.351330378, 0.967179220000001], [0.349959458, 0.9666385139999997], [0.349196725, 0.9698983189999995], [0.349389753, 0.9671215100000012], [0.352134388, 0.9726021330000005], [0.351197388, 0.9694335150000004]], "8": [[0.420596801, 0.9079424390000005], [0.424978665, 0.9085983769999983], [0.425044175, 0.909225763], [0.42462147, 0.9114354559999995], [0.425117027, 0.9078692950000011], [0.425164293, 0.9180963929999999], [0.426283647, 0.9074723250000005], [0.424125505, 0.9126041150000014], [0.422016618, 0.9126840800000012], [0.422329249, 0.9149438580000007]], "9": [[1.373538869, 1.0201100550000002], [1.398865933, 1.0235529389999996], [1.381080071, 1.019317604999999], [1.376395491, 1.0220565790000002], [1.399463003, 1.017892885000001], [1.387425994, 1.024980097], [1.390445738, 1.0190758429999984], [1.394363601, 1.0185680279999991], [1.387315283, 1.0222065509999996], [1.386027188, 1.0289669109999993]], "10": [[0.577154731, 1.2026326010000032], [0.578868504, 1.2092961609999993], [0.575986902, 1.2040331330000014], [0.577214609, 1.2057684909999986], [0.577199759, 1.205680150999999], [0.576007232, 1.2037060010000016], [0.579579555, 1.20331363], [0.577097053, 1.2035509479999993], [0.564727459, 1.2065316280000007], [0.579356685, 1.2059772040000005]], "12": [[0.226471834, 0.7071027959999993], [0.226697426, 0.7033374350000001], [0.228778615, 0.7101240079999991], [0.226687997, 0.7023773900000005], [0.226373879, 0.7038457639999999], [0.226231056, 0.7046263359999996], [0.227146849, 0.7022883250000012], [0.226900241, 0.7037395049999995], [0.22665521, 0.7067620579999996], [0.226772728, 0.7068330629999995]], "14": [[0.219279899, 0.7770414210000008], [0.21874598, 0.774677638999999], [0.21982812, 0.7766356850000005], [0.220517485, 0.768982484], [0.220943316, 0.7809430300000002], [0.219074459, 0.7747846410000001], [0.236106674, 0.8076067479999994], [0.219212923, 0.781329498999999], [0.220922105, 0.7874371629999997], [0.219931803, 0.7757082390000003]], "15": [[0.165352581, 0.7517696989999999], [0.166430787, 0.7524702109999992], [0.165222728, 0.7526905730000009], [0.165889076, 0.7518993289999998], [0.166181649, 0.7557917049999991], [0.165381504, 0.7522011539999996], [0.167103676, 0.7597917739999994], [0.165299616, 0.7512069519999995], [0.165501472, 0.7522377779999995], [0.166066099, 0.7547615920000008]], "17": [[0.527291942, 1.2309676129999998], [0.526646874, 1.224139914], [0.524482329, 1.2251690970000002], [0.528525648, 1.2317855149999988], [0.525550157, 1.227327178000001], [0.525983569, 1.2239394419999998], [0.528360791, 1.2386145990000004], [0.527877883, 1.2501707940000013], [0.535462776, 1.2441291639999998], [0.52938886, 1.2399196130000012]], "18": [[0.907919371, 0.6070194349999999], [0.907673265, 0.6121389869999992], [0.905153858, 0.6114627299999996], [0.911532321, 0.6070188799999997], [0.91232737, 0.6082888500000001], [0.906692558, 0.6114121939999999], [0.906666589, 0.6113077829999998], [0.908974115, 0.6127407979999995], [0.908701811, 0.6152371799999996], [0.910830268, 0.614582648]], "19": [[0.42510474, 1.5429152579999985], [0.423439159, 1.5429159149999983], [0.424829018, 1.5470968729999983], [0.430623778, 1.5454161729999982], [0.423350789, 1.5428227099999976], [0.424860183, 1.5441529700000025], [0.426308393, 1.5480955910000007], [0.424926114, 1.5470701979999988], [0.426031036, 1.5470259660000012], [0.42576639, 1.54722071]], "20": [[0.224159254, 0.7763441170000001], [0.223298005, 0.7598870999999996], [0.224527373, 0.7597381910000013], [0.222000623, 0.7533199340000001], [0.222620355, 0.7568916229999987], [0.223177406, 0.7569580199999996], [0.225156978, 0.7800208329999994], [0.222650628, 0.7586253380000005], [0.222631145, 0.7549488950000008], [0.22304803, 0.7527682109999996]], "21": [[0.99413373, 1.2201798939999997], [0.998359067, 1.2272201199999997], [1.000055571, 1.238476723], [0.984076418, 1.2348365710000015], [0.981296345, 1.2236528429999993], [0.989544739, 1.214647254], [0.974413459, 1.285127736], [0.970992218, 1.2155227270000009], [0.996539323, 1.2197596960000001], [0.972298594, 1.214800295]]}