{"1": [[0.153796034, 1.188625939], [0.153790399, 1.1890105420000003], [0.158215197, 1.2239024150000002], [0.153811173, 1.18901657], [0.154374805, 1.184294328], [0.153684621, 1.1877808729999997], [0.158264235, 1.2228815160000006], [0.153504672, 1.185556166], [0.154511761, 1.1960339460000002], [0.153667383, 1.185458708]], "3": [[0.13051498, 0.7699178950000001], [0.134715602, 0.7690594200000002], [0.129532927, 0.7525103649999999], [0.130675884, 0.7816713030000001], [0.129880461, 0.7644526979999999], [0.130060501, 0.7565669429999997], [0.129302606, 0.7500168669999998], [0.129515855, 0.749560969], [0.129605035, 0.7516010520000003], [0.129408723, 0.757495314]], "4": [[0.104858955, 0.28851635000000003], [0.105160918, 0.2896452019999999], [0.104542661, 0.2916264479999999], [0.105745135, 0.28839366299999997], [0.108162992, 0.296995154], [0.106124548, 0.296138997], [0.108824412, 0.31823510600000005], [0.105206756, 0.314705497], [0.104828058, 0.28903870700000006], [0.105638961, 0.2973499659999999]], "5": [[0.132779723, 0.6031442779999999], [0.13337844, 0.606425485], [0.141571565, 0.6208620260000004], [0.132852991, 0.6061522539999998], [0.133918035, 0.6105815209999998], [0.135876241, 0.6198730679999999], [0.135973745, 0.6255906189999999], [0.13384811, 0.612788553], [0.137837761, 0.6406086719999998], [0.134123905, 0.6069917990000003]], "6": [[0.037226419, 1.106818418], [0.037291463, 1.1055152710000005], [0.036178925, 1.0778289789999997], [0.037158429, 1.1036381909999997], [0.037334002, 1.1110733469999996], [0.038332722, 1.1332219179999998], [0.036205551, 1.0770108710000001], [0.036153602, 1.078752262], [0.038796466, 1.1548719999999995], [0.036122101, 1.0762019520000001]], "7": [[0.12216568, 0.9822718060000002], [0.129670313, 1.0432206090000002], [0.125974026, 1.0175263129999998], [0.12293035, 0.9825533649999997], [0.12815923, 1.032860379], [0.124170181, 0.9817438610000002], [0.122722125, 0.9851525870000003], [0.128853651, 1.013697624], [0.123062696, 0.9855338310000001], [0.126236858, 1.0068774090000001]], "8": [[0.152805701, 0.958776265], [0.153621541, 0.9469982219999997], [0.152799401, 0.9570127619999996], [0.150894736, 0.9229948880000001], [0.151450836, 0.91744549], [0.155240506, 0.9490351029999998], [0.153250126, 0.9505725599999999], [0.149874307, 0.927527512], [0.149848161, 0.9219920150000004], [0.155738254, 0.9872725530000004]], "9": [[0.560570057, 1.034679553], [0.571884589, 1.0290563429999997], [0.570291477, 1.031434411], [0.571254579, 1.0280810409999999], [0.575362733, 1.02916235], [0.569590653, 1.0309852110000002], [0.564220319, 1.028678352], [0.597367726, 1.059764348], [0.569536262, 1.0318594360000002], [0.562692463, 1.0291413519999995]], "10": [[0.206907924, 1.223519288], [0.21855372, 1.2145676539999997], [0.207148107, 1.2154572069999994], [0.207873458, 1.223122776], [0.209338622, 1.2426023519999996], [0.208282555, 1.2470971140000007], [0.20650375, 1.2246348390000001], [0.207037814, 1.2394215180000006], [0.206370331, 1.2152751389999996], [0.206959984, 1.2214197130000004]], "12": [[0.083047102, 0.7458039639999997], [0.082134602, 0.7698883129999999], [0.082118936, 0.7683125039999997], [0.07975056, 0.7289169490000001], [0.081505549, 0.7417927929999993], [0.079395116, 0.7249964509999997], [0.081900862, 0.7662262840000004], [0.079258084, 0.7166298890000002], [0.079870327, 0.7270854359999998], [0.082373385, 0.756302164]], "14": [[0.085030193, 0.7935218239999999], [0.089354327, 0.8121578829999997], [0.085230813, 0.7953889029999999], [0.085748641, 0.7904790270000002], [0.085974921, 0.822807102], [0.086231151, 0.8249018439999999], [0.085729578, 0.7935729549999998], [0.085880203, 0.8011420360000002], [0.085003772, 0.7905229090000001], [0.085911418, 0.8004171229999999]], "15": [[0.057788462, 0.7639748350000002], [0.058317291, 0.7902845820000001], [0.057859167, 0.778303518], [0.058772302, 0.7920786979999997], [0.058152134, 0.783390426], [0.057378207, 0.7631193499999998], [0.057532347, 0.7639987469999999], [0.057668183, 0.7743776060000003], [0.057504058, 0.7646310800000001], [0.058477491, 0.7917043300000004]], "17": [[0.150260097, 1.2771839079999996], [0.149856259, 1.271889839], [0.14977472, 1.267099452], [0.155010139, 1.3098049769999998], [0.149959506, 1.2703436040000002], [0.15441549, 1.3086245740000002], [0.149686947, 1.2771986], [0.149797261, 1.2704111159999998], [0.150739024, 1.2844430450000002], [0.15004984, 1.2694411700000003]], "18": [[0.290410557, 0.6238755919999999], [0.286786496, 0.6233374240000001], [0.286216111, 0.6224060129999999], [0.287857726, 0.623013405], [0.28580904, 0.6226862650000001], [0.29007939, 0.6223450140000002], [0.289947202, 0.6646201630000002], [0.290346768, 0.662821345], [0.290770315, 0.6222068749999999], [0.29215452, 0.638099711]], "19": [[0.139683992, 1.556511144], [0.140367863, 1.5693105319999996], [0.139455101, 1.5613044570000003], [0.142569929, 1.5577679290000002], [0.139114798, 1.5515464509999997], [0.138972895, 1.5569646000000001], [0.144590443, 1.5891882670000004], [0.139071132, 1.5629698779999994], [0.138827925, 1.5574007939999999], [0.138970301, 1.5630817320000001]], "20": [[0.087172784, 0.8319143430000001], [0.086165697, 0.821134366], [0.085952665, 0.8107002879999999], [0.08553096, 0.821455872], [0.085730444, 0.8107309859999999], [0.085043057, 0.7821640100000002], [0.085003878, 0.7916682300000002], [0.086458573, 0.8291157739999996], [0.084617879, 0.780715763], [0.084604194, 0.787089275]], "21": [[0.355818476, 1.2348172640000001], [0.352122617, 1.2748200639999996], [0.340642009, 1.230119483], [0.340824344, 1.2362377809999998], [0.354125604, 1.278523762], [0.354835736, 1.2516439330000002], [0.380076219, 1.3177307360000001], [0.351260937, 1.2337644890000004], [0.344042657, 1.2787423510000002], [0.342362577, 1.2834185050000002]]}