{"1": [[1.207689567, 1.1794981200000023], [1.205145303, 1.1809174670000007], [1.20475181, 1.180441739], [1.209134397, 1.1823638040000017], [1.205738614, 1.178979624], [1.205667098, 1.1791482829999982], [1.206535461, 1.1799505530000012], [1.207221141, 1.1798471099999972], [1.206421609, 1.177150982999998], [1.206753829, 1.1792143759999976]], "3": [[0.608996778, 0.7526115409999998], [0.606140658, 0.7403288629999989], [0.610328097, 0.7403234609999987], [0.608616629, 0.7382487560000022], [0.610676235, 0.7599763959999972], [0.611066645, 0.7598502679999999], [0.601705779, 0.7371141810000014], [0.604865598, 0.740368988000002], [0.605817568, 0.7419802219999997], [0.613189662, 0.7521739389999996]], "4": [[0.473600199, 0.2810408079999998], [0.477312213, 0.2824345110000007], [0.475064347, 0.28345849200000106], [0.475065055, 0.2834393289999996], [0.474908058, 0.28699724300000035], [0.474481271, 0.28181018899999943], [0.474963428, 0.2812980289999994], [0.477687975, 0.2807718580000008], [0.478025227, 0.2823051880000004], [0.477319924, 0.28469704199999973]], "5": [[0.681773345, 0.6051119510000005], [0.682540774, 0.5976128900000004], [0.686314429, 0.605334198999999], [0.68067767, 0.5993417510000003], [0.677785957, 0.5988450330000026], [0.684126506, 0.6007691839999993], [0.676115878, 0.6005266990000009], [0.688802634, 0.5979482859999996], [0.679413903, 0.5972688309999996], [0.679641639, 0.5984366290000003]], "6": [[0.275019563, 1.0479653859999987], [0.276580885, 1.051968887000001], [0.275390016, 1.0473805150000008], [0.278029183, 1.0556271040000003], [0.276597239, 1.052627195], [0.277865724, 1.053966577000002], [0.277254735, 1.052154745000002], [0.277952575, 1.0552346320000017], [0.275393618, 1.048263666999999], [0.279193347, 1.0591884649999972]], "7": [[0.658694259, 0.9665053319999999], [0.660266403, 0.9668060619999992], [0.660708654, 0.9682958960000014], [0.661991512, 0.9678972920000006], [0.657003985, 0.9642848509999997], [0.662216702, 0.9676394889999994], [0.65666489, 0.9661548180000001], [0.660253523, 0.9664337309999994], [0.661985455, 0.9664652730000006], [0.664093394, 0.9667598420000003]], "8": [[0.799724226, 0.9162077900000014], [0.799453899, 0.9054835219999986], [0.79728969, 0.9056012330000004], [0.799223585, 0.9068326709999992], [0.797139929, 0.9068987369999999], [0.79719008, 0.9039678280000013], [0.799202588, 0.9050884450000014], [0.797003653, 0.9068416779999983], [0.801777499, 0.9145698209999976], [0.800385211, 0.9041867120000009]], "9": [[2.516028461, 1.023254027000002], [2.509554385, 1.0176944039999984], [2.510541596, 1.0200546369999999], [2.527446524, 1.017777215999999], [2.526559069, 1.0227505330000013], [2.517876177, 1.0157638519999965], [2.526906268, 1.029948416], [2.532112767, 1.0199136239999993], [2.540356964, 1.0297365829999996], [2.523738242, 1.0263397020000005]], "10": [[1.084900222, 1.2043396199999994], [1.090210676, 1.2032548729999977], [1.087298945, 1.2027588269999974], [1.089936223, 1.2015606689999971], [1.091232063, 1.2101606510000016], [1.089152472, 1.204712716000002], [1.083516675, 1.2100555519999996], [1.085363304, 1.2040990519999983], [1.090653304, 1.207135328000002], [1.090228507, 1.2079049880000028]], "12": [[0.430820262, 0.7004858640000001], [0.428680202, 0.7019341410000013], [0.432220503, 0.7048877119999991], [0.429607283, 0.7005547500000011], [0.428498791, 0.6991999560000002], [0.427065589, 0.6992604010000008], [0.427095643, 0.7009531290000017], [0.426663598, 0.700330688000002], [0.428646721, 0.7014080939999996], [0.428960473, 0.7040024920000008]], "14": [[0.398121772, 0.7689496650000021], [0.401173517, 0.7708503379999996], [0.40102001, 0.77414508], [0.400111033, 0.7703385189999987], [0.402884705, 0.77720107], [0.40105003, 0.7782507179999995], [0.401109355, 0.7720390609999987], [0.401392811, 0.7717521030000019], [0.399945648, 0.7708078729999974], [0.400887469, 0.7724667629999978]], "15": [[0.32184738, 0.7484245439999981], [0.325578753, 0.7590960730000014], [0.32212274, 0.7523212959999995], [0.321254074, 0.7492811059999998], [0.322674128, 0.7500222799999987], [0.322150582, 0.75174782], [0.321625679, 0.7515938550000019], [0.320824586, 0.7476958070000009], [0.322859523, 0.7539652460000006], [0.323150312, 0.7534447769999995]], "17": [[1.036161922, 1.2247220650000008], [1.039835251, 1.2340530490000021], [1.035155018, 1.2193379050000017], [1.043350102, 1.242660019000001], [1.041463503, 1.2240106480000028], [1.033363306, 1.2216144380000007], [1.037708421, 1.2250651410000026], [1.035675334, 1.2254554040000007], [1.034450501, 1.216942379000002], [1.038944741, 1.229202978999999]], "18": [[1.785129228, 0.6138657419999998], [1.76941899, 0.6097903040000001], [1.770907577, 0.6062312319999996], [1.770540438, 0.6060223229999994], [1.784360278, 0.614684820000001], [1.777621726, 0.6097864850000004], [1.79833558, 0.6101722619999993], [1.788950517, 0.6098386769999994], [1.777466331, 0.6088092499999989], [1.792336186, 0.6131406770000001]], "19": [[0.808868336, 1.542449826999996], [0.816464621, 1.5444361079999989], [0.811652493, 1.547441213000003], [0.806923028, 1.538970664999995], [0.809455974, 1.5451996590000059], [0.808025606, 1.541497842999999], [0.811261063, 1.5516332670000048], [0.815439917, 1.5512848050000008], [0.810540596, 1.5508294439999968], [0.806925465, 1.538352543999999]], "20": [[0.418162149, 0.7566143029999984], [0.422227885, 0.7604604450000001], [0.417593217, 0.7486286309999999], [0.418504686, 0.7509584399999997], [0.424190891, 0.7672824359999981], [0.418445271, 0.7534395089999997], [0.418747816, 0.7511231659999996], [0.419493685, 0.7498865260000007], [0.418663758, 0.751587097999999], [0.420030762, 0.7588146269999999]], "21": [[1.819079315, 1.2119166339999996], [1.848092033, 1.2138546629999978], [1.820511262, 1.2154636809999997], [1.811674551, 1.219766587000004], [1.835902635, 1.2167770379999996], [1.807353094, 1.2095922369999994], [1.817263489, 1.2145712970000004], [1.834508278, 1.2165830890000018], [1.811365355, 1.212639638999998], [1.836250016, 1.2106287990000022]]}