{"1": [[0.131731337, 2.170331437], [0.131596095, 2.172701025], [0.132217921, 2.1843437440000004], [0.131790288, 2.1736462649999995], [0.131726417, 2.1786504890000002], [0.131789426, 2.1722311490000004], [0.13177761, 2.1750506540000005], [0.131881569, 2.178882572], [0.13195188, 2.1795453259999995], [0.132047559, 2.1746741890000005]], "3": [[0.092639339, 1.2697257309999999], [0.094078234, 1.281510351], [0.092622869, 1.2809613669999997], [0.094301472, 1.2833299880000002], [0.117202804, 1.268304697], [0.093355645, 1.3052665480000005], [0.094299386, 1.2750458570000003], [0.094686929, 1.30580196], [0.094241967, 1.28090317], [0.093107681, 1.2722877109999997]], "4": [[0.080214191, 0.5530767949999998], [0.079337142, 0.5286467769999998], [0.091680016, 0.5618559249999999], [0.092004874, 0.550288664], [0.088202881, 0.5295705729999999], [0.091524013, 0.5304694360000002], [0.087402169, 0.529953502], [0.077835434, 0.5382328359999998], [0.076180409, 0.5313635030000001], [0.075935994, 0.5300256350000001]], "5": [[0.115926282, 1.0396424560000004], [0.115442246, 1.0203886940000002], [0.116467513, 1.039902518], [0.114492248, 1.0127857709999997], [0.115120446, 1.0185585579999998], [0.115197662, 1.0319159990000002], [0.12308551, 1.0180874279999998], [0.115894205, 1.0600261940000002], [0.123021599, 1.015775265], [0.115574636, 1.0220235789999996]], "6": [[0.031506632, 1.8062962820000001], [0.031472961, 1.7998687579999997], [0.031431836, 1.7974965230000002], [0.031481338, 1.8005965090000005], [0.031438351, 1.8027848620000002], [0.031463532, 1.8034508519999999], [0.031325282, 1.7949850189999998], [0.031436917, 1.8010610739999995], [0.031461309, 1.801684997000001], [0.03140622, 1.8049722490000002]], "7": [[0.089594806, 1.6798171579999994], [0.086747607, 1.6775791420000001], [0.086895012, 1.674909364], [0.087984094, 1.6775628530000002], [0.08782696, 1.6756078000000003], [0.087863075, 1.6757037330000006], [0.088345191, 1.6799290779999998], [0.088380316, 1.6769510250000004], [0.088451302, 1.6768753779999992], [0.089472961, 1.6823866100000002]], "8": [[0.13366405, 1.5838222510000004], [0.133818535, 1.5809468119999999], [0.133287103, 1.584829535], [0.13331245, 1.6035506489999998], [0.133105616, 1.5808251629999996], [0.134164063, 1.5972211790000002], [0.132485219, 1.580944444000001], [0.132885716, 1.5825871520000003], [0.135568032, 1.5866828189999997], [0.13453863, 1.5895364239999992]], "9": [[0.512502706, 1.7759165810000006], [0.505163323, 1.772283688], [0.505002836, 1.7760562220000002], [0.504921556, 1.7736918689999999], [0.509423595, 1.774275701], [0.509227733, 1.782766242], [0.504187262, 1.7765532969999995], [0.505427328, 1.7763247170000005], [0.506064374, 1.7742260429999994], [0.499386508, 1.7874053970000001]], "10": [[0.18476509, 1.821044418], [0.184266462, 1.8129103710000003], [0.202311395, 1.811100622], [0.198929324, 1.7994284330000003], [0.197017335, 1.7939095850000002], [0.19459014, 1.7975606249999998], [0.181062451, 1.7951667339999997], [0.18471084, 1.8181519460000004], [0.199745022, 1.7957227900000001], [0.197575399, 1.8139429710000006]], "12": [[0.07085727, 1.3023065129999998], [0.069674826, 1.2624087099999999], [0.069727656, 1.2648915240000003], [0.069997489, 1.3174988539999999], [0.071164726, 1.3026699880000001], [0.069958346, 1.2507555760000002], [0.069382267, 1.2451806729999997], [0.069694328, 1.2480211179999996], [0.069865359, 1.246949835], [0.069032257, 1.2438077200000004]], "14": [[0.052223794, 1.2941583930000005], [0.054410317, 1.366410958], [0.052986169, 1.2932680040000002], [0.051564845, 1.2969939419999998], [0.052248988, 1.2975987099999997], [0.052347688, 1.299508034], [0.052264653, 1.2975641209999997], [0.052137512, 1.2984439089999997], [0.052331217, 1.2921998430000008], [0.052097179, 1.2927934849999998]], "15": [[0.059138746, 1.3079850930000003], [0.0588493, 1.294720568], [0.051918835, 1.303202979], [0.052256091, 1.3493323140000002], [0.052233618, 1.2973024319999997], [0.052610021, 1.345944846], [0.052507779, 1.318373343], [0.060778507, 1.2914474289999993], [0.062023936, 1.3753003729999993], [0.052333131, 1.3158045000000005]], "17": [[0.138235084, 2.163616719], [0.139649256, 2.160033072], [0.139419665, 2.143355682], [0.137979081, 2.1215083590000003], [0.138732198, 2.1375153310000004], [0.138114547, 2.139767793], [0.138652263, 2.1678503740000004], [0.139195907, 2.1345000840000004], [0.138278076, 2.1445857420000003], [0.138816095, 2.1591989899999997]], "18": [[0.272950054, 1.055341822], [0.255581308, 1.0717916940000003], [0.286063052, 1.058748198], [0.259097387, 1.0546270320000004], [0.249979841, 1.0862998879999997], [0.251190084, 1.052640113], [0.272441401, 1.082374754], [0.264558194, 1.0855602809999998], [0.279663948, 1.053482682], [0.248965138, 1.0534049779999997]], "19": [[0.096385379, 2.384987623000001], [0.096138168, 2.391872259999999], [0.09562108, 2.3794881610000003], [0.096292507, 2.3866673680000003], [0.097116804, 2.393438557], [0.096264821, 2.396993111], [0.096400437, 2.3918452290000003], [0.095625976, 2.3788281000000007], [0.095867708, 2.379706555], [0.09649795, 2.3790641550000005]], "20": [[0.080116942, 1.3762826329999993], [0.079733957, 1.431744226], [0.08067091, 1.4298050660000001], [0.0818456, 1.4328185980000003], [0.081272024, 1.3913526179999998], [0.080265698, 1.3526558569999996], [0.081364131, 1.413705919], [0.079744939, 1.378323005], [0.080892362, 1.4178742240000002], [0.082328322, 1.3777157079999995]], "21": [[0.282188391, 2.2943261680000004], [0.298619434, 2.2134469050000005], [0.281888175, 2.2186632129999992], [0.280895341, 2.226958116000001], [0.287240067, 2.22430003], [0.286520881, 2.21159178], [0.289612291, 2.319966461999999], [0.274593547, 2.2083073360000003], [0.28862173, 2.212671801], [0.264884212, 2.210506238]]}