{"1": [[10.498539899, 5.259379549000018], [10.511770197, 5.264048852000074], [10.490084377, 5.271604040000049], [10.541433163, 5.268014261999974], [10.538129245, 5.30048100000008], [10.527749916, 5.27372953299994], [10.503420681, 5.281725012000028], [10.500006085, 5.269383870000048], [10.510050107, 5.267963237999991], [10.4362278, 5.257344952999976]], "3": [[5.510224099, 3.9361557680000208], [5.496697205, 3.9334830339999614], [5.52367356, 3.942997957999996], [5.507943372, 3.947771212000015], [5.516195851, 3.9458171729999996], [5.53421316, 3.9489820170000325], [5.509182613, 3.9399278450000397], [5.50528791, 3.942885983000007], [5.518516064, 3.9374649120000003], [5.507402047, 3.941493204999999]], "4": [[4.691656744, 2.5816788499999883], [4.700739886, 2.578635620999985], [4.697812232, 2.5782431830000037], [4.722971608, 2.582590463999999], [4.716005955, 2.5818494360000237], [4.699618575, 2.5773071500000344], [4.708162614, 2.5834837959999906], [4.716475451, 2.5839203290000023], [4.705310539, 2.585188742999983], [4.688991461, 2.576653599]], "5": [[4.59626822, 2.6122658479999816], [4.636877316, 2.6286268480000157], [4.630810201, 2.6304537060000026], [4.641759515, 2.6240227909999936], [4.628061076, 2.6276247719999817], [4.63471939, 2.6224034020000038], [4.610637803, 2.6141398900000223], [4.632505673, 2.6251242519999747], [4.652617198, 2.630276749000005], [4.610895715, 2.6173737399999886]], "6": [[6.181168637, 6.12805671099999], [6.178643268, 6.126326197999967], [6.187229619, 6.133536455999973], [6.183386745, 6.129759217000005], [6.191416397, 6.137887731000096], [6.179300242, 6.126072674000063], [6.187202495, 6.13517488], [6.192827826, 6.1394840669999935], [6.196471029, 6.142765805000008], [6.181881835, 6.128766001999987]], "7": [[6.520930796, 4.946001612000046], [6.522566709, 4.943686206000002], [6.529381649, 4.9516797199999205], [6.556413208, 4.952146929999958], [6.545843219, 4.95881606600002], [6.544730633, 4.9574383819999674], [6.53550411, 4.951951012999993], [6.521207516, 4.942602089000031], [6.539635826, 4.95310062599999], [6.526024848, 4.955574093000025]], "8": [[5.202623767, 3.001029051999951], [5.176770522, 2.989772732999983], [5.151226595, 2.9828608189999986], [5.192172063, 3.001392137000011], [5.162231095, 2.9839816569999753], [5.176393044, 2.99063250900002], [5.176096197, 2.990299261999997], [5.169034443, 2.9872967850000136], [5.167919179, 2.9777027599999824], [5.176607146, 2.9952125670000083]], "9": [[11.972899318, 4.303097345000032], [12.084540611, 4.321592711000001], [11.941997936, 4.305080140999999], [12.293000721, 4.589647480000022], [11.96668126, 4.307657818000027], [12.028056721, 4.303393430999993], [11.994071086, 4.31127545199997], [12.005810464, 4.307842574000011], [12.016113501, 4.315678374999996], [11.963168662, 4.322289563000001]], "10": [[7.483933259, 5.079593274000065], [7.474054085, 5.07942179299993], [7.489367238, 5.091716644999976], [7.463796347, 5.075021871000058], [7.484906816, 5.0802573390000045], [7.464858459, 5.0766294780000285], [7.468093107, 5.067581430999998], [7.476112799, 5.067125615999985], [7.504422665, 5.062915302999989], [7.46319429, 5.062096076000003]], "12": [[6.691742889, 5.757125499999959], [6.69163606, 5.753117418999978], [6.70757245, 5.756852865999988], [6.719564863, 5.753217429999957], [6.704115824, 5.762546641000013], [6.705545775, 5.7557645610000705], [6.706235207, 5.7644646330001095], [6.719602638, 5.783075276999974], [6.717109778, 5.77957428399995], [6.699148621, 5.75892570599997]], "14": [[4.522684568, 3.7969979290000397], [4.53525932, 3.803261170999999], [4.536944099, 3.8093629290000366], [4.526602697, 3.79664871000001], [4.525108952, 3.800319886000019], [4.526841374, 3.799044044000024], [4.527603507, 3.8001602100000214], [4.524261467, 3.79570729], [4.527025481, 3.8001422599999675], [4.522099403, 3.7982481660000285]], "15": [[3.349966114, 3.0946723880000087], [3.339659665, 3.089247068000024], [3.361409846, 3.106240591000042], [3.361557763, 3.102943517999991], [3.357007862, 3.1048729969999838], [3.350465423, 3.0971252439999772], [3.351879273, 3.095775727999989], [3.362171309, 3.1022425070000192], [3.354316589, 3.1002343170000186], [3.347515084, 3.0952607359999904]], "17": [[6.99644299, 4.0691116000000065], [7.001834857, 4.070409703000006], [7.044058175, 4.079766332999994], [7.001079906, 4.073201137], [7.01975664, 4.076705636000002], [7.077892666, 4.0749868019999775], [7.020200931, 4.074912285999959], [7.051231066, 4.067893844999993], [7.072692085, 4.080875427999991], [6.977885086, 4.070007750999963]], "18": [[10.442564196, 2.723587501999986], [10.452147769, 2.7217177459999844], [10.486877194, 2.725183500999988], [10.481991714, 2.738011934999987], [10.490589787, 2.7350095799999874], [10.461065562, 2.7150176370000016], [10.434346579, 2.721174320000012], [10.482171506, 2.722210017000007], [10.468391044, 2.7101473569999763], [10.454250208, 2.72241563399999]], "19": [[8.563282796, 7.250381962000065], [8.578606962, 7.256938694999939], [8.580569852, 7.263766853], [8.572948254, 7.260953533999896], [8.559557136, 7.246871033000014], [8.567822201, 7.25449431200001], [8.567940536, 7.252241003999999], [8.544435352, 7.210130548999972], [8.524464267, 7.208618277999929], [8.541258464, 7.206543504000079]], "20": [[5.721851408, 4.829733963999987], [5.722326107, 4.832011387000024], [5.709225491, 4.818605157000039], [5.752753554, 4.835266028000006], [5.735659653, 4.839544283000025], [5.731034647, 4.837086601000009], [5.72445753, 4.831899630000067], [5.727419103, 4.8318501890000345], [5.721717795, 4.827002734999964], [5.736704693, 4.838847770999959]], "21": [[16.764199475, 6.699307760999982], [16.672360632, 6.683312333999985], [16.646331752, 6.68212912500001], [16.632855845, 6.681460894000021], [16.706579765, 6.694061339000006], [16.684323633, 6.6908970039999875], [16.629113569, 6.674358103999987], [16.77850211, 6.727829716999983], [16.679775474, 6.691132475000007], [16.671205869, 6.682705662000019]]}