{"6": [[1.665435332, 1.7414332090000002], [1.662840257, 1.7414776109999999], [1.671600705, 1.744812841], [1.652427837, 1.7393088859999999], [1.654061507, 1.7420418249999998], [1.724310232, 1.746203172], [1.641195761, 1.746227315], [1.653182626, 1.740763088], [1.651344362, 1.7447561239999998], [1.647106707, 1.74207643]], "11": [[0.242889335, 0.726775517], [0.246247665, 0.7417002420000001], [0.240954405, 0.727795031], [0.240404403, 0.728552636], [0.241519937, 0.7321778449999999], [0.242014668, 0.7428205350000001], [0.244550376, 0.7321742489999999], [0.247909244, 0.748961402], [0.24317508, 0.727051946], [0.246085114, 0.7268930129999999]], "12": [[0.25798168, 0.736924559], [0.247623333, 0.731749216], [0.248695053, 0.7413461210000001], [0.250585214, 0.727458986], [0.248855353, 0.726885799], [0.24898642, 0.7281301609999999], [0.259982234, 0.7521832599999999], [0.249665122, 0.7275607], [0.24897539, 0.7312203370000001], [0.249309295, 0.741121082]], "13": [[0.502153452, 1.7269439039999996], [0.501529192, 1.717648963], [0.507403759, 1.7250993620000004], [0.502506814, 1.714844394], [0.508438835, 1.718534333], [0.501036502, 1.7243099520000003], [0.504538725, 1.7266067759999997], [0.49919143, 1.721156921], [0.502870834, 1.713771016], [0.50105999, 1.7146500620000003]], "14": [[0.607916254, 1.717915305], [0.609373929, 1.720307889], [0.613298064, 1.726102585], [0.662754312, 1.7445705309999997], [0.606036364, 1.7131173860000002], [0.608399086, 1.722514044], [0.615984454, 1.7160451500000002], [0.607528214, 1.721000232], [0.620546378, 1.748259885], [0.606551513, 1.7144142450000002]], "15": [[0.512492357, 1.7203231679999997], [0.509994107, 1.7181580379999999], [0.510944012, 1.7277383430000002], [0.511038201, 1.718924786], [0.513246564, 1.7224668959999998], [0.510670009, 1.7172960759999996], [0.513004046, 1.7167885110000003], [0.509766405, 1.721281534], [0.511294345, 1.718982], [0.512272689, 1.7212077789999998]], "17": [[1.787723274, 1.7670282259999999], [1.859864863, 1.7712718119999997], [1.80229157, 1.7694883710000002], [1.793464017, 1.7679912209999997], [1.808240379, 1.7690197410000004], [1.81526845, 1.7703667729999997], [1.886273436, 1.772788412], [1.791192569, 1.769579617], [1.795264605, 1.771197846], [1.79511081, 1.7710372030000001]], "18": [[1.787858559, 1.8048717300000001], [1.785576128, 1.7684767749999997], [1.792848624, 1.7720766129999999], [1.779352741, 1.7703832360000002], [1.784489352, 1.7691718319999996], [1.779971795, 1.7673732959999997], [1.826878775, 1.773448891], [1.799556132, 1.7675353749999998], [1.79179816, 1.7715625230000003], [1.821624788, 1.7695089090000002]], "19": [[2.120237811, 1.8094324519999998], [2.144223136, 1.8112297479999997], [2.046414925, 1.805284046], [2.061101887, 1.8065272549999998], [2.050666914, 1.804199477], [2.067659766, 1.807301172], [2.068152821, 1.8089012530000002], [2.050359797, 1.808891208], [2.051974739, 1.8055887009999998], [2.071683904, 1.805748572]], "21": [[0.454517595, 3.703615774], [0.455807313, 3.634718328], [0.446662164, 3.6032030969999997], [0.447219615, 3.6246267540000003], [0.449241407, 3.6118575020000003], [0.454785066, 3.6380877290000004], [0.449235104, 3.636561674], [0.449099993, 3.615579721999999], [0.445959337, 3.6124643700000005], [0.446854757, 3.6225761910000003]], "22": [[0.286383288, 5.226391425], [0.297052484, 5.249007826], [0.289726836, 5.251635337], [0.286515309, 5.230890561], [0.286884633, 5.246724342], [0.294999253, 5.263787059999999], [0.286684063, 5.217479676000001], [0.294606737, 5.241313857], [0.302376287, 5.239272453999999], [0.297128993, 5.244406581999999]], "23": [[0.423849691, 8.150097734000001], [0.421357867, 8.14173001], [0.422579515, 8.144716093], [0.424354546, 8.113572522], [0.420163571, 8.148658541], [0.42168309, 8.175585875], [0.42612441, 8.207147898], [0.420457736, 8.141869565], [0.426567595, 8.166703336], [0.421019018, 8.152936442999998]], "24": [[1.213605615, 12.019012822], [1.193631334, 12.040838261], [1.19517964, 12.084992678000003], [1.187926284, 12.029568043000001], [1.19259028, 11.983929511], [1.2021994, 11.966763384], [1.201882576, 12.053344011], [1.202543353, 12.093615724], [1.202363951, 12.143600731000001], [1.196186068, 12.002091709999998]], "26": [[0.407552385, 1.7230642909999998], [0.406438577, 1.721687212], [0.408258107, 1.7256279239999999], [0.406431384, 1.720955922], [0.407282685, 1.7162036889999999], [0.408381978, 1.727978751], [0.406656248, 1.7257538260000003], [0.406300888, 1.725619568], [0.407113391, 1.7278023290000002], [0.405554518, 1.71619602]], "27": [[0.41572785, 1.7205780789999998], [0.432410208, 1.719004887], [0.43242881, 1.7209276129999997], [0.417404279, 1.719413504], [0.425317529, 1.71937595], [0.415905014, 1.7182361620000002], [0.419774933, 1.7187571509999997], [0.420414151, 1.715678666], [0.418234972, 1.7223492880000002], [0.414267938, 1.726786491]], "29": [[4.785936217, 3.4621499239999998], [4.748658588, 3.4696303], [4.787163995, 3.4807601320000003], [4.828922721, 3.4611272979999996], [4.771132144, 3.462413361], [4.79776307, 3.4662909479999993], [4.882981021, 3.686430383], [4.781781081, 3.470326801], [4.774529217, 3.474893744], [4.836573468, 3.4611351759999995]], "31": [[0.444929756, 1.6968961150000001], [0.441714957, 1.6997088479999998], [0.44268226, 1.698375717], [0.443666187, 1.7050207819999998], [0.44807211, 1.7033473769999998], [0.443209495, 1.700615994], [0.444270128, 1.700605896], [0.444118328, 1.698842838], [0.443471015, 1.7057810169999998], [0.442691878, 1.6985004609999999]], "32": [[0.472023779, 1.7030618119999998], [0.473043396, 1.7070726960000002], [0.470442192, 1.700403079], [0.471283499, 1.6942401350000003], [0.474126984, 1.7011653850000004], [0.470486146, 1.7103505669999999], [0.473362325, 1.702112653], [0.474766203, 1.700619532], [0.470298114, 1.6959450289999998], [0.471518879, 1.6983147950000002]], "33": [[2.104059928, 0.104808021], [2.122590307, 0.099262728], [2.219262335, 0.105571188], [2.110603015, 0.10470730299999999], [2.110587411, 0.099634391], [2.10267453, 0.10026701299999999], [2.19020113, 0.10541179499999999], [2.127810789, 0.097601617], [2.210158714, 0.10471122100000001], [2.10979393, 0.10390158199999999]], "34": [[2.076999943, 3.9969973100000002], [2.079905441, 3.996308825000001], [2.069169903, 4.020391759], [2.110187134, 4.010412763000001], [2.111651718, 3.9989868089999994], [2.119189108, 3.9866287880000004], [2.0949169, 4.006450858], [2.169733311, 3.9977456199999994], [2.104135477, 3.9953147829999995], [2.097707923, 3.9969125940000008]], "37": [[0.245742267, 3.722708607999999], [0.245597231, 3.692869259000001], [0.252927725, 3.8381426149999998], [0.247343085, 3.7836228189999996], [0.247659754, 3.783172233], [0.247628271, 3.74745608], [0.250943653, 3.7129401170000005], [0.237297511, 3.7082268419999997], [0.238792633, 3.7388210090000005], [0.247209393, 3.806125861]], "38": [[0.19977274, 3.0825857869999997], [0.202510566, 3.1095793470000004], [0.20420187, 3.0650891189999996], [0.205197684, 3.151074759], [0.201853266, 3.1358966319999997], [0.207646925, 3.190569406], [0.205873704, 3.215938059], [0.205215849, 3.1145040770000003], [0.202568664, 3.102590179], [0.202006814, 3.184763017]], "39": [[0.202540236, 3.7640407810000003], [0.208226604, 3.641558158], [0.201183188, 3.721390276], [0.20081338, 3.659348741], [0.212107175, 3.7175470550000003], [0.209798153, 3.7921887310000004], [0.212794686, 3.872267303], [0.208606965, 3.6789135559999995], [0.200750524, 3.7359572699999997], [0.207375914, 3.6924954450000005]], "40": [[0.372080166, 6.959028556], [0.357986541, 6.982275619], [0.365582873, 6.9854885509999995], [0.355878017, 6.894178838], [0.360188295, 6.951124605999999], [0.358910809, 6.927027875], [0.348428075, 6.964059744], [0.358429444, 6.955024274], [0.367253884, 7.124925456000001], [0.366700132, 6.978942045]]}