{"6": [[2.92297055, 1.7278232980000001], [2.91932476, 1.7270033200000001], [2.923390281, 1.7264727830000006], [2.930715182, 1.7244806919999998], [2.931695091, 1.7239885769999999], [2.913619432, 1.7280001119999993], [2.933118728, 1.7236185589999997], [2.946526457, 1.7251418789999997], [2.928521327, 1.7244619800000005], [2.930399693, 1.7267120760000005]], "11": [[0.656154064, 0.7212203030000004], [0.656066103, 0.7199172899999999], [0.656582344, 0.7201700089999999], [0.657374728, 0.7203741139999997], [0.654691081, 0.7196382849999999], [0.658333927, 0.719875754], [0.661307793, 0.7228834930000001], [0.65514656, 0.719355778], [0.662060992, 0.7221920389999998], [0.654962151, 0.7194892410000002]], "12": [[0.681897221, 0.7203565080000002], [0.685353719, 0.7200624940000001], [0.686472636, 0.7205326639999999], [0.680753909, 0.720215783], [0.678994745, 0.720394034], [0.685573787, 0.7225824180000001], [0.684490918, 0.7195923189999999], [0.681980924, 0.7205708700000001], [0.683045326, 0.722403366], [0.688565224, 0.721242624]], "13": [[1.352185443, 1.6930442320000003], [1.358303907, 1.692868327], [1.353857968, 1.687499621], [1.357386317, 1.692246236], [1.381341802, 1.6926788009999993], [1.355022234, 1.6909852000000005], [1.350104416, 1.6948259780000003], [1.368418714, 1.6904349900000004], [1.355220329, 1.6946642859999996], [1.35879297, 1.6928108089999998]], "14": [[1.712989808, 1.6905774860000002], [1.721097651, 1.6940516749999996], [1.715447047, 1.6925830080000002], [1.705918051, 1.6902994069999995], [1.718700671, 1.688423696], [1.724789649, 1.6912608679999999], [1.725089396, 1.6925801680000006], [1.719371786, 1.6877332690000002], [1.717102312, 1.690649905], [1.719024727, 1.6917105030000004]], "15": [[1.402985262, 1.6919746430000007], [1.408293062, 1.6916205299999998], [1.389802473, 1.6866650009999997], [1.399991356, 1.694458575], [1.393882691, 1.6976237739999998], [1.394222934, 1.690695094], [1.391751069, 1.686960766], [1.404283068, 1.6897668990000003], [1.41101612, 1.6919267959999997], [1.419154942, 1.692804837]], "17": [[3.590728478, 1.7343870680000002], [3.625767388, 1.7353590389999998], [3.628340124, 1.7383700580000003], [3.602567718, 1.7361556379999996], [3.585959525, 1.7383431849999997], [3.605777152, 1.7336021249999995], [3.626926835, 1.7354973450000002], [3.609046194, 1.7355092410000004], [3.584808246, 1.7360876820000002], [3.604500811, 1.7363124150000004]], "18": [[3.536379349, 1.732380853], [3.545535129, 1.7314304020000006], [3.571525108, 1.7331006259999997], [3.566779086, 1.7407665609999994], [3.54929187, 1.733620885], [3.570927392, 1.7380018740000007], [3.561877874, 1.7349418330000004], [3.544347056, 1.7321086189999995], [3.563915594, 1.7347704050000001], [3.548989167, 1.7400505929999999]], "19": [[4.489767665, 1.758095097], [4.51715101, 1.762758228], [4.515785888, 1.7591111809999997], [4.519929069, 1.7626284159999999], [4.484101954, 1.756909972], [4.518586286, 1.759771291], [4.503731239, 1.7630633449999997], [4.514385187, 1.759812310000001], [4.492133452, 1.7566129260000007], [4.51366201, 1.7614550499999992]], "21": [[1.414291481, 3.53030328], [1.424178651, 3.6061646460000003], [1.417983248, 3.5517145809999993], [1.41874871, 3.5634118290000005], [1.419139713, 3.56844337], [1.419908672, 3.5837157220000004], [1.417031493, 3.5497763790000003], [1.4149939, 3.535415306999999], [1.415189336, 3.5342918229999993], [1.414436883, 3.5507373980000008]], "22": [[0.943134385, 5.190543873], [0.934252999, 5.161346983000001], [0.935214402, 5.146811963000001], [0.939419679, 5.1770543689999995], [0.937863199, 5.181276558000001], [0.934906267, 5.125922645999999], [0.93607357, 5.146718066999999], [0.929693863, 5.136367694999999], [0.938085416, 5.143462527999999], [0.936604878, 5.140496132999999]], "23": [[1.405985545, 8.070810764], [1.402946696, 8.083405499999998], [1.396157365, 8.025696874000001], [1.395244275, 8.002683605], [1.394597763, 8.017161719], [1.404288834, 8.066642529999998], [1.394023057, 8.027888087000001], [1.402301315, 8.059127512], [1.393098021, 7.998819975], [1.416236623, 8.121486733000001]], "24": [[4.357040699, 11.917674544999999], [4.385651437, 12.019097075000001], [4.37861834, 12.070302395], [4.37798177, 11.976894738999999], [4.369110699, 11.888164208000003], [4.354562272, 11.845870999999999], [4.407454832, 12.041567393999998], [4.442425531, 12.015157746], [4.358573343, 11.852542098], [4.400394993, 12.042673445000002]], "26": [[1.043889912, 1.6916063700000004], [1.040185965, 1.6908066849999996], [1.043476151, 1.691894522], [1.04353383, 1.6922597920000002], [1.041946588, 1.6923634359999995], [1.04532411, 1.6914812310000003], [1.043247708, 1.6880039800000004], [1.042622895, 1.6920798610000003], [1.043918681, 1.691785731], [1.043453873, 1.6951268590000002]], "27": [[1.070141462, 1.6921387800000005], [1.066076824, 1.6921817049999999], [1.066991134, 1.6954135460000004], [1.073698363, 1.6917896699999995], [1.067841979, 1.691678583], [1.066319446, 1.6883279830000002], [1.069198566, 1.6889070560000001], [1.060297605, 1.6940590599999998], [1.058431939, 1.6916504610000003], [1.066201243, 1.69349525]], "29": [[14.669538544, 3.3543731450000007], [14.535428136, 3.337629997], [14.577729973, 3.341695989999999], [14.55498235, 3.3546566330000003], [14.534181534, 3.337104449], [14.612146278, 3.342638293999999], [14.718609884, 3.348206697], [14.566918095, 3.34132185], [14.568294994, 3.355581001999999], [14.580881968, 3.3437693539999986]], "31": [[1.224054242, 1.6768892599999998], [1.230271171, 1.6798921480000004], [1.225022497, 1.6781717580000002], [1.223906735, 1.6837544580000006], [1.221164062, 1.676360336], [1.231708033, 1.6792418119999994], [1.224459068, 1.6743128749999998], [1.22374313, 1.679472247999999], [1.226665523, 1.6778245369999998], [1.229339512, 1.6778909439999996]], "32": [[1.314312526, 1.6740921149999997], [1.320333265, 1.6756214049999996], [1.319295439, 1.6743314580000002], [1.317299806, 1.671342703], [1.313359067, 1.6731765209999996], [1.323462188, 1.670283338], [1.323277127, 1.6759486770000005], [1.309165164, 1.672686231], [1.316641785, 1.676999011], [1.327559766, 1.6746258749999998]], "33": [[5.014460459, 0.09536026099999999], [5.040244429, 0.096720191], [5.037482438, 0.09649133600000001], [5.016865761, 0.09735622799999996], [5.051616618, 0.095234083], [5.029045753, 0.09734361199999998], [5.078573783, 0.096080254], [5.060242755, 0.09639702300000003], [5.040750054, 0.09788489300000001], [5.062549745, 0.096390902]], "34": [[4.52403597, 3.962794875000001], [4.534301369, 3.9920803730000003], [4.493639352, 3.9818152480000006], [4.514841362, 3.9858073319999994], [4.494202099, 3.980109643], [4.533815104, 3.9834773669999994], [4.517257847, 4.000293826999999], [4.518128194, 3.9710565970000014], [4.502174515, 3.981929751], [4.494828643, 3.991394786]], "37": [[0.716369048, 3.673197054000001], [0.718223038, 3.667973058], [0.722558006, 3.6805594860000004], [0.719838456, 3.6697559689999997], [0.72013497, 3.6777092179999986], [0.714422613, 3.632444026999999], [0.722629035, 3.692114514], [0.718509823, 3.6625648660000003], [0.718132532, 3.6583649810000005], [0.730614964, 3.699130394]], "38": [[0.61075969, 2.987593854], [0.61147145, 3.0014042409999995], [0.610799861, 2.984725733999999], [0.60942741, 3.0044585589999997], [0.614405246, 3.0099523789999996], [0.629643475, 3.0931350240000004], [0.618487576, 3.0123599109999986], [0.616856306, 3.030726078999999], [0.629232726, 3.0875227609999993], [0.609070357, 3.021406223000001]], "39": [[0.662701458, 3.6913977140000007], [0.662214266, 3.670212163], [0.651571069, 3.6072756859999995], [0.651207472, 3.618106001000001], [0.655747378, 3.6396160880000004], [0.648255546, 3.625965819999999], [0.645950964, 3.630760523], [0.650151037, 3.6292794079999995], [0.648449404, 3.594491753999999], [0.649699564, 3.622798113]],