{"6": [[4.723406066, 1.7161044680000002], [4.727754871, 1.719094544999999], [4.696002143, 1.7164054569999996], [4.726322251, 1.7198591190000003], [4.705900609, 1.7169750889999993], [4.731542058, 1.7165394489999997], [4.736693708, 1.7215706240000008], [4.748914934, 1.7193260340000003], [4.700065733, 1.7170514849999994], [4.738066579, 1.722907101]], "11": [[1.232953293, 0.7199680470000003], [1.240364173, 0.7191149959999997], [1.236440471, 0.7203126399999996], [1.256258665, 0.7197468480000008], [1.248937522, 0.7181325920000003], [1.243443962, 0.7193517430000002], [1.252767293, 0.7191727270000001], [1.238566569, 0.7196170319999997], [1.226485689, 0.7185533399999997], [1.243273056, 0.720118798]], "12": [[1.290080277, 0.7188969520000004], [1.300520228, 0.7189045630000004], [1.282161665, 0.7182892909999994], [1.298162644, 0.7182284069999998], [1.283636613, 0.7204524040000008], [1.284253032, 0.7187703760000002], [1.291402483, 0.7205068650000002], [1.29105134, 0.7204285090000007], [1.292310803, 0.7188734950000002], [1.283495036, 0.7190823570000004]], "13": [[2.511997613, 1.690501361], [2.508479108, 1.6890636829999996], [2.530305361, 1.6876072709999999], [2.530617403, 1.6904854779999994], [2.529596262, 1.6938324859999996], [2.537544393, 1.6884645760000012], [2.525305407, 1.6878602100000002], [2.523850378, 1.6849495580000013], [2.509913649, 1.6877674760000012], [2.51913301, 1.6858473879999996]], "14": [[3.217948733, 1.687456655], [3.264792985, 1.6907868549999998], [3.236595687, 1.688304405999999], [3.225725811, 1.6858573460000008], [3.213530154, 1.6866715999999995], [3.249817543, 1.6871035290000003], [3.228200947, 1.6885922150000006], [3.227421967, 1.6863533189999997], [3.197735091, 1.685690474], [3.235803903, 1.6896779019999997]], "15": [[2.607366219, 1.6918511269999998], [2.614953506, 1.6860660640000007], [2.624448305, 1.6898141859999993], [2.613395944, 1.690089759000001], [2.601561637, 1.6885831109999994], [2.636290668, 1.6916181349999992], [2.624511662, 1.6882998790000003], [2.599418636, 1.6911431840000002], [2.615622042, 1.691598919000001], [2.603926089, 1.6924739899999994]], "17": [[6.066624567, 1.7272860160000003], [6.079490114, 1.7292474879999984], [6.046510105, 1.7224100660000001], [6.120629445, 1.7329372660000009], [6.083872539, 1.728558249999999], [6.068967451, 1.7277473729999997], [6.052474496, 1.7273276770000006], [6.111172413, 1.7290828410000008], [6.118201078, 1.7266497770000002], [6.097579373, 1.728042339]], "18": [[6.014572185, 1.7269309180000003], [6.017236467, 1.7269223779999998], [6.026074123, 1.728898526], [6.021460224, 1.7338245359999995], [5.996606108, 1.728491865], [6.048581707, 1.7323141060000002], [6.007899588, 1.727766646000001], [5.990898658, 1.7268409309999995], [6.019386463, 1.7301945369999998], [5.995228605, 1.7284997129999995]], "19": [[8.061038677, 1.7506013359999986], [8.094214866, 1.748142124], [8.079921939, 1.75265636], [8.073014943, 1.7449228189999997], [8.06506632, 1.7482341019999996], [7.98713713, 1.7491205920000001], [8.106671429, 1.7493791579999995], [8.125942016, 1.751639087], [8.107692691, 1.7525967300000003], [8.056068204, 1.747694757]], "21": [[2.786542702, 3.5621764029999996], [2.790390694, 3.5878753429999994], [2.780556246, 3.5592431510000013], [2.778006282, 3.5389883529999993], [2.779271513, 3.5515164220000006], [2.773245395, 3.5208987589999987], [2.775268538, 3.5250129989999985], [2.77245722, 3.528643454], [2.78237254, 3.577094225999999], [2.785580989, 3.5737870149999975]], "22": [[1.793468791, 5.121122829], [1.806562889, 5.205272463000003], [1.806669005, 5.180135848000001], [1.799269025, 5.147768303999996], [1.796723926, 5.127886042999999], [1.820724786, 5.178685957000001], [1.788119901, 5.129149089999998], [1.802813842, 5.1673124519999964], [1.807883811, 5.165664884], [1.792698549, 5.139015467000002]], "23": [[2.72186455, 8.001469432], [2.722990092, 8.01823971], [2.75396875, 8.038368927000006], [2.741384524, 8.095541070999996], [2.72162215, 7.997564153999998], [2.73281787, 8.056835587000002], [2.749115159, 8.119761790999993], [2.740847613, 8.082994768], [2.731911956, 8.046840657000004], [2.718548991, 8.007093786000002]], "24": [[8.628515016, 11.857498590999999], [8.650006895, 11.918093616], [8.67871265, 11.937488601000009], [8.650504778, 11.965568170000004], [8.766471337, 12.115067187999994], [8.705631575, 11.999148354000006], [8.649769299, 11.840168072999997], [8.634612177, 11.832473564000008], [8.730574586, 11.992777344999997], [8.710133277, 12.096589121999996]], "26": [[1.93349554, 1.691434663], [1.924889781, 1.6897400759999996], [1.915551768, 1.6865301470000005], [1.916319001, 1.6868770509999989], [1.91435497, 1.687834625999999], [1.913591325, 1.688236178], [1.918112171, 1.6889584049999993], [1.911952994, 1.687924151], [1.915652018, 1.6857395809999995], [1.917706833, 1.6879115919999994]], "27": [[1.95143035, 1.6894409940000001], [1.975480447, 1.6888175320000005], [1.960495252, 1.6881953829999992], [1.956324433, 1.6871627299999996], [1.964045633, 1.6869724730000004], [1.98385225, 1.6899091520000005], [1.968956107, 1.692029039999999], [1.960309114, 1.6866086529999995], [1.955858025, 1.6896377350000003], [1.959232038, 1.6902947329999998]], "29": [[27.455780151, 3.341763721000003], [27.423923305, 3.336382694], [27.466538374, 3.3293369380000004], [27.432515158, 3.340994559], [27.435185489, 3.3416144609999994], [27.632623438, 3.340515830000001], [27.545263578, 3.332708872], [27.556569667, 3.3524102920000005], [27.322233609, 3.330992104000001], [27.499847586, 3.3362898270000003]], "31": [[2.290701266, 1.671698475999999], [2.295069554, 1.6718630319999992], [2.306555791, 1.66951215], [2.294894436, 1.6752749299999992], [2.307634192, 1.6777019130000006], [2.306309762, 1.6728059369999997], [2.299450129, 1.671291133], [2.29711306, 1.6710647120000002], [2.308135127, 1.675797720000001], [2.292139263, 1.669136450999999]], "32": [[2.493458746, 1.677835129], [2.505150776, 1.681071817999999], [2.485165386, 1.6745173429999995], [2.486190837, 1.6708903380000013], [2.48820995, 1.6763563929999996], [2.50731619, 1.6684933440000007], [2.488684188, 1.6748740960000004], [2.489598609, 1.6770448800000006], [2.469215098, 1.6711168220000008], [2.481407579, 1.6766060510000003]], "33": [[8.575971581, 0.0949629109999999], [8.522255057, 0.09592332099999999], [8.65986456, 0.09472075599999996], [8.660834184, 0.09556740199999997], [8.646883259, 0.0948998429999999], [8.658068385, 0.09598251999999999], [8.539725025, 0.09512177299999992], [8.591275713, 0.09579963999999992], [8.563474797, 0.0959886889999999], [8.661026222, 0.096239463]], "34": [[8.000223458, 3.978161030000001], [7.943259657, 3.983741110999998], [7.994124017, 4.002014941000001], [7.909653385, 3.978370581], [7.94916982, 3.9778383269999997], [7.968537448, 3.9818700799999975], [7.974813805, 3.986778813000001], [8.014400984, 4.000598729999998], [7.892117539, 3.9890448209999985], [7.987282907, 3.985335817000001]], "37": [[1.39115365, 3.7129034709999997], [1.383808802, 3.670837699999998], [1.3757683, 3.6427959259999985], [1.386324352, 3.6919291389999986], [1.37388743, 3.6552501600000005], [1.374794185, 3.662599369999998], [1.375026694, 3.660668347999999], [1.371384472, 3.631508253000001], [1.366943529, 3.627384348999999], [1.382488818, 3.6677785160000003]], "38": [[1.169729708, 2.9989840900000004], [1.175780527, 3.0293363879999995], [1.219829057, 3.1999834130000004], [1.173476172, 3.0128416649999985], [1.196925813, 3.1001502570000006], [1.170627025, 3.0010014009999995], [1.164055189, 2.9916994909999977], [1.187513173, 3.0607011380000007], [1.20033546, 3.1062157849999967], [1.177844341, 3.027880219]], "39": [[1.261205199, 3.613503791000001], [1.273975288, 3.660218460000002], [1.263972196, 3.623576099999997], [1.258631074, 3.6007464840000005], [1.264811182, 3.6397848350000004], [1.273800293, 3.658141358999998], [1.260330952, 3.623642476000001], [1.254481158, 3.594578283], [1.279999589, 3.6785162280000003], [1.264888416, 3.627697831999999]],