{"6": [[1.703943931, 2.591328153], [1.692159229, 2.5913515739999995], [1.661446021, 2.58809611], [1.614854362, 2.5881873309999994], [1.633053701, 2.586602098], [1.644304884, 2.5937026949999997], [1.65982061, 2.599628984], [1.695381612, 2.5866247619999996], [1.641722745, 2.593191324], [1.619861963, 2.5872384180000005]], "11": [[0.183699047, 0.958931083], [0.184080583, 0.9558061099999999], [0.17879119, 0.991419772], [0.182502593, 0.9391702459999999], [0.182985067, 0.9477880779999999], [0.178429475, 0.9472435550000001], [0.18541366, 0.987767254], [0.178820951, 0.9890744959999997], [0.178956433, 0.9877286839999999], [0.18455045, 0.9380730460000002]], "12": [[0.191055325, 0.9416029899999999], [0.184967194, 0.940349192], [0.184952152, 0.988198117], [0.189545982, 0.9595919669999999], [0.191506125, 0.95837062], [0.19204732, 0.9954796279999999], [0.192319033, 0.9427498630000001], [0.190169547, 0.940640728], [0.191489664, 0.93777438], [0.184373249, 0.989309109]], "13": [[0.444593349, 2.3218645580000006], [0.446257713, 2.337166753], [0.540660409, 2.356204685], [0.445573614, 2.358390163], [0.441272618, 2.3373109220000003], [0.439046542, 2.3487887310000004], [0.441216212, 2.3470714590000004], [0.437984714, 2.3577006729999996], [0.445219372, 2.3417092150000003], [0.442242444, 2.3396458219999996]], "14": [[0.57533593, 2.3690063509999995], [0.574239859, 2.3388313349999996], [0.56532298, 2.3445633579999994], [0.583717022, 2.342467214], [0.579125491, 2.337890973], [0.569182617, 2.3340194839999997], [0.582102969, 2.343405074], [0.572349283, 2.3394291449999995], [0.571345018, 2.3366822309999997], [0.572415777, 2.3412146629999997]], "15": [[0.44654993, 2.3394583110000005], [0.455942889, 2.335488367], [0.448723499, 2.3563236750000005], [0.452330079, 2.3439767700000003], [0.454841712, 2.340458174], [0.452584706, 2.345103894], [0.453465083, 2.3378675140000005], [0.44940294, 2.3247582600000003], [0.449399196, 2.34296669], [0.451779279, 2.336881328]], "17": [[1.955341109, 2.630099223], [1.933194977, 2.6301225589999992], [1.943266211, 2.628456176], [1.95867492, 2.632204716], [1.953114092, 2.632507006], [1.939999264, 2.628163563], [1.939911827, 2.6194916100000007], [1.937846406, 2.6154849450000004], [1.927303149, 2.6247364770000003], [1.962652939, 2.6327997720000003]], "18": [[1.929347105, 2.6297116370000007], [1.931690875, 2.6261585219999994], [1.939143851, 2.630278293], [1.939607874, 2.620102543], [1.945538427, 2.6348048000000004], [1.929959657, 2.6260498319999996], [1.932926513, 2.6233148050000006], [1.928737498, 2.628625576], [1.926861244, 2.625684301], [1.934998801, 2.615900207]], "19": [[2.336155424, 2.666374495], [2.3579171, 2.672830617], [2.342743556, 2.665764456], [2.339870346, 2.672521271], [2.372813524, 2.665266908999999], [2.344204411, 2.6632424610000003], [2.341328013, 2.662598284], [2.340928213, 2.6646782000000004], [2.336929213, 2.667774978], [2.328358353, 2.6805224130000003]], "21": [[0.376265931, 5.457691039999999], [0.371308572, 5.480595839999999], [0.388524563, 5.552793973], [0.38103204, 5.503034510000001], [0.394595799, 5.479851274], [0.368652795, 5.482508567000001], [0.409622138, 5.508106060999999], [0.383795771, 5.483702105000001], [0.377952157, 5.492612214999999], [0.378513127, 5.467270202]], "22": [[0.251953024, 7.650763238], [0.247479842, 7.6694708920000005], [0.266347787, 7.645208937], [0.261190189, 7.65019788], [0.263912453, 7.64316202], [0.254727839, 7.635507737000001], [0.256192146, 7.697610292000001], [0.256304482, 7.626748066999999], [0.252348712, 7.671954639000001], [0.255166143, 7.668055696]], "23": [[0.350124739, 12.137597301999998], [0.362231914, 12.165857981999997], [0.361818412, 12.154356749], [0.358544486, 12.122657101], [0.355611848, 12.06289797], [0.35793703, 12.139447574000002], [0.349396935, 12.158401812000001], [0.353540087, 12.065535908000001], [0.366944794, 12.159435156], [0.35773684, 12.079601037]], "24": [[1.010462448, 18.360938528], [0.993521451, 18.382993022999997], [0.976031203, 18.200749708999997], [0.985807756, 18.311007164], [1.006754699, 18.231259237000003], [1.003358543, 18.313188671], [0.996453244, 18.296342478], [1.02302831, 18.317782422], [0.988075021, 18.319075476000002], [0.983735139, 18.248303803999995]], "26": [[0.354829055, 2.331277174], [0.35759498, 2.3274662150000003], [0.3580006, 2.3462633419999994], [0.352886576, 2.340759098], [0.355000966, 2.340175778], [0.355024387, 2.32923409], [0.352170791, 2.3338178559999996], [0.352377103, 2.345341668], [0.3525444, 2.334532297], [0.358382347, 2.3351624820000003]], "27": [[0.370140326, 2.3341490510000003], [0.382520555, 2.340576177], [0.375293525, 2.3304672009999994], [0.376182092, 2.334975375], [0.366969383, 2.3413445550000005], [0.375888031, 2.331901953], [0.370568931, 2.341010173], [0.373731854, 2.3265401900000002], [0.371184495, 2.3256087680000004], [0.381772267, 2.331548174]], "29": [[4.483767271, 5.5746449149999995], [4.465259508, 5.587709536999999], [4.407059298, 5.805372612999999], [4.496599494, 5.385091028], [4.429612583, 5.586314461], [4.491350337, 5.497164349999999], [4.493041274, 5.644876720000001], [4.502919759, 5.627599965], [4.484397817, 5.823875458000001], [4.514300142, 5.710328037999999]], "31": [[0.407472243, 2.31052487], [0.40967715, 2.3286550679999998], [0.409242027, 2.314974599], [0.407022025, 2.3121339169999997], [0.406386212, 2.3170502870000003], [0.413215804, 2.3201337010000005], [0.405430152, 2.307124117], [0.410777602, 2.33731178], [0.405645248, 2.3155372389999997], [0.408562839, 2.3123643400000002]], "32": [[0.427726443, 2.328837251], [0.426838242, 2.328880879], [0.424200871, 2.31972152], [0.426365247, 2.315817113], [0.428991326, 2.327565826], [0.426428362, 2.321838442], [0.427210913, 2.3334001460000002], [0.426556134, 2.321029858], [0.425363652, 2.3178555550000004], [0.426649037, 2.3163971389999998]], "33": [[2.529533245, 0.14582103999999999], [2.540449616, 0.14607279699999998], [2.542254243, 0.15365829800000003], [2.533184095, 0.14595718799999996], [2.530050132, 0.15352579300000002], [2.536359758, 0.147425556], [2.54982738, 0.14669605599999996], [2.554370279, 0.145400727], [2.548017884, 0.14745726100000006], [2.542615192, 0.144770386]], "34": [[2.81528098, 6.620410593], [2.817745693, 6.66321312], [2.78673167, 6.673019633999999], [2.699260304, 6.600539876000001], [2.751416343, 6.627008141000001], [2.817380872, 6.636392403000002], [2.731585048, 6.648853468999999], [2.773203901, 6.6901993189999995], [2.813534941, 6.664650058999999], [2.787598558, 6.648056444000001]], "37": [[0.213723807, 5.746570254], [0.211942212, 5.723198646999999], [0.208316603, 5.698211584999999], [0.203868531, 5.702777049999999], [0.209354266, 5.7495522139999995], [0.21624712, 5.755114572], [0.211697614, 5.641847002], [0.200379024, 5.810155699000001], [0.211788814, 5.761186801999999], [0.20274642, 5.801346700000001]], "38": [[0.161925638, 4.649153194000001], [0.162307544, 4.647265453000001], [0.165631163, 4.678426003999999], [0.158725876, 4.719959434000001], [0.161217706, 4.628028034999999], [0.162179544, 4.678848221], [0.158495181, 4.613150597], [0.167476352, 4.629981892], [0.160050823, 4.646298889], [0.16427314, 4.622727606]], "39": [[0.181302078, 5.586409246], [0.170514574, 5.546536609000001], [0.178187471, 5.51528724], [0.181131895, 5.460617073000001], [0.192421699, 5.52647394], [0.170292675, 5.5801674530000005], [0.17673273, 5.568149717], [0.189746089, 5.530041272], [0.174515224, 5.596525238999999], [0.162813694, 5.53610076]], "40": [[0.311778511, 10.865541793999999], [0.313322613, 10.969522285000002], [0.313926583, 10.938303756000002], [0.314398002, 10.841203976], [0.301731509, 11.111678389], [0.314782311, 10.946894511999998], [0.313314598, 10.922089325000002], [0.31946304, 11.016916100000001], [0.297600655, 10.865248512], [0.294284325, 11.060460363999997]]}