{"6": [[16.537202035, 3.3939599850000044], [16.413666294, 3.387693172999995], [16.517553033, 3.4009428939999977], [16.42272865, 3.3983914340000014], [16.587258935, 3.3946642299999983], [16.527708085, 3.3916901800000057], [16.480165049, 3.398357172000004], [16.409996531, 3.412766336000003], [16.576289954, 3.405163603999995], [16.428160522, 3.393943373999993]], "11": [[4.894825191, 1.1939013430000025], [4.889277948, 1.195436812000001], [5.012481074, 1.196796502], [4.933106171, 1.1971148319999994], [4.876306878, 1.195549335999997], [4.907806213, 1.1987107069999972], [5.145379409, 1.195916192000001], [4.924852258, 1.195015613999999], [4.912461116, 1.1995911490000015], [4.924083737, 1.196897028999998]], "12": [[5.09790239, 1.1964666329999982], [5.155203009, 1.1975754790000015], [5.078581262, 1.199225653000003], [5.177687383, 1.1975859060000011], [5.109675162, 1.1981298290000002], [5.078034287, 1.1945719040000027], [5.132765201, 1.1947130660000018], [5.075852646, 1.195262978999998], [5.181594603, 1.194822924999996], [5.053622615, 1.194678328]], "13": [[10.708498159, 3.4486543580000006], [10.753958746, 3.447473931999999], [10.677457479, 3.4482570049999954], [10.660427961, 3.4393595949999973], [10.738986743, 3.4466886389999964], [10.810614756, 3.450486144999993], [10.724970398, 3.4485895969999962], [10.692572019, 3.441260246999998], [10.697604129, 3.4505611149999993], [10.612286588, 3.443022950000004]], "14": [[13.194833114, 3.441635466999996], [13.119518635, 3.449500997], [13.046199861, 3.442324645999997], [13.070009337, 3.4464854770000053], [13.142816841, 3.4443822389999967], [13.066981414, 3.4460256980000006], [13.073398092, 3.4455297239999885], [13.106122768, 3.4461425440000037], [13.017341174, 3.4563148240000046], [13.043657838, 3.444182685999993]], "15": [[10.941567589, 3.445815579999987], [10.965671249, 3.4513929139999884], [10.917752928, 3.4444856879999977], [10.908988394, 3.448638107000005], [10.884803566, 3.4439893599999998], [10.980381458, 3.449153154999999], [10.955267771, 3.4485206260000005], [10.965739628, 3.4451258989999998], [10.941224305, 3.4455952489999992], [10.931394639, 3.448425345]], "17": [[23.301774227, 3.4529432459999967], [23.596202634, 3.4871930429999947], [23.610186544, 3.484590682000004], [23.39764088, 3.4444645469999893], [23.689746315, 3.4697619370000132], [23.525680814, 3.4381291779999974], [23.393620816, 3.4525030480000174], [23.313818324, 3.4601480579999984], [23.412316831, 3.453746858999998], [23.293719285, 3.4816136180000004]], "18": [[22.935371612, 3.464019249000001], [23.043266828, 3.480562666000002], [22.936072847, 3.484945045], [22.883980129, 3.4502610660000004], [22.926920224, 3.485811564999998], [22.714216236, 3.450544571999999], [22.963858805, 3.4579832839999987], [23.053965163, 3.488689476999997], [22.819368606, 3.4580522780000003], [23.000555235, 3.473890848000003]], "19": [[32.642838275, 3.4721317300000027], [32.712515736, 3.4730802950000026], [32.788383147, 3.494640215000009], [32.866135903, 3.498340345000002], [32.671732939, 3.464269493000005], [33.056166423, 3.478604054999999], [32.864082831, 3.4969111429999975], [32.934873009, 3.5172927330000068], [32.710921615, 3.4982977990000017], [32.683027794, 3.469240389999998]], "21": [[18.456662255, 11.431770745999989], [18.370006342, 11.351729510000007], [18.42063651, 11.415678596999978], [18.391305592, 11.399650926000001], [18.413458749, 11.38130886899998], [18.487747231, 11.45530221799999], [18.405034424, 11.417018295000021], [18.394139863, 11.412605965999987], [18.423966867, 11.386586251000022], [18.400593945, 11.399770710000016]], "22": [[15.813645727, 14.10799966500001], [15.654515516, 13.950746655999998], [15.680061367, 13.98938879099999], [15.701717831, 14.010270237000029], [15.666086806, 13.97244263500001], [15.655937575, 13.962904932000034], [15.624319235, 13.935307847999962], [15.622847225, 13.92067272900002], [15.744894563, 14.055874141999961], [15.680722848, 13.983872053999992]], "23": [[25.819170701, 23.19764422700004], [25.699912149, 23.09262628699996], [25.826379503, 23.22636914499989], [25.745088865, 23.129694605999997], [25.725027716, 23.109894322999963], [25.748214836, 23.13737208800002], [25.798972323, 23.192993613000116], [25.714457008, 23.099634669000046], [25.674601027, 23.06886043599999], [25.829683711, 23.19092504500003]], "24": [[55.225712563, 33.12744965500002], [55.415571857, 33.267662812], [55.27885246, 33.0924036429999], [55.35062636, 33.13282885199999], [55.341867578, 33.07721496699996], [55.482892821, 33.19758038499997], [55.228493548, 33.104452507000076], [55.229955606, 33.0995178069999], [55.296655622, 33.1460619870001], [55.294557381, 33.156292018]], "26": [[8.345843146, 3.440415872999999], [8.401139859, 3.4454514800000076], [8.395376335, 3.4459591589999965], [8.389429166, 3.4463926930000084], [8.400746874, 3.4469679399999995], [8.533378976, 3.4503846049999987], [8.421122325, 3.4403681829999915], [8.485738143, 3.4481436769999947], [8.432850047, 3.446285314999996], [8.374744435, 3.441594295999997]], "27": [[8.572322185, 3.446146014], [8.681685811, 3.440964191999994], [8.529727293, 3.447048596000004], [8.513735739, 3.4430338869999932], [8.645249434, 3.445973224000002], [8.577097253, 3.4505662729999975], [8.537359884, 3.4399108639999962], [8.712015216, 3.4443376979999996], [8.546592587, 3.445423707999999], [8.56857234, 3.4440382379999974]], "29": [[122.453696277, 11.307987427999972], [122.45042458, 11.297774292000001], [122.889380822, 11.274200653999998], [121.985689955, 11.29580006299999], [122.66576212, 11.315076027000014], [123.828653982, 11.317421947000001], [121.944106333, 11.316811855], [122.544474758, 11.313560163000002], [122.684522455, 11.304871807999994], [122.902534215, 11.312153893999973]], "31": [[9.843484064, 3.285613027000006], [9.673377692, 3.2843877550000022], [9.720968733, 3.289913822000006], [9.863553667, 3.284458114000002], [9.724512482, 3.289505421999988], [9.712708529, 3.286501449999996], [9.717582498, 3.2878783440000072], [9.715000373, 3.2895866369999993], [9.738975238, 3.2886437529999983], [9.692752955, 3.2859786699999978]], "32": [[10.782964938, 3.2900825610000015], [10.858079104, 3.283815038999999], [10.752365779, 3.296952599999995], [10.736861719, 3.290552963999998], [10.783589833, 3.2874347909999964], [10.876449946, 3.288381212000007], [10.735340544, 3.287635061999991], [10.692239142, 3.287068317999988], [10.722970772, 3.288447906000001], [10.698812925, 3.2841425309999934]], "33": [[32.747563041, 0.7131887829999984], [32.66951606, 0.7115748530000006], [32.644039776, 0.7113685440000016], [32.373837834, 0.7100234520000003], [32.540871723, 0.7109762289999979], [32.662568315, 0.7114424129999999], [32.616965615, 0.7105035719999977], [32.328960794, 0.7124488660000001], [32.568397696, 0.7127424630000001], [32.785656221, 0.7113498849999966]], "34": [[34.890495491, 12.31483094000004], [35.159590298, 12.285242632000006], [34.859310496, 12.329851758999999], [34.697132229, 12.335803577000034], [34.85219007, 12.296821193999993], [34.899862814, 12.330417238999992], [34.785648624, 12.270382226999985], [34.967617964, 12.290705064000008], [34.870769588, 12.281932971000007], [34.542771956, 12.23128545200003]], "37": [[13.091720331, 11.469409660999995], [13.077018366, 11.462614502999987], [13.03602473, 11.438930880000008], [12.974255558, 11.408512234999993], [13.065927777, 11.494699823000024], [13.107578723, 11.499869619999982], [13.018175275, 11.422577884999995], [13.029373548, 11.454088099000009], [13.086435032, 11.48259391200001], [13.096164994, 11.470799899999996]], "38": [[11.2629382, 9.826766989000028], [11.302642991, 9.846247187000012], [11.294372537, 9.840939601000013], [11.294428496, 9.828785821000032], [11.288155418, 9.826381922000026], [11.28951888, 9.841669728000014], [11.289163184, 9.821758637000015], [11.305048583, 9.84840725500001], [11.299776736, 9.839631429000006], [11.288027806, 9.842967053000033]],