{"6": [[5.628234296, 4.203879364999998], [5.662716549, 4.220511935], [5.670870782, 4.228335626000001], [5.614660414, 4.205046934999998], [5.706464141, 4.238176346999998], [5.678163023, 4.210755248000001], [5.682549475, 4.2119361039999985], [5.700661958, 4.227621675999998], [5.660978194, 4.217153438], [5.649871078, 4.2072074210000014]], "11": [[1.767324525, 2.7135008030000014], [1.757334834, 2.7203711450000014], [1.768671611, 2.723751460000002], [1.787388808, 2.5932287750000014], [1.762077387, 2.7136773929999993], [1.764001302, 2.674238126], [1.757344704, 2.5296094370000017], [1.769299738, 2.632866962000001], [1.774130239, 2.7178250860000017], [1.774437985, 2.67345796]], "12": [[1.81107696, 2.719639763000002], [1.830882246, 2.682603153], [1.812230135, 2.67222769], [1.81441729, 2.7104125160000017], [1.806988825, 2.617257370000001], [1.81041604, 2.665259097999998], [1.822691433, 2.7066305030000004], [1.814765562, 2.5907273129999995], [1.810567661, 2.6168049599999996], [1.824418187, 2.7223402130000007]], "13": [[3.363825825, 4.178625805999998], [3.382294995, 4.131920129000001], [3.360928381, 4.027510883999998], [3.363576822, 4.120880040000001], [3.369629095, 4.134614328999997], [3.348672797, 4.076526107999997], [3.289042023, 4.054673814999999], [3.339646136, 4.058859832], [3.355615688, 4.188859505999999], [3.359762008, 4.0655604249999975]], "14": [[4.008017529, 4.114532932], [4.057362363, 4.114260034999997], [4.079293405, 4.127108809], [4.066854256, 4.1186494100000015], [4.117355869, 4.1940726869999985], [4.073320342, 4.185640306999998], [4.091933706, 4.186626548000001], [4.092237251, 4.192300269000001], [4.02263751, 3.884724232], [4.101407728, 4.126993437000002]], "15": [[3.443550435, 4.069474497000002], [3.458418068, 4.1324861560000015], [3.451560398, 4.071546043999998], [3.439831228, 4.1750554939999995], [3.431229172, 4.172665860999998], [3.451219146, 4.079862694], [3.452845915, 4.132732222], [3.414079442, 4.059325092], [3.454793462, 4.080614538999997], [3.46171631, 4.140033398999998]], "17": [[6.891899911, 3.3319070559999995], [6.793528962, 3.307249975000001], [6.793907339, 3.3094089199999988], [6.90729192, 3.373648509], [6.813478302, 3.3229000410000014], [6.803188237, 3.310305743], [6.780870852, 3.3246471159999995], [6.835228093, 3.3243939449999997], [6.797838369, 3.319473972000003], [6.836096314, 3.3215104680000005]], "18": [[6.74642407, 3.3231167300000006], [6.808542224, 3.3612465729999994], [6.753546767, 3.329389691000001], [6.739811682, 3.3170993310000005], [6.749582763, 3.315933932000001], [6.715652624, 3.3076140500000015], [6.749251258, 3.324347643000001], [6.738608537, 3.317314953], [6.736799486, 3.315863111999999], [6.720048292, 3.310937213]], "19": [[8.693270108, 3.335433683000001], [8.757109577, 3.3368397300000012], [8.836325015, 3.344344384999999], [8.810145748, 3.3230514399999986], [8.830458683, 3.3408299730000017], [8.787013849, 3.327232933], [8.841198334, 3.3443931200000008], [8.864036845, 3.336248482], [8.853548044, 3.3799563849999994], [8.798148379, 3.335178759000001]], "21": [[6.51398636, 11.178519693000005], [6.534361036, 11.322126871000002], [6.426139574, 11.084891184999998], [6.436046955, 11.012850312999998], [6.538306314, 11.143706072999997], [6.528858617, 11.189183029999999], [6.519033678, 11.068552913999984], [6.513285674, 11.179254783], [6.408443129, 11.069821425999994], [6.519236849, 11.096976964000005]], "22": [[5.75763378, 14.851446167999992], [5.6743327, 14.847031064], [5.777666419, 15.038608200999999], [5.758265008, 14.986928750999997], [5.827028089, 14.781462079], [5.759068219, 14.897710906999999], [5.747025796, 14.704710553], [5.752503478, 14.877097421999991], [5.74811307, 14.844905449000002], [5.766459098, 14.999903481000004]], "23": [[8.283392404, 23.420627512999992], [8.297807875, 23.402651911], [7.98934846, 23.409868613999997], [8.04185737, 23.45173890500001], [7.960287754, 23.367590376999992], [8.313946348, 23.719184584000004], [8.285202773, 23.674774148000004], [8.326554696, 23.770542216999996], [8.301772889, 23.416929877], [8.007772536, 22.80737369899998]], "24": [[17.084148941, 36.084440899999976], [16.76976438, 35.241020010000014], [16.709288612, 35.61316657500001], [17.090632892, 35.626036516], [17.095320306, 36.05658123699999], [17.100283535, 35.594619908], [17.127630409, 36.16252387199999], [17.09655982, 35.18492742800001], [16.855328288, 35.11003466800001], [17.106281252, 36.098320066999996]], "26": [[2.776302333, 4.181592626000001], [2.778794205, 4.199022475999999], [2.849507815, 4.179628138], [2.780003512, 4.119892663999998], [2.760880176, 4.125586039], [2.781594582, 4.0330381809999984], [2.790557218, 4.176849497000002], [2.772658537, 4.126181187999999], [2.770488067, 4.179106622999999], [2.757306906, 3.996678398000002]], "27": [[2.797089183, 4.066155717999998], [2.816170775, 4.193251642999999], [2.809017646, 4.187812881], [2.800656041, 4.128895151000001], [2.812269288, 4.076882149999999], [2.814228219, 4.075607965000002], [2.786270785, 4.055115826], [2.811308961, 4.180379897], [2.817706468, 4.184721909999999], [2.818173783, 4.1424782119999985]], "29": [[29.58069928, 10.008340582999995], [29.540536777, 9.992184430999998], [29.47826472, 9.754472617999994], [29.500782489, 9.861953117999995], [29.560917471, 9.888890638], [29.542883812, 9.992861168000001], [29.574052188, 9.875480337000003], [29.504479439, 9.991411106999994], [29.5201079, 9.862416615999994], [29.481197779, 9.870862706999999]], "31": [[3.070632818, 4.153863334999999], [3.062343257, 4.114655864999999], [3.071402083, 4.107289035], [3.055908533, 4.031798267999999], [3.080310249, 3.998253397000001], [3.069949518, 4.105677483000001], [3.066485457, 4.042127958999998], [3.067397992, 4.153083819000001], [3.07740563, 4.160060315999997], [3.057084689, 4.149864522]], "32": [[3.241245568, 4.16079201], [3.253628168, 4.063086469000001], [3.249368465, 4.1076970689999985], [3.260252513, 4.152327568], [3.165969031, 4.014569531], [3.17875945, 4.08876332], [3.249883359, 4.097103509999999], [3.253596781, 4.156378095], [3.246814963, 4.159306454000002], [3.247096676, 4.148715005000001]], "33": [[8.727506455, 0.37397218000000015], [8.847409863, 0.3779234069999996], [8.755574011, 0.3795195379999997], [8.751603748, 0.3825851550000001], [8.761025917, 0.3789285860000002], [8.799025876, 0.3829774619999997], [8.708372666, 0.37477341000000014], [8.706509803, 0.37895270700000017], [8.735184609, 0.3789934170000001], [8.697791391, 0.3742325289999998]], "34": [[11.323015774, 9.882874379], [11.256156196, 9.807031482000001], [11.234133419, 9.758965481999997], [11.277824836, 9.823994542000003], [11.278397016, 9.802181576000004], [11.264554214, 9.773768226999987], [11.271636512, 9.850929544999996], [11.234650804, 9.769771740999996], [10.628242662, 9.778614501000002], [11.236972106, 9.775321107000003]], "37": [[4.145473257, 9.734759280999999], [4.146425406, 9.611843326], [4.176565092, 9.629868818], [4.15940995, 9.614086728999998], [3.81318291, 9.636046384999998], [4.189705135, 9.616173770999996], [4.17234419, 9.616048427000003], [4.168572508, 9.63856004], [3.818795982, 9.640900543000003], [4.192628498, 9.726352180000006]], "38": [[2.465134426, 6.612894397999997], [2.320929585, 6.6120191420000065], [2.467948983, 6.608190853999999], [2.481283103, 6.625765925000003], [2.458929066, 6.599445730999996], [2.472182521, 6.589555131000001], [2.459648072, 6.616209099], [2.464011796, 6.611681067999997], [2.469861097, 6.6290904569999975], [2.463118582, 6.609795726999998]], "39": [[4.004924134, 9.561455660999997], [4.015009185, 9.55560726499999], [4.013702109, 9.570762079000005], [4.014093154, 9.556803839], [3.654670573, 9.553681913000005], [4.000947616, 9.542066469000003], [4.010283594, 9.535615393000011], [3.679921479, 9.593083597999996], [3.663342818, 9.555624219000002], [4.091068543, 9.699350401]],