{"6": [[1.963861775, 5.130468934], [1.986646893, 5.075146659], [1.910551532, 5.054463994], [1.988495105, 5.122003510000001], [1.978323228, 5.0275548], [1.974277847, 5.077667270999999], [2.075160882, 5.197882702999999], [1.985325252, 5.197144101999999], [1.986202535, 5.114736818], [1.991695741, 5.126475805999999]], "11": [[0.404332442, 3.6758831950000004], [0.364679685, 3.3940956569999994], [0.367337485, 3.426474289], [0.403836249, 3.532344866999999], [0.360928396, 3.357200482], [0.360544859, 3.3704667180000003], [0.39619213, 3.487227737], [0.39289985, 3.3767387230000003], [0.360127342, 3.328460491], [0.361717856, 3.3678005100000004]], "12": [[0.422641957, 3.688940251], [0.412800142, 3.520197911], [0.369086219, 3.363569223], [0.375768226, 3.5028302499999997], [0.372649853, 3.4692126290000007], [0.372076401, 3.417116732], [0.361567168, 3.274246276], [0.369940466, 3.397078048], [0.407015641, 3.468282301], [0.369864465, 3.3098138929999994]], "13": [[0.759821843, 4.904319787], [0.777618901, 5.083832880999999], [0.794502432, 4.94135974], [0.754298384, 4.899922951], [0.763439459, 4.990653870999999], [0.755929882, 4.942915782], [0.754439338, 4.812010241], [0.785932665, 5.046462288000001], [0.793244067, 5.010889515], [0.760939506, 4.917545625]], "14": [[0.875546213, 4.977294090999999], [0.945680567, 5.355757463000001], [0.914859604, 5.185552349999999], [0.892602177, 5.025598316], [0.872266555, 4.942464962999999], [0.89607764, 5.057000729], [0.966043101, 5.402789027], [0.95259442, 5.22924566], [0.860655229, 4.877800731999999], [0.857231028, 4.884731030999999]], "15": [[0.826951639, 5.126401761], [0.828994682, 5.321097054], [0.856060327, 5.601124059], [0.804051612, 5.1125758999999995], [0.77540447, 5.0731154730000005], [0.8268871, 5.3386467810000005], [0.76081849, 4.854393894], [0.777369638, 4.971567177000001], [0.77555625, 4.951669943000001], [0.7825064, 4.990141919999999]], "17": [[2.157196615, 4.164194765], [2.144090253, 4.2264004250000005], [2.119265014, 4.158057413], [2.157841119, 4.216646044], [2.065781395, 4.16352285], [2.132899876, 4.144257441000001], [2.210298336, 4.2049570229999995], [2.138366203, 4.238069397999999], [2.139851863, 4.19882375], [2.143481045, 4.218686406]], "18": [[2.111414313, 4.19836429], [2.068957588, 4.091728698000001], [2.138287068, 4.275468363], [2.12039881, 4.193558812000001], [2.140092814, 4.180172403], [2.057391239, 4.171702988], [2.128102941, 4.143847034], [2.119027927, 4.110980042], [2.219225505, 4.262919007], [2.125262495, 4.2282155790000004]], "19": [[2.450094106, 4.208245501], [2.3627815, 4.235768382], [2.372240567, 4.2449220709999995], [2.389126623, 4.234955711], [2.355787364, 4.18606619], [2.374549817, 4.201806237], [2.323618417, 4.182880426], [2.38284097, 4.310887935000001], [2.404041976, 4.195247858], [2.438474866, 4.231491555]], "21": [[1.793896788, 13.461431572999999], [1.770617809, 12.846573278000001], [1.837583544, 13.163224989999996], [1.788112596, 13.797940441000001], [1.841091351, 13.177402424000002], [1.768467325, 12.836944524000002], [1.78648938, 13.126267992999997], [1.783987956, 13.168811174000002], [1.750556335, 12.787018795], [1.779383077, 12.703275603999998]], "22": [[1.402890606, 18.691563133999995], [1.372086145, 17.447791799], [1.477305801, 17.560047314000002], [1.368651079, 17.663916101], [1.427786248, 17.853043203], [1.369348907, 17.899603293999995], [1.390559085, 17.484252105000003], [1.372345522, 17.736564981999997], [1.384475506, 17.576695424], [1.430103356, 17.600164642999996]], "23": [[1.730192136, 27.190650711000004], [1.776973573, 27.352235256000004], [1.728291372, 27.035120720000002], [1.798941172, 28.892480386000003], [1.746621192, 28.380741585], [1.739848197, 27.592144775999994], [1.739456743, 27.764539921], [1.787952319, 28.143492523999996], [1.756180304, 27.944445649000002], [1.723338772, 27.350177177000006]], "24": [[3.216828935, 40.776497719000005], [3.195769146, 40.664104203], [3.220921977, 40.62519936299999], [3.206570407, 40.79018659799999], [3.202794372, 40.86833248800001], [3.211203348, 40.954664141], [3.215301164, 40.940332897], [3.300199325, 41.644683501], [3.225026337, 40.782339803999996], [3.221078711, 41.120711638]], "26": [[0.670415631, 4.987472629], [0.660898508, 4.987229232], [0.660014421, 4.911841658], [0.736443582, 5.184964435], [0.663664857, 4.927988460999999], [0.668718161, 4.952079271], [0.724782773, 5.298331491], [0.706413016, 5.202925252], [0.666817507, 4.9879197479999995], [0.697236004, 5.1593379839999995]], "27": [[0.730855639, 5.2508214970000004], [0.665435792, 4.920068194], [0.771232039, 5.345868435], [0.688891155, 5.011088443000001], [0.726985464, 5.120234334000001], [0.704935933, 5.112119798000001], [0.713433223, 5.027972028000001], [0.670787863, 4.89297896], [0.713268344, 5.174650192], [0.705346379, 5.019049172999999]], "29": [[5.263115879, 11.948991502000002], [5.381879233, 12.13560096], [5.369873442, 12.218061580999999], [5.402529809, 12.059573035], [5.315902576, 12.09750854], [5.37000471, 12.413677416000002], [5.305800661, 12.102622713999999], [5.334625824, 12.122899697000001], [5.387575349, 12.574034029999998], [5.276883077, 11.967072089999998]], "31": [[0.658479882, 4.954173731], [0.665673423, 5.050972338999999], [0.683509108, 4.997027510000001], [0.672591254, 5.133908026], [0.659116892, 4.9266469960000006], [0.666413484, 4.931640615999999], [0.652504608, 4.886729236999999], [0.655136609, 4.939779703999999], [0.656427328, 4.938975419], [0.666997678, 5.044584317]], "32": [[0.744224316, 5.169273066000001], [0.688139311, 4.956066978], [0.689754872, 4.935933265], [0.687742275, 4.944113047], [0.713503709, 5.158234356], [0.688266115, 4.943939577], [0.682249171, 4.906958422999999], [0.719494346, 5.073041545000001], [0.714379004, 4.929238681], [0.692205199, 4.97663245]], "33": [[2.345761883, 0.686712959], [2.327253178, 0.7078611410000001], [2.31867148, 0.7452940790000001], [2.268115327, 0.711402062], [2.343068025, 0.6394950889999999], [2.316868919, 0.700389716], [2.230884555, 0.6301621219999998], [2.310339934, 0.7308176670000001], [2.238525539, 0.6798388509999999], [2.198134867, 0.6155071719999998]], "34": [[3.590909601, 11.691260932999999], [3.293267379, 11.645625835999999], [3.286563794, 11.662367337000003], [3.515210992, 11.708852219999999], [3.373215863, 11.680820939], [3.515443857, 11.786047382999998], [3.246794684, 11.814355269], [3.287999392, 11.589001956999999], [3.261380926, 11.682064415000001], [3.515367901, 11.615836437999999]], "37": [[1.078119424, 11.810175049000001], [1.132082188, 11.857937299000003], [1.105543525, 11.686536854], [1.104376119, 11.593257255000001], [1.144081823, 11.783840541], [1.070647637, 11.683540300999999], [1.111776308, 11.838144176000002], [1.119836433, 11.552665735], [1.120737613, 11.576377697], [1.116047854, 12.412742072]], "38": [[0.558570376, 8.275405707], [0.551321633, 8.194563751], [0.55475496, 8.425225489999999], [0.483623273, 8.342369345], [0.552379359, 8.208930867], [0.564850668, 8.505029441000001], [0.548847097, 8.228732560000001], [0.482271927, 8.253614564], [0.552393321, 8.430841056999999], [0.575753683, 8.332322727000001]], "39": [[1.03154163, 11.833462421000002], [1.021480515, 11.469884910000001], [1.061441616, 11.994830649999999], [1.061318841, 11.445477467], [1.149670376, 11.905014772000001], [1.066939827, 11.594506068999998], [1.063420536, 11.530402472999999], [1.097209082, 11.836593616], [1.078781231, 11.569264409999997], [1.065458685, 11.450367336]], "40": [[1.486863098, 21.559570907999998], [1.469408974, 21.213908636], [1.492822713, 21.191856443], [1.474664136, 21.311903345], [1.490829235, 21.700479300999994], [1.478770893, 21.453641443], [1.444194259, 21.560815259], [1.527298452, 22.661059954000002], [1.470060245, 21.270349554], [1.318252376, 21.111039229]]}