{"6": [[3.652533887, 4.345920768], [3.646753261, 4.330677261], [3.629974267, 4.3417643230000005], [3.645082602, 4.326367155], [3.623066924, 4.329673223], [3.633057582, 4.342967321], [3.550956921, 4.352135348999999], [3.632456806, 4.340103726], [3.669355133, 4.396094547999999], [3.714299276, 4.402402228]], "11": [[0.937513083, 2.706349588], [0.938168108, 2.7335639500000006], [0.938141986, 2.6827370980000005], [0.931141975, 2.709928894000001], [0.940397463, 2.6926033040000013], [0.935107136, 2.6443726619999994], [0.928659348, 2.682702001], [0.934035901, 2.749896432], [0.929909748, 2.726866309], [0.935442528, 2.7398159060000005]], "12": [[0.963550412, 2.7655054300000006], [0.962391391, 2.7334431470000005], [0.959618839, 2.7102834430000007], [0.957651111, 2.7218687439999982], [0.957831997, 2.687449030999999], [0.957228223, 2.709477233], [0.961425913, 2.667611216], [0.963853114, 2.755519816999999], [0.963353475, 2.7087106920000004], [0.958048379, 2.755482698]], "13": [[1.94969543, 4.2674566490000005], [1.937328324, 4.175597655999999], [1.939628302, 4.2263650419999985], [1.94946521, 4.248531454000001], [1.933912043, 4.104008465000001], [1.947261421, 4.188042475999998], [1.93558939, 4.195902674000001], [1.896974403, 4.186348978], [1.92199596, 4.173219318], [1.890824653, 4.183307651000001]], "14": [[2.280206848, 4.169885829000001], [2.271039167, 4.218828591], [2.292319853, 4.255564576000001], [2.296884232, 4.207979535000001], [2.358284972, 4.352866207], [2.304346041, 4.239847567], [2.287374291, 4.258077731], [2.284276564, 4.174800246], [2.288946317, 4.1759975470000015], [2.27866632, 4.222408003000001]], "15": [[1.972066013, 4.137798374000001], [1.971052336, 4.236611123], [1.970305873, 4.192119870000001], [1.963905513, 4.197303950999999], [1.966036239, 4.164829581999999], [1.969378251, 4.193053001], [1.985875578, 4.240468750000001], [1.966130368, 4.146258572], [1.981258433, 4.199753357], [1.974259463, 4.208388553]], "17": [[4.235919448, 3.454865567999999], [4.291101054, 3.50590736], [4.206890742, 3.4544004469999985], [4.23994586, 3.4711490720000002], [4.292051937, 3.5011763800000013], [4.289064034, 3.507982771], [4.282274651, 3.514644629], [4.299442576, 3.514868696000001], [4.212674903, 3.447494362], [4.223815311, 3.466791969]], "18": [[4.175785519, 3.465626434], [4.194447632, 3.457655159999999], [4.205490628, 3.4648230410000003], [4.180984393, 3.4623050550000007], [4.176755488, 3.4515398310000016], [4.170340271, 3.4564636469999996], [4.154395253, 3.461523041], [4.190283575, 3.4691855370000013], [4.190237704, 3.465193034], [4.174137223, 3.466115862]], "19": [[5.091114452, 3.497150876], [5.119643609, 3.4882347819999993], [5.115337155, 3.4857055870000004], [5.096531928, 3.489937968999999], [5.090000407, 3.4843786249999993], [5.042200151, 3.4938123770000007], [5.105514183, 3.491539682], [5.112178467, 3.503424138999999], [5.043273468, 3.4967770510000005], [5.129111461, 3.5020172150000004]], "21": [[3.979428008, 11.459995604999996], [3.970905359, 11.312641437000003], [3.881059086, 11.273798840999998], [3.972552722, 11.32685605], [3.96649951, 11.334237810999998], [3.974032354, 11.410408440000001], [3.973347807, 11.538004911999998], [3.969005313, 11.474593539999997], [3.975363024, 11.327471808], [3.968746447, 11.439195724999998]], "22": [[3.523988332, 15.574086316999999], [3.51506535, 15.450390803999996], [3.53221472, 14.905921305000001], [3.525795334, 15.372520402000003], [3.522175351, 15.431309039000002], [3.304669879, 15.147277008000001], [3.518722614, 15.296003081999999], [3.520842292, 15.439965783999998], [3.449512805, 15.187254255000006], [3.519203982, 15.280581979000004]], "23": [[5.063506848, 24.569406799], [4.996912605, 24.22907492], [4.980022698, 24.102455281999994], [4.984750338, 23.800997058], [5.001731501, 24.442767372], [4.996146129, 23.924923648000004], [4.658411828, 24.221013943999992], [4.986655917, 24.279633869999987], [4.994118494, 23.947420287000007], [5.009501408, 23.96295507999999]], "24": [[9.854170407, 36.168112361999995], [9.855146818, 37.09024559300001], [9.888351018, 36.68633119], [9.860636214, 36.56782935], [9.853085459, 35.590123000999995], [9.840455189, 35.69927084499999], [9.863759068, 37.037145151], [9.83581155, 36.539592831], [9.851025219, 36.63389589], [9.636164472, 36.76688678400001]], "26": [[1.621161539, 4.209488447], [1.628874107, 4.234019778999999], [1.615953625, 4.208926732999999], [1.614120523, 4.142172088000001], [1.639774523, 4.2760744509999995], [1.61238056, 4.203354857], [1.61016212, 4.260960248], [1.661899593, 4.322086274999998], [1.664077284, 4.265977806], [1.619552374, 4.241764550999999]], "27": [[1.642598408, 4.235893580000001], [1.651299534, 4.233640587], [1.580191878, 4.0612846189999985], [1.634064584, 4.197352106], [1.643231421, 4.207827170999999], [1.645072246, 4.250946518999999], [1.63976927, 4.240460075999998], [1.640341563, 4.254000990999999], [1.640032296, 4.234727678], [1.634084908, 4.205354385]], "29": [[15.928926325, 10.347209292999999], [15.962061528, 10.270745356000004], [16.01021466, 10.301853507000002], [15.914059049, 10.296778566], [15.916771655, 10.256924209], [15.886949302, 10.219695100000003], [15.978933812, 10.329464416], [15.863301108, 10.202484394999997], [15.935736933, 10.326919566999996], [15.877983882, 10.192487169999996]], "31": [[1.710617658, 4.148968158], [1.715537904, 4.1964203919999985], [1.711832887, 4.111265716], [1.723551497, 4.196557907], [1.66122629, 4.130384116], [1.719234328, 4.204879276], [1.724306218, 4.209571591], [1.708662712, 4.119918631999998], [1.718784938, 4.209873596999998], [1.721996587, 4.1844766700000005]], "32": [[1.805730908, 4.203993762], [1.80637533, 4.157594601], [1.806330594, 4.217775124], [1.801264368, 4.216774230999999], [1.801069881, 4.2044772980000005], [1.801664767, 4.2272799249999995], [1.8032867, 4.178572767], [1.804199186, 4.160855328], [1.821443721, 4.246997226], [1.801068143, 4.241020117]], "33": [[5.113027274, 0.3869042139999999], [5.099743274, 0.385721925], [5.105742504, 0.38720031799999993], [5.136356892, 0.3971310670000001], [5.108371363, 0.40010200399999996], [5.170126712, 0.3931336280000001], [5.181994254, 0.4137644589999999], [5.099473862, 0.393714734], [5.107179458, 0.38908248], [5.115980496, 0.390878699]], "34": [[6.885357926, 10.193693110000002], [6.894443583, 10.204285223999996], [6.888250827, 10.161222009000005], [6.847636045, 10.152935971999995], [6.90348484, 10.246042458999998], [6.228861103, 10.208131392000002], [6.898603331, 10.153076444], [6.840674342, 10.144897681999996], [6.928524708, 10.170581916], [6.855074901, 10.13423429]], "37": [[2.573358552, 9.925616835999998], [2.57048017, 9.918487641], [2.262329621, 9.942702909000001], [2.251680728, 9.937398542], [2.562047737, 10.183496395000006], [2.568690527, 9.931191869000003], [2.574723426, 9.937796225000003], [2.573706795, 10.033728901999998], [2.56525421, 9.921040425999994], [2.566964844, 9.914164402000003]], "38": [[1.518663805, 6.859993399999999], [1.531700091, 6.880940927999999], [1.251378366, 6.888444938999999], [1.521880583, 6.878007056], [1.254002507, 6.905935095], [1.246218643, 6.898155823], [1.270125738, 6.896543168000001], [1.253639709, 6.906662397999999], [1.521994016, 6.870182757999999], [1.530800337, 6.874101573999997]], "39": [[2.472399876, 9.843261924000004], [2.463692898, 9.818109385000003], [2.163366601, 9.871576082999997], [2.471966359, 9.986895829000007], [2.465447858, 9.833726352999998], [2.482453818, 9.981879305000003], [2.17383219, 9.873276957000009], [2.463308869, 9.822396172999996], [2.476907098, 9.845708932], [2.467845416, 9.830756956000002]], "40": [[3.395699148, 18.19209421], [3.941626718, 18.091790786999997], [3.942483547, 18.113360841000002], [3.958505565, 18.265584278], [3.945196695, 18.361475276], [3.952275036, 18.247400937999995], [3.397093318, 18.145851974999996], [3.938626706, 18.248006755], [3.967956562, 18.286933049999995], [3.401602265, 18.140320079]]}