{"6": [[1.913708094, 9.455345914], [1.941496895, 9.383711172999998], [1.930823401, 9.177371286], [1.947002049, 9.371552721000002], [1.90447892, 9.641783968999999], [1.934134592, 9.295932073], [1.939338355, 9.443324463000002], [1.935701543, 9.19987437], [1.954958895, 9.48265424], [1.980519499, 9.454375494999997]], "11": [[0.337780613, 6.683479677], [0.346385452, 6.814698114], [0.340141179, 6.668437951999998], [0.334701706, 6.534903098000001], [0.338088553, 6.667456886000001], [0.336753228, 6.621288368], [0.333632258, 6.532992921], [0.337380867, 6.7816322410000005], [0.336825334, 6.763889913999999], [0.34118997, 6.7089481719999995]], "12": [[0.340606214, 6.537150446999998], [0.34712741, 6.67068407], [0.348960773, 6.650332779999999], [0.344250731, 6.840228351], [0.342967388, 6.642468094000002], [0.345071172, 6.728974053], [0.340757433, 6.778381266], [0.342298654, 6.7559743910000005], [0.347843768, 6.606882333], [0.350525427, 6.603460612000001]], "13": [[0.686058977, 9.124949991000003], [0.692948562, 9.071326352000002], [0.697745327, 8.993749008], [0.688365562, 9.092727976], [0.695161004, 9.13344246], [0.693681511, 9.200631723], [0.689044413, 8.990220157], [0.686608322, 8.918269203000001], [0.691728507, 9.104739292000001], [0.688856452, 9.075350205]], "14": [[0.835543503, 9.229067334], [0.81248535, 8.989355753999998], [0.812087051, 9.090602987999999], [0.830856729, 9.300890618999999], [0.819835473, 9.110286836], [0.814735375, 9.046464074000001], [0.83404134, 9.157287414], [0.813920957, 8.925775864999999], [0.822668926, 9.041390547000002], [0.823346774, 9.091798076]], "15": [[0.703406472, 9.098650737], [0.689322605, 9.109707132], [0.694864555, 9.104508433999996], [0.715852418, 9.113565042999998], [0.710553421, 9.370223881], [0.717535107, 9.114598058999999], [0.70860351, 9.231984858], [0.708363811, 9.208416070999998], [0.696934407, 9.186017323000002], [0.716521607, 9.126667579000003]], "17": [[2.199760834, 8.119373615999999], [2.149441241, 8.215266041000001], [2.142862258, 8.223847009], [2.09576835, 7.991388319000002], [2.167570189, 8.210773874000001], [2.187987068, 8.278569938999999], [2.12494107, 8.019243715], [2.166532456, 8.240761087], [2.197288908, 8.152832037], [2.195310479, 8.16917078]], "18": [[2.123039774, 8.010784276999999], [2.180475911, 8.186757768], [2.178426945, 8.224165512999999], [2.166649622, 8.347383593999998], [2.173318647, 8.327296829000002], [2.147466345, 8.108373645], [2.172157197, 8.128572507000001], [2.120821839, 7.911865713], [2.100726029, 8.029862746], [2.184210242, 8.252689285999999]], "19": [[2.545064825, 8.104585185000001], [2.570578236, 8.314079477], [2.557320186, 8.310450122000002], [2.54463521, 8.360563389], [2.474728892, 8.320077449000001], [2.57402589, 8.258643537000001], [2.503445172, 8.088362984000002], [2.566470737, 8.345560145], [2.523852983, 8.221611697], [2.518530688, 8.29996579]], "21": [[1.29443869, 20.110175391], [1.208002444, 20.234296048], [1.245254822, 20.196357657999997], [1.278788966, 20.175636263999998], [1.34957525, 20.322570854000006], [1.293295535, 20.309910475000002], [1.260216911, 20.210864269], [1.249672104, 20.227184843], [1.282074727, 20.193347206], [1.264328525, 20.123393434]], "22": [[1.082428419, 27.742231421999996], [1.079888135, 27.774913178999995], [1.120622717, 27.893712258999997], [1.0848931, 28.036412913000003], [1.070760691, 27.741024627], [1.080652595, 27.932253365999998], [1.127025306, 28.052503387], [1.139203456, 27.921691549], [1.08120243, 27.853338445999995], [1.112199193, 27.649466123999996]], "23": [[1.379392792, 43.380341376000004], [1.407646286, 43.11328393699999], [1.335833232, 43.317356285], [1.370968724, 43.43632141799999], [1.380292613, 43.541711637999995], [1.448018414, 43.831299356], [1.432490222, 43.020170168], [1.433944883, 43.218239447], [1.411324665, 43.165092946], [1.37442051, 43.173300157]], "24": [[2.481361274, 65.862597712], [2.445077117, 65.530533229], [2.363371289, 65.55171863300001], [2.49168927, 65.537931015], [2.485040678, 65.88252434], [2.511456718, 65.635786567], [2.490855726, 65.80644675799999], [2.441906974, 65.745797617], [2.535708189, 65.811920819], [2.497337205, 65.965311484]], "26": [[0.607127478, 9.084801084000002], [0.611410663, 9.144742860999997], [0.630436926, 9.266394374], [0.615902744, 9.090711920999999], [0.596218794, 9.017286864999999], [0.607104608, 9.005359506000001], [0.608998351, 9.114886519], [0.618233857, 9.081622575], [0.604181204, 9.198382151], [0.605530546, 9.060966932]], "27": [[0.655932976, 9.102383442000002], [0.624056892, 9.137969779999999], [0.629680222, 9.124205836000002], [0.615219353, 9.113656301], [0.633900032, 9.135347884999998], [0.631054869, 9.107546856999999], [0.623367942, 9.000394537], [0.623528736, 9.059181294000002], [0.613683504, 9.151443042999999], [0.627704124, 9.097763447]], "29": [[4.904969367, 20.818290792000003], [4.938799069, 21.030179459], [4.938299218, 20.915277500000002], [4.963687328, 20.822056769999996], [5.018649423, 21.007148781000005], [4.916139261, 21.528869684999997], [4.99070796, 21.236253344999998], [5.069079605, 21.244177288000003], [4.992634598, 20.693672017], [4.9772819, 20.696191685000002]], "31": [[0.639606415, 9.049268741999999], [0.638900207, 9.103956379], [0.624711979, 8.971012832], [0.621671907, 8.988446506], [0.633756768, 9.002097911], [0.628958628, 8.960963671999998], [0.628651625, 8.933704561], [0.635346787, 9.037588173000001], [0.630420529, 9.101970423], [0.629487387, 9.154743263]], "32": [[0.664145537, 9.023310254999998], [0.649855512, 9.158837865999999], [0.666731938, 9.077921815], [0.653259101, 8.989452536], [0.641056832, 9.03261641], [0.65085104, 9.053951214], [0.640630402, 8.951905090999999], [0.656958284, 9.030151428], [0.652333484, 9.066943580999999], [0.658262246, 9.096580665000001]], "33": [[2.634746442, 1.3498845750000001], [2.65572298, 1.3758994709999999], [2.64012951, 1.3388256220000003], [2.659941157, 1.4362826430000002], [2.671726812, 1.3658643330000002], [2.640890964, 1.2567978920000002], [2.67781423, 1.3870382650000004], [2.662863926, 1.35423041], [2.676970327, 1.414317086], [2.655858616, 1.375713385]], "34": [[3.429830457, 19.190022983], [3.536418546, 19.621976823], [3.428267986, 19.263762991999997], [3.495827711, 19.292215664], [3.552526904, 19.233404464000003], [3.44238777, 19.632234853], [3.417369769, 19.388867577], [3.423109854, 19.703586022], [3.505366165, 19.068164073], [3.459093043, 19.235348052]], "37": [[0.848122539, 19.369342998], [0.856605262, 18.588966664], [0.864240736, 18.885809021], [0.926651581, 19.031987948], [0.864612562, 18.731898612000002], [0.904635636, 19.013696983], [0.863008571, 18.795073512], [0.919152719, 18.756940669], [0.889135375, 19.442361530000003], [0.974960543, 18.821997457000002]], "38": [[0.482202973, 14.046996305], [0.47753224, 13.928983429999997], [0.490395648, 14.038594497000002], [0.469415232, 13.996277424999999], [0.42635007, 14.252329481], [0.440782947, 14.43867475], [0.423757259, 14.349941898], [0.484356096, 13.986362592000003], [0.4330186, 14.401105531000002], [0.494840915, 14.100943605]], "39": [[0.872149065, 18.75063514], [0.844662426, 18.756443292999997], [0.880227131, 18.706655889], [0.838881461, 18.420798051], [0.839888147, 19.088494828999995], [0.870409154, 19.211874302], [0.785156048, 18.855694828000004], [0.831211088, 18.292037428], [0.830318056, 18.588123267], [0.829897539, 18.555129016]], "40": [[1.19037901, 35.135605073], [1.235609529, 35.09539199100001], [1.115165249, 35.73430591700001], [1.174062702, 35.078046008], [1.228995727, 35.148117056000004], [1.217931383, 35.293672189999995], [1.233832574, 35.270950649], [1.194921471, 35.068127192], [1.143816669, 34.89616482500001], [1.179876278, 34.849827429]]}