{"6": [[2.418082634, 4.575077927], [2.56715348, 4.576806817], [2.539377831, 4.571565581], [2.434477907, 4.598875186], [2.453120774, 4.578961952], [2.452338033, 4.610577855000001], [2.578689008, 4.605825327000001], [2.552944439, 4.566964726], [2.557842925, 4.568686871000001], [2.432348168, 4.596033406]], "11": [[0.534256151, 2.795563574999999], [0.532853033, 2.8178307429999996], [0.534855345, 2.817495702], [0.529684749, 2.7848461119999994], [0.53621156, 2.8499394049999998], [0.529421443, 2.822730477999999], [0.592513203, 3.0318740799999997], [0.534378002, 2.798027071], [0.536953544, 2.8236210579999996], [0.532275285, 2.7644829589999995]], "12": [[0.550132162, 2.830451374], [0.546857144, 2.795628978], [0.542475204, 2.7982743309999996], [0.542957238, 2.814030333], [0.547322095, 2.7876168499999996], [0.558568477, 2.87018634], [0.547950583, 2.8219477079999997], [0.54277389, 2.767310953999999], [0.54671246, 2.8387300580000003], [0.545850731, 2.815357947999999]], "13": [[1.171630939, 4.486147622000001], [1.135454385, 4.427944303], [1.138834316, 4.416974393], [1.154018237, 4.446706387], [1.123619503, 4.386506079], [1.138060305, 4.385590816000001], [1.143669194, 4.4390352889999996], [1.140805941, 4.3318177250000005], [1.143822046, 4.398811148999999], [1.149584111, 4.345037512999999]], "14": [[1.322276664, 4.398018517000001], [1.336779736, 4.409303537999999], [1.324575219, 4.385964483], [1.329275763, 4.388991866], [1.333192274, 4.376072478000001], [1.319219859, 4.344355143], [1.323910214, 4.423026603], [1.33612227, 4.438534292], [1.349303403, 4.4741101059999995], [1.324848785, 4.3816254610000005]], "15": [[1.159767934, 4.508465570000001], [1.162621187, 4.443560713], [1.158651375, 4.368448228], [1.16160992, 4.39822112], [1.154356495, 4.367493285], [1.158103405, 4.3787434030000005], [1.165557225, 4.396216537999999], [1.152507365, 4.383099468999999], [1.155653764, 4.40005858], [1.167771051, 4.410593313]], "17": [[2.791895431, 3.7215659400000005], [2.79522318, 3.6953397139999997], [2.77952431, 3.689306109], [2.802077267, 3.718632115], [2.794612106, 3.6875352859999992], [2.808701788, 3.692021856], [2.783465164, 3.735160241], [2.881196287, 3.761127557], [2.739703871, 3.6888135230000003], [2.794432961, 3.7094477200000004]], "18": [[2.78623402, 3.6960519279999997], [2.726105259, 3.6847208290000006], [2.848063722, 3.773554251], [2.706047445, 3.6933189740000003], [2.771120842, 3.699985854], [2.774281991, 3.6803211099999995], [2.78194091, 3.726958455], [2.773367195, 3.7635393809999997], [2.783202754, 3.7130252280000002], [2.789091558, 3.691433265]], "19": [[3.275300835, 3.7819557269999997], [3.272786637, 3.7753380630000004], [3.23942955, 3.7546032859999996], [3.259084043, 3.7334277619999994], [3.292971899, 3.7584492260000006], [3.301937092, 3.769041182], [3.301966247, 3.7456815669999997], [3.258458549, 3.75525662], [3.251280609, 3.7324464199999996], [3.28985193, 3.780385379]], "21": [[2.757545827, 11.904314165], [2.791141136, 11.833438988000001], [2.751876535, 11.972670415000001], [2.758399993, 11.797922585], [2.815330378, 12.280317034999998], [2.800983564, 11.847968263], [2.783971022, 11.819753314], [2.750317009, 12.012341857], [2.787168906, 11.864103964000002], [2.796159159, 11.968751007]], "22": [[2.227630331, 15.959903244], [2.222028558, 16.095658436000004], [2.218294355, 15.896295051000003], [2.209322656, 16.054868003000003], [2.194581602, 16.059572110000005], [2.233345163, 16.198805004], [2.200532032, 16.117213131], [2.213727443, 15.960961248], [2.205782864, 15.909774929], [2.20772244, 15.957290928999996]], "23": [[2.899685322, 25.265262507000003], [2.907344944, 25.301571576999997], [2.897825686, 25.324828123], [2.90552702, 25.386187874000004], [2.873921578, 24.977904391000006], [2.898308197, 25.234599675999995], [2.89218544, 24.960169206999996], [2.894342352, 24.941397987], [2.896502914, 24.925576630000002], [2.895177568, 24.903452654]], "24": [[5.585161236, 38.070019598], [5.583280252, 37.740795637], [5.574264234, 37.225297525], [5.592609446, 38.089146301], [5.46443383, 37.639611025], [5.487836354, 37.634780053], [5.501503796, 37.76050265400001], [5.492357385, 38.148202635], [5.586312011, 37.74594441], [5.59348445, 37.613085126]], "26": [[0.963970243, 4.3904026389999995], [0.967534882, 4.333830311], [0.984295651, 4.4544000420000005], [0.974478317, 4.433683665], [0.983548731, 4.4183814199999984], [0.967032635, 4.339225680999999], [0.977219048, 4.400150011], [0.974757167, 4.402498352000001], [0.973868119, 4.40728676], [0.956281977, 4.375079863]], "27": [[0.98667449, 4.436479798000001], [0.980024796, 4.3993502499999995], [0.98716898, 4.359988307], [0.981242782, 4.408136844999999], [1.004329435, 4.574148782], [0.987236041, 4.345394877], [0.974807789, 4.398627992000001], [0.993587665, 4.404930637999998], [1.023125247, 4.581168063], [0.980252424, 4.401302936999999]], "29": [[8.844998892, 10.697271925], [8.846745766, 10.852612765000002], [8.865068491, 10.786343384], [8.820576449, 10.873375718999998], [8.942719972, 11.038325805], [8.789678604, 10.780438594], [8.886674822, 10.96457362], [8.792328755, 10.798536449], [8.921009888, 10.834132449999998], [8.882040018, 10.842617566]], "31": [[0.978072103, 4.3502358480000005], [0.992501488, 4.364000605000001], [0.993272396, 4.406352451], [0.99328439, 4.370178954999998], [0.986603892, 4.407124177], [0.998442052, 4.419849717000001], [0.980296147, 4.3507286469999995], [1.00308259, 4.354748151], [0.995211409, 4.317193608], [0.98661463, 4.3386777510000005]], "32": [[1.049035149, 4.396350905000001], [1.043956203, 4.365462082], [1.076477601, 4.610631282], [1.058051962, 4.375291238999999], [1.04803251, 4.257406865999998], [1.050376305, 4.421017996], [1.095643551, 4.5821902990000005], [1.063649168, 4.399946502], [1.033903462, 4.3283404], [1.042563655, 4.383273166]], "33": [[3.029351813, 0.47971402799999996], [3.050572015, 0.45022543300000006], [3.043334969, 0.456887013], [3.063751165, 0.48900084], [3.038019254, 0.4796785229999999], [3.05632751, 0.4130911909999999], [3.060421442, 0.45548484599999983], [3.033690666, 0.4277923509999999], [3.045936357, 0.45974750799999997], [3.116094132, 0.46914949799999994]], "34": [[4.659801592, 10.675420417], [4.434438923, 10.680977974], [4.483398175, 10.752789872999994], [4.459779666, 10.703768231999998], [4.671744633, 10.672289431], [4.6700729, 10.650458280000002], [4.487663059, 10.783528454999999], [4.679922977, 10.699239945999999], [4.636685459, 10.753657246], [4.648817608, 10.642921778000002]], "37": [[1.72892676, 10.438640699], [1.730890458, 10.451749527999999], [1.729963661, 10.436316783], [1.729241475, 10.437447671], [1.725857608, 10.462563287], [1.65633477, 10.478081527000002], [1.733332761, 10.427687322], [1.730838037, 10.443891089], [1.659297382, 10.460295221], [1.726462162, 10.442797049000003]], "38": [[0.84302559, 7.2786848960000015], [0.745615103, 7.292390625999999], [0.849117532, 7.299147814999999], [0.745540312, 7.3068265320000005], [0.839967813, 7.266939471999999], [0.846065132, 7.293813431999999], [0.8430139, 7.273609164000002], [0.845827806, 7.284692598999999], [0.872640238, 7.3807875339999995], [0.84330664, 7.274736903000001]], "39": [[1.689307022, 10.465970926999999], [1.67022665, 10.53325721], [1.615010973, 10.387552844999998], [1.661747241, 10.359339706999998], [1.659309683, 10.325400892999998], [1.661174455, 10.350791781], [1.606348416, 10.368678704999999], [1.665416996, 10.317803241], [1.603865497, 10.357046624999999], [1.66892944, 10.485532469]], "40": [[2.406902688, 19.0534188], [2.396463477, 19.01362561], [2.401749403, 19.045006623], [2.116939545, 19.068779443999997], [2.392578319, 18.997791639999996], [2.407161821, 19.03343007], [2.127177708, 19.065377879], [2.1095285, 19.04026540800001], [2.406113553, 19.012031249000003], [2.40319096, 19.005783443]]}