{"1": [[0.302089086, 1.1698202320000006], [0.302684579, 1.1715299490000002], [0.303388045, 1.1696690049999998], [0.303570222, 1.1726272729999996], [0.303228163, 1.1773488840000008], [0.304615565, 1.1856921679999997], [0.304878267, 1.1712105000000002], [0.302689838, 1.1724729260000002], [0.303901356, 1.1725388509999999], [0.303391572, 1.1752595010000007]], "3": [[0.194160581, 0.7346490030000001], [0.194455061, 0.7354691709999995], [0.194543202, 0.7385518679999998], [0.195727942, 0.7397432579999995], [0.194616197, 0.7352827140000004], [0.195206708, 0.744173699], [0.195895094, 0.7429245349999994], [0.194852606, 0.737543782], [0.194716539, 0.735353271], [0.194983487, 0.7351323979999996]], "4": [[0.154720217, 0.28378573800000007], [0.154474724, 0.28343472599999986], [0.154465424, 0.2834017620000001], [0.156604457, 0.2859816659999999], [0.157553538, 0.29336411699999987], [0.157241315, 0.29211768200000027], [0.158571438, 0.29601451899999986], [0.156310996, 0.29658361500000013], [0.156919004, 0.28516640600000004], [0.155546516, 0.28466219800000014]], "5": [[0.21239794, 0.6182050290000001], [0.206850135, 0.5903243700000003], [0.206856249, 0.5884278309999996], [0.207808396, 0.589793756], [0.213604857, 0.6116764800000002], [0.214667408, 0.587192537], [0.207347775, 0.5888726309999996], [0.207052074, 0.5892183009999994], [0.207128774, 0.5876537019999996], [0.207180533, 0.5921616120000002]], "6": [[0.069891494, 1.0520624479999998], [0.069520791, 1.0466863419999994], [0.06942158, 1.0491567280000007], [0.070604731, 1.0636037099999998], [0.06938212, 1.0445388669999998], [0.069817435, 1.0497776870000008], [0.069473025, 1.0479088849999998], [0.069742624, 1.04929132], [0.069675124, 1.0494778120000003], [0.069464617, 1.0452185499999997]], "7": [[0.19592286, 0.9687604160000005], [0.1986046, 0.9819544909999995], [0.196876745, 0.9731790359999997], [0.197279361, 0.9755918660000007], [0.196701081, 0.9780813229999997], [0.202852423, 1.0351150799999993], [0.197564643, 0.973072949], [0.196648157, 0.9747340600000003], [0.196448477, 0.9724972949999997], [0.197815654, 0.9711747440000004]], "8": [[0.237450045, 0.9066698439999998], [0.239682728, 0.9062018920000002], [0.238525973, 0.910819989], [0.237885592, 0.9078839779999992], [0.239491262, 0.9071420410000007], [0.24552399, 0.9626756550000002], [0.23793226, 0.907080615], [0.237120722, 0.9089323100000006], [0.237057167, 0.905742879], [0.2371784, 0.906539013000001]], "9": [[0.78907081, 1.0163560680000008], [0.787993061, 1.0106300080000004], [0.785786078, 1.0177014500000001], [0.794217319, 1.012535908], [0.785173625, 1.012927467000001], [0.792544936, 1.015655557], [0.792494692, 1.0130934509999998], [0.80728551, 1.015597446], [0.790520947, 1.0140606399999998], [0.796978147, 1.0156120309999999]], "10": [[0.328793271, 1.220837895], [0.32948394, 1.2258467579999996], [0.327179523, 1.2188328369999994], [0.328159667, 1.2172964329999998], [0.328807514, 1.2247073409999996], [0.341771643, 1.2190108999999993], [0.328825468, 1.2236865599999995], [0.328153527, 1.22256544], [0.327949707, 1.2185557110000003], [0.329949681, 1.2208655180000008]], "12": [[0.128644058, 0.7084272550000006], [0.127487317, 0.7087322150000005], [0.126723085, 0.7086307189999999], [0.127029514, 0.7109157449999998], [0.12709075, 0.7081870250000001], [0.127991997, 0.7230415340000002], [0.127189982, 0.7077828669999997], [0.127154573, 0.7125912179999998], [0.127256386, 0.7160228029999999], [0.127424779, 0.7117092719999999]], "14": [[0.128772172, 0.7799937279999999], [0.138402181, 0.8179954909999996], [0.139760706, 0.8180868479999996], [0.128941836, 0.7767419460000003], [0.129563349, 0.7866694859999999], [0.129193531, 0.7795648989999999], [0.128879333, 0.7793668589999999], [0.128494311, 0.779116621], [0.129391439, 0.7824571549999999], [0.129100836, 0.7860274630000005]], "15": [[0.089382537, 0.7564609230000001], [0.0895847, 0.7567730320000003], [0.089833538, 0.7612250710000008], [0.090132224, 0.7646668740000001], [0.08949448, 0.7556290099999998], [0.089711312, 0.7581074740000001], [0.089776906, 0.7616127350000002], [0.089265223, 0.756138925], [0.090246524, 0.7661576689999995], [0.089436205, 0.758528981]], "17": [[0.274927753, 1.2407976719999998], [0.273475071, 1.2305266279999996], [0.272501773, 1.228352920999999], [0.274188854, 1.2347792410000002], [0.274094941, 1.235513682000001], [0.273755783, 1.2367140909999998], [0.273991088, 1.2350492199999998], [0.273754386, 1.2332379150000001], [0.284038367, 1.2868625799999998], [0.273937572, 1.234041731]], "18": [[0.494975811, 0.6201046759999996], [0.472615829, 0.6163023380000001], [0.49841705, 0.6181895040000001], [0.488549385, 0.6134351499999999], [0.489988133, 0.6221989110000001], [0.498315502, 0.6152549750000005], [0.490598987, 0.6313576909999997], [0.493744003, 0.6243170989999998], [0.490188545, 0.6159983109999998], [0.489896883, 0.6288572410000005]], "19": [[0.236372142, 1.5873389639999995], [0.238750778, 1.5871485349999996], [0.237310648, 1.600324208000002], [0.237071411, 1.589206749], [0.236560564, 1.5842389499999996], [0.236460938, 1.5936901540000004], [0.237241619, 1.5892820280000002], [0.235861841, 1.5860727960000003], [0.241051064, 1.5902570920000005], [0.236710703, 1.5826949040000002]], "20": [[0.129159633, 0.7808182949999998], [0.128844337, 0.7810763860000001], [0.129123638, 0.7800759369999996], [0.128240104, 0.7665565809999999], [0.127851272, 0.7656314390000005], [0.128236553, 0.7741509580000003], [0.12838321, 0.7747668919999997], [0.128847802, 0.7822061819999997], [0.128552492, 0.7750081759999998], [0.129347217, 0.7826419669999995]], "21": [[0.544060775, 1.231711439], [0.55476035, 1.2516381719999996], [0.543936836, 1.2255116059999998], [0.543085693, 1.2253325859999995], [0.554158662, 1.211420452], [0.543401776, 1.225534227000001], [0.543639352, 1.2182004140000005], [0.541267801, 1.2106507090000005], [0.541382146, 1.2144969900000002], [0.545719305, 1.244984969]]}