{"1": [[0.599966871, 1.166624381000002], [0.601423522, 1.1703147710000006], [0.601268599, 1.1680222279999999], [0.602180105, 1.1715723159999993], [0.600209605, 1.1673453969999994], [0.600617998, 1.1689595179999979], [0.601449285, 1.168325944999998], [0.60073441, 1.1692160749999996], [0.601467288, 1.1682188559999989], [0.601413896, 1.1695781210000018]], "3": [[0.331691223, 0.734453365], [0.33092557, 0.7330201239999994], [0.329634091, 0.7365501729999997], [0.328088944, 0.7317380670000001], [0.33030681, 0.7303828779999993], [0.33052713, 0.7351584059999978], [0.329232192, 0.7340347639999993], [0.330312619, 0.7379348489999994], [0.330501003, 0.737192577], [0.329333987, 0.7301023590000001]], "4": [[0.258437527, 0.2832566730000005], [0.257569119, 0.28156268500000003], [0.257759486, 0.2832882680000002], [0.26277149, 0.2912118470000002], [0.260602201, 0.28454975400000043], [0.260824752, 0.2868537900000001], [0.262204924, 0.2855399299999999], [0.259511871, 0.28632343199999977], [0.25713245, 0.28170526299999993], [0.258058103, 0.2822632910000006]], "5": [[0.358639412, 0.5847074850000001], [0.366242104, 0.5857455119999995], [0.358829468, 0.58666246], [0.367216903, 0.5894119980000005], [0.360035436, 0.5891820800000004], [0.365233177, 0.5872387570000004], [0.37271229, 0.6058180530000004], [0.367552671, 0.5912480109999996], [0.360244668, 0.5861967540000012], [0.361245341, 0.588994124]], "6": [[0.136940457, 1.038514451999999], [0.138551056, 1.0481256359999995], [0.13725927, 1.0398418749999996], [0.137714356, 1.0427508540000001], [0.138124945, 1.0448522089999996], [0.136795724, 1.0394428469999997], [0.137055759, 1.0393167300000006], [0.137423875, 1.0415097549999999], [0.137051842, 1.0401777349999997], [0.137337885, 1.044144053999999]], "7": [[0.34845618, 0.965780371], [0.349665435, 0.972909110000001], [0.351359869, 0.9643698769999989], [0.348791741, 0.9688414470000012], [0.349827491, 0.9669185389999999], [0.350257065, 0.9651089950000016], [0.348983252, 0.9659295989999993], [0.348506036, 0.9693587129999998], [0.351304233, 0.971782734], [0.350261105, 0.9692388610000006]], "8": [[0.422517998, 0.9065590709999993], [0.421711329, 0.9060892150000022], [0.421040082, 0.900926901999999], [0.421300067, 0.9002230670000022], [0.421780764, 0.905876879], [0.421825644, 0.9075688690000007], [0.421224923, 0.9053235969999998], [0.423781924, 0.9083487799999999], [0.422555834, 0.9103301670000001], [0.421823042, 0.9050041809999988]], "9": [[1.37278737, 1.0114681469999998], [1.375952347, 1.010557904000002], [1.37750761, 1.0090454620000007], [1.38537363, 1.0181410539999987], [1.374520299, 1.0179955130000002], [1.376740764, 1.0115933300000015], [1.370762114, 1.016570851999999], [1.367811019, 1.0081481360000004], [1.37821727, 1.0143971349999985], [1.371682236, 1.0123178829999995]], "10": [[0.564831896, 1.2206131099999982], [0.566472997, 1.2166261809999996], [0.563349179, 1.2184752959999998], [0.580984575, 1.2195580809999995], [0.579874487, 1.2171567960000012], [0.564241046, 1.219951242], [0.579215364, 1.2164272090000003], [0.569235673, 1.2205518540000004], [0.580824494, 1.2224788110000007], [0.564648098, 1.2213642359999999]], "12": [[0.226430877, 0.7076574619999989], [0.227061621, 0.7008719320000004], [0.226444972, 0.7034630909999995], [0.228451292, 0.7095987549999998], [0.225899257, 0.708742502], [0.224881819, 0.6999153149999997], [0.22690305, 0.707758178], [0.225633669, 0.7087679939999989], [0.227310947, 0.7092054820000003], [0.225473638, 0.7029420830000002]], "14": [[0.219565312, 0.7705562589999995], [0.218622407, 0.7700684060000003], [0.218385258, 0.7697022710000002], [0.218897129, 0.7723875500000001], [0.21882327, 0.7697524680000007], [0.219556891, 0.7736059620000008], [0.219885516, 0.7733494769999996], [0.219571372, 0.7736464209999994], [0.219406192, 0.7727024249999992], [0.219273789, 0.7701065550000007]], "15": [[0.167022952, 0.757342444], [0.166348782, 0.7550414359999995], [0.16574191, 0.7551793250000005], [0.166330593, 0.754661221], [0.165199709, 0.7532435379999985], [0.1666783, 0.7550002439999995], [0.166909764, 0.7574643869999999], [0.165516033, 0.750503387], [0.166131547, 0.7503311550000006], [0.166167122, 0.7520654660000001]], "17": [[0.529718945, 1.2277559379999996], [0.528700963, 1.2284539149999998], [0.529448981, 1.2224146600000008], [0.528652978, 1.227880896999999], [0.52965026, 1.2236732960000003], [0.548603826, 1.2755422900000002], [0.529348114, 1.2370956829999997], [0.530997316, 1.2324621509999996], [0.529876179, 1.226831928999999], [0.529417642, 1.2266743809999987]], "18": [[0.919153763, 0.6193506960000004], [0.912717272, 0.6218160800000002], [0.917602327, 0.6187037159999992], [0.913080687, 0.6158579569999998], [0.918161459, 0.6142890570000005], [0.921574152, 0.6160445229999997], [0.912164525, 0.6206722849999995], [0.917569777, 0.6144732740000001], [0.918064208, 0.613809246], [0.920168479, 0.6145761969999999]], "19": [[0.431894347, 1.581247778], [0.432349123, 1.5892265459999997], [0.433039357, 1.585953787999999], [0.428952332, 1.579379316000001], [0.432572178, 1.585017627], [0.432700901, 1.58375555], [0.433516672, 1.5936468530000012], [0.432634637, 1.590658021000002], [0.430572851, 1.5823766800000012], [0.432599338, 1.587788662000001]], "20": [[0.225261434, 0.7673474980000001], [0.224296003, 0.7610767720000007], [0.223308392, 0.758128367], [0.223787733, 0.7646275550000008], [0.224031507, 0.7656353059999992], [0.226964773, 0.7725225710000003], [0.224374107, 0.7584849089999998], [0.22145603, 0.7502281000000001], [0.223864947, 0.7552896680000007], [0.224381706, 0.7705447139999996]], "21": [[0.966933333, 1.2372115210000005], [0.969084033, 1.2321381800000006], [0.951094301, 1.212420696], [0.948558673, 1.2183234929999986], [0.994015594, 1.2341158929999996], [0.967350177, 1.2455597700000014], [0.967167343, 1.2231092269999995], [0.951994329, 1.2109505150000004], [0.984672619, 1.2179666760000005], [0.964646517, 1.2234481219999997]]}