{"1": [[4.777023398, 1.1629936549999922], [4.809974981, 1.1622835059999885], [4.798603784, 1.161503032999995], [4.774192105, 1.1601625169999916], [4.767017908, 1.160119639000001], [4.776544942, 1.162843076999988], [4.778868141, 1.164063873000006], [4.771571526, 1.1607135699999913], [4.780693024, 1.1592983279999904], [4.777068854, 1.1628304770000013]], "3": [[2.229416583, 0.7283991629999953], [2.217014119, 0.7254588659999965], [2.236709674, 0.7287061670000012], [2.26177113, 0.7297798500000101], [2.23844095, 0.7271957169999999], [2.213781514, 0.725843685], [2.217782271, 0.7248082930000075], [2.215747158, 0.7253889280000024], [2.223114331, 0.7247076830000001], [2.222258073, 0.7260615480000101]], "4": [[1.748920762, 0.2794605999999993], [1.74339578, 0.2812849269999976], [1.75855583, 0.28074587499999853], [1.748597502, 0.27957182999999813], [1.782086401, 0.2787458219999981], [1.746920228, 0.27845919899999366], [1.745768567, 0.28011611599999975], [1.757552815, 0.2789857860000028], [1.760893087, 0.2818647299999965], [1.746586506, 0.2790413209999975]], "5": [[2.524281152, 0.5825584979999998], [2.581787627, 0.5862003199999986], [2.546446377, 0.5861597280000057], [2.602239715, 0.5828330820000035], [2.550265036, 0.5843548740000085], [2.530679895, 0.5836077179999966], [2.535531944, 0.5851739549999981], [2.568919687, 0.5845681200000036], [2.533718009, 0.5819330789999902], [2.550855883, 0.582968900000004]], "6": [[1.095611003, 1.0451689050000101], [1.095456426, 1.0457660690000121], [1.072547322, 1.0235020619999937], [1.071438897, 1.0220524639999937], [1.075889511, 1.0254418969999979], [1.07227196, 1.0230286290000075], [1.102745502, 1.0526338629999965], [1.074768131, 1.024491390000006], [1.074424326, 1.0249754609999886], [1.074032189, 1.0248841189999867]], "7": [[2.496574018, 0.9572634180000065], [2.480315695, 0.9562042949999949], [2.481467187, 0.9630597030000079], [2.476985446, 0.9575679069999977], [2.53300194, 0.9556244379999987], [2.488475728, 0.9574984800000047], [2.482496325, 0.9570037350000061], [2.494884435, 0.9580955669999925], [2.509853448, 0.9588568969999939], [2.479623182, 0.9556039940000002]], "8": [[3.03685763, 0.8966956089999968], [3.017545637, 0.8939951400000014], [3.035344185, 0.8949658689999923], [3.037587341, 0.8968583679999951], [3.031683704, 0.8936124119999951], [3.012628725, 0.8936218609999995], [3.030883294, 0.8989008239999946], [3.041881302, 0.8946726239999961], [3.038872958, 0.8978020260000041], [3.049921828, 0.9001411030000024]], "9": [[8.567132678, 1.0010840819999989], [8.606423942, 1.0050555860000099], [8.668692386, 1.0017778760000018], [8.645444457, 1.0031725950000066], [8.612999452, 1.0024676589999926], [8.681761698, 1.0009667499999926], [8.608957263, 1.0042469289999998], [8.642262898, 1.008792665000003], [8.762609833, 1.0009967040000094], [8.81633075, 1.0606037019999908]], "10": [[4.012787561, 1.2174394709999992], [4.00330524, 1.2158477089999982], [3.993190964, 1.2133932589999967], [3.991203065, 1.2156810120000052], [4.01516789, 1.2199502719999886], [4.010532225, 1.218429555000007], [4.005141738, 1.2145930339999926], [4.00829322, 1.2161207220000056], [4.010003835, 1.2155555200000039], [4.012158228, 1.218675944000018]], "12": [[1.610906339, 0.6914661159999922], [1.61026622, 0.6928289479999987], [1.612543581, 0.6928365349999953], [1.612306229, 0.692254913000001], [1.617854131, 0.6944277880000082], [1.609099213, 0.691936205], [1.627105916, 0.6951349250000052], [1.607815795, 0.6922234680000037], [1.614719284, 0.6921904970000056], [1.610583771, 0.6908704510000074]], "14": [[1.519956039, 0.8053587139999923], [1.470792234, 0.762809547000006], [1.470754512, 0.7610365710000017], [1.473802785, 0.7639503510000045], [1.472770821, 0.7631043880000001], [1.47750661, 0.7642412070000066], [1.477395114, 0.7638912680000036], [1.474259745, 0.764701716000005], [1.474017623, 0.7635590379999987], [1.472313134, 0.7628828319999974]], "15": [[0.991327855, 0.7529399679999964], [0.990528696, 0.7516021050000039], [0.988554008, 0.7520136729999987], [0.99651671, 0.7545509230000021], [0.988535592, 0.7513847500000055], [0.989853551, 0.7516961949999991], [0.990557669, 0.7514395779999994], [0.990926257, 0.7524215149999949], [0.987186274, 0.7495595049999932], [0.997679787, 0.7583093820000055]], "17": [[4.11754569, 1.2045988769999856], [4.118577001, 1.2059022019999892], [4.125754806, 1.2188040689999864], [4.109108141, 1.2348160159999955], [4.103490159, 1.2079494459999884], [4.153146533, 1.203137127999999], [4.10472116, 1.2085299590000047], [4.106122392, 1.2045012309999894], [4.090104176, 1.2122402450000096], [4.12344094, 1.2017255039999912]], "18": [[8.204455958, 0.6117980240000029], [8.209761652, 0.6113242629999976], [8.300731785, 0.6086307200000007], [8.214820248, 0.6126683070000007], [8.259537054, 0.6119580839999968], [8.229919666, 0.6104660999999925], [8.15277303, 0.6078226739999968], [8.233143251, 0.6125470129999984], [8.154619668, 0.6107766159999988], [8.266996225, 0.6113363979999984]], "19": [[3.157942219, 1.5675837169999938], [3.175923358, 1.5750138370000193], [3.16663852, 1.572671972000006], [3.156397809, 1.570521111999997], [3.162048585, 1.5661424459999866], [3.171659656, 1.5680663910000143], [3.149429713, 1.5660767550000108], [3.168245521, 1.5699217760000164], [3.168463432, 1.5733889370000127], [3.156932266, 1.5714080469999885]], "20": [[1.607316997, 0.7396106559999942], [1.611068454, 0.7434717939999942], [1.605437973, 0.7386944950000031], [1.613913778, 0.7406700109999985], [1.611976723, 0.7367856950000007], [1.600099328, 0.7377432860000069], [1.610367366, 0.7408841779999947], [1.599843341, 0.7381551260000057], [1.604423079, 0.7391007940000097], [1.601971251, 0.7367070129999967]], "21": [[6.937177954, 1.197731674999994], [6.872459346, 1.199164325999996], [6.894429452, 1.2087764070000027], [6.850130124, 1.1972614269999922], [6.876176624, 1.199229856999994], [6.935982053, 1.1989450819999992], [6.848615057, 1.199284141000001], [6.912489959, 1.2010128320000026], [6.899968486, 1.196024745999992], [6.879803007, 1.1997884439999964]]}