{"1": [[1.20010107, 1.1749720000000017], [1.198291839, 1.1676104869999975], [1.201869535, 1.1716616649999998], [1.202154985, 1.1686488199999987], [1.195373824, 1.166771566000002], [1.198806197, 1.1748179130000016], [1.198108709, 1.1686525489999997], [1.199431015, 1.1662003880000018], [1.201670786, 1.1757028090000006], [1.198742076, 1.175145448000001]], "3": [[0.611749496, 0.7369906220000013], [0.602588952, 0.7311443220000026], [0.607482315, 0.7398728390000028], [0.605688397, 0.7332106740000025], [0.60736834, 0.7419861059999986], [0.613562633, 0.7388260979999989], [0.603087387, 0.7298836429999989], [0.614079591, 0.7299097539999971], [0.611192061, 0.7318260709999989], [0.603214583, 0.7338420380000004]], "4": [[0.478523801, 0.28844352399999923], [0.481323271, 0.2851449139999995], [0.476721228, 0.28210238999999926], [0.477975028, 0.28436736100000115], [0.473555947, 0.2824686329999994], [0.47571431, 0.2832094060000001], [0.47808736, 0.285716919], [0.476751202, 0.287566812999999], [0.480011269, 0.28107406500000015], [0.489335224, 0.28138788600000025]], "5": [[0.674669655, 0.5849367529999991], [0.673672657, 0.5933328190000011], [0.678684956, 0.5874906770000007], [0.669927321, 0.5857805159999983], [0.67523311, 0.586197104000001], [0.684979198, 0.5927228099999986], [0.687575425, 0.5948127580000007], [0.683778445, 0.5833993559999988], [0.678122102, 0.5833924719999994], [0.676178504, 0.5872122490000006]], "6": [[0.274080858, 1.0381931690000017], [0.272364865, 1.0361538689999985], [0.271256073, 1.032604160000002], [0.273660845, 1.0386929720000009], [0.272728134, 1.0387846400000036], [0.27365883, 1.0399232730000005], [0.271769255, 1.0333490720000018], [0.275538392, 1.0450101959999993], [0.271046358, 1.0318519990000001], [0.27431775, 1.0378875230000006]], "7": [[0.656356971, 0.962754400999999], [0.658983501, 0.9689986109999996], [0.660214966, 0.9680289260000013], [0.658196657, 0.9673418309999993], [0.659407006, 0.9672035790000002], [0.670163966, 0.9769257559999989], [0.661136546, 0.9731175820000002], [0.664403629, 0.9645796009999983], [0.655579417, 0.9630776960000009], [0.663131569, 0.9751962790000009]], "8": [[0.796141272, 0.9010165060000003], [0.796222129, 0.9038678720000011], [0.796375991, 0.9013277330000016], [0.798564379, 0.9049043800000013], [0.795199561, 0.9036196250000009], [0.796700125, 0.9015798250000006], [0.801754618, 0.9076259440000012], [0.795845976, 0.9024772570000006], [0.79489536, 0.8992892260000009], [0.794927906, 0.901536926999998]], "9": [[2.501003797, 1.0126400720000008], [2.512517005, 1.0089393950000005], [2.514552419, 1.0242732269999997], [2.4954216, 1.0229113419999984], [2.501046066, 1.0086302729999999], [2.504168013, 1.007384220999999], [2.510072162, 1.0076860060000015], [2.514788358, 1.0205941920000015], [2.515724737, 1.0107549070000017], [2.503134682, 1.0099104489999982]], "10": [[1.07904462, 1.216248383999996], [1.076799512, 1.215119146000001], [1.087503523, 1.2185786620000012], [1.090667725, 1.2200462089999977], [1.095731021, 1.2129966249999957], [1.087371696, 1.2151709669999988], [1.072266646, 1.217708164], [1.092227669, 1.2151615179999997], [1.094459734, 1.2224810690000016], [1.073375284, 1.2157461669999983]], "12": [[0.424287252, 0.6973247789999985], [0.424175555, 0.697671659999999], [0.424075527, 0.6977462859999983], [0.426698655, 0.6992401579999992], [0.428779373, 0.7042804809999995], [0.426575755, 0.7047213500000019], [0.426805434, 0.6979551960000007], [0.426572367, 0.7027939569999975], [0.428151499, 0.7012962299999996], [0.426064257, 0.7035132630000015]], "14": [[0.400206126, 0.7677383889999988], [0.398957214, 0.7682456810000009], [0.401230149, 0.7705356180000001], [0.400421684, 0.7687228809999966], [0.400851325, 0.7705723050000011], [0.404012256, 0.7811863489999985], [0.39973925, 0.7694609309999996], [0.400923027, 0.7699151659999992], [0.401294235, 0.7690987410000012], [0.40293936, 0.7810594880000001]], "15": [[0.320696711, 0.7481918969999996], [0.323636175, 0.7575928549999997], [0.323163082, 0.7551759989999978], [0.322298281, 0.7508599610000001], [0.323547134, 0.7515655950000018], [0.320729474, 0.7487745590000001], [0.324230777, 0.7569869389999991], [0.32101395, 0.7496824859999993], [0.32209769, 0.7491369119999999], [0.324103528, 0.7569586439999987]], "17": [[1.049583216, 1.240760128000001], [1.039229983, 1.2247276669999976], [1.044642664, 1.220934752000002], [1.044020362, 1.2185496409999992], [1.040611542, 1.2317416839999993], [1.0420451, 1.2185125919999968], [1.044727474, 1.2211080140000001], [1.041374686, 1.2176429159999986], [1.038176815, 1.2260096700000018], [1.046451836, 1.2303697370000037]], "18": [[1.792772621, 0.6104778409999998], [1.789943877, 0.6143405149999996], [1.800892282, 0.6159147920000001], [1.783868989, 0.6154243870000002], [1.798457259, 0.614293815000001], [1.789126178, 0.619435304], [1.80801513, 0.6209211279999995], [1.787739605, 0.6169857889999986], [1.813017303, 0.6177969049999995], [1.795766851, 0.6205647770000007]], "19": [[0.819755892, 1.5775838579999997], [0.822942768, 1.582015549], [0.828888821, 1.5869324869999997], [0.827020089, 1.5834172739999957], [0.825103782, 1.5804298069999994], [0.820342378, 1.5761133790000046], [0.826764352, 1.582632995000001], [0.824753994, 1.5828542120000024], [0.819710611, 1.5747824109999975], [0.817942017, 1.5746167479999968]], "20": [[0.417179724, 0.7539666459999995], [0.419797627, 0.7570075969999992], [0.421452825, 0.752734296000001], [0.423531497, 0.7714386760000015], [0.420604494, 0.7561016199999995], [0.418573793, 0.7524303719999981], [0.422270131, 0.7596901789999961], [0.420173, 0.7585901379999987], [0.416890127, 0.7513942070000018], [0.417699288, 0.7497663349999986]], "21": [[1.814803458, 1.209427763999999], [1.809671664, 1.214884097], [1.782261375, 1.209394376], [1.804042808, 1.2463974170000003], [1.817697043, 1.2055353110000013], [1.801378809, 1.2161949619999968], [1.807906605, 1.2134839520000003], [1.827384135, 1.241630784999999], [1.820655111, 1.215930889999999], [1.822013584, 1.2073107330000012]]}