{"6": [[1.774172954, 0], [1.742112668, 0], [1.747163911, 0], [1.744182252, 0], [1.754486004, 0], [1.754865601, 0], [1.760249626, 0], [1.763629711, 0], [1.768326965, 0], [1.742130511, 0]], "11": [[0.278006293, 0], [0.276988796, 0], [0.2775408, 0], [0.278599623, 0], [0.277001697, 0], [0.277531416, 0], [0.276787684, 0], [0.278541602, 0], [0.278664706, 0], [0.276899855, 0]], "12": [[0.284612983, 0], [0.287389084, 0], [0.2898556, 0], [0.285368575, 0], [0.287627481, 0], [0.290341308, 0], [0.287473881, 0], [0.28577389, 0], [0.286502537, 0], [0.285758, 0]], "13": [[0.605053387, 0], [0.60214516, 0], [0.597445557, 0], [0.602424617, 0], [0.601847681, 0], [0.603844478, 0], [0.602914076, 0], [0.601991663, 0], [0.605407354, 0], [0.608550466, 0]], "14": [[0.707285317, 0], [0.711007005, 0], [0.715577941, 0], [0.704725843, 0], [0.710519511, 0], [0.710075205, 0], [0.708494074, 0], [0.70743193, 0], [0.715530035, 0], [0.712501147, 0]], "15": [[0.611068108, 0], [0.607493963, 0], [0.606596127, 0], [0.612207068, 0], [0.611441226, 0], [0.609408702, 0], [0.613320784, 0], [0.60751109, 0], [0.613316489, 0], [0.611404621, 0]], "17": [[1.854997826, 0], [1.892563215, 0], [1.881138875, 0], [1.896445809, 0], [1.900590765, 0], [1.920420905, 0], [1.905092467, 0], [1.884262388, 0], [1.891330434, 0], [1.911958624, 0]], "18": [[1.857907107, 0], [1.890838035, 0], [1.8886389, 0], [1.869861468, 0], [1.885744876, 0], [1.955949464, 0], [1.849919216, 0], [1.876363685, 0], [1.879233998, 0], [1.879910139, 0]], "19": [[2.118623462, 0], [2.169283808, 0], [2.20554027, 0], [2.158184517, 0], [2.154947644, 0], [2.162129627, 0], [2.153391072, 0], [2.13515646, 0], [2.16240761, 0], [2.157037209, 0]], "21": [[0.794593315, 0], [0.796575581, 0], [0.799274339, 0], [0.791112589, 0], [0.79440182, 0], [0.794055841, 0], [0.797546072, 0], [0.79542705, 0], [0.794777572, 0], [0.803353605, 0]], "22": [[0.676953117, 0], [0.686009344, 0], [0.683637312, 0], [0.679480252, 0], [0.685063383, 0], [0.681072329, 0], [0.676926173, 0], [0.681104161, 0], [0.674358109, 0], [0.680439826, 0]], "23": [[1.107770854, 0], [1.084784717, 0], [1.07596445, 0], [1.096416031, 0], [1.079052522, 0], [1.086702709, 0], [1.07827975, 0], [1.079606051, 0], [1.087505617, 0], [1.078743736, 0]], "24": [[2.068302636, 0], [2.068441634, 0], [2.070611494, 0], [2.065473783, 0], [2.061362085, 0], [2.063238593, 0], [2.062024255, 0], [2.062544503, 0], [2.069885934, 0], [2.086342876, 0]], "26": [[0.521111892, 0], [0.509078619, 0], [0.507288164, 0], [0.507933955, 0], [0.504321654, 0], [0.503250806, 0], [0.507393036, 0], [0.506342094, 0], [0.506082519, 0], [0.504134884, 0]], "27": [[0.515475541, 0], [0.511536051, 0], [0.511658154, 0], [0.525862752, 0], [0.511121146, 0], [0.508724238, 0], [0.516890759, 0], [0.514361938, 0], [0.519237671, 0], [0.516090882, 0]], "29": [[4.993772017, 0], [5.039483027, 0], [5.035441917, 0], [5.094487743, 0], [5.045870951, 0], [5.117261079, 0], [5.089831673, 0], [5.049097786, 0], [5.09045892, 0], [5.061112625, 0]], "31": [[0.539528287, 0], [0.54089289, 0], [0.540422467, 0], [0.545421853, 0], [0.541582055, 0], [0.538640573, 0], [0.541737021, 0], [0.538688143, 0], [0.543289662, 0], [0.539848195, 0]], "32": [[0.57310578, 0], [0.585018501, 0], [0.570448687, 0], [0.577240392, 0], [0.585502776, 0], [0.572528174, 0], [0.575349141, 0], [0.576704479, 0], [0.571183122, 0], [0.573379038, 0]], "33": [[2.133991333, 0], [2.18062246, 0], [2.175992139, 0], [2.168322063, 0], [2.243913543, 0], [2.179714584, 0], [2.18121632, 0], [2.16566863, 0], [2.16237602, 0], [2.152683501, 0]], "34": [[2.44280427, 0], [2.426601794, 0], [2.454154945, 0], [2.446139199, 0], [2.446227424, 0], [2.425864567, 0], [2.40918926, 0], [2.452871855, 0], [2.411887771, 0], [2.43058894, 0]], "37": [[0.629989862, 0], [0.582231946, 0], [0.594731334, 0], [0.590225537, 0], [0.586946503, 0], [0.589927203, 0], [0.591615208, 0], [0.590457639, 0], [0.621391121, 0], [0.5896852, 0]], "38": [[0.482561618, 0], [0.472101274, 0], [0.481019309, 0], [0.480893245, 0], [0.481675872, 0], [0.480751265, 0], [0.48070875, 0], [0.480417759, 0], [0.472416782, 0], [0.480787766, 0]], "39": [[0.539331858, 0], [0.55277607, 0], [0.553751745, 0], [0.546505987, 0], [0.543411092, 0], [0.539497011, 0], [0.567512741, 0], [0.548582681, 0], [0.544938125, 0], [0.546038863, 0]], "40": [[0.919893277, 0], [0.923389487, 0], [0.946955811, 0], [0.906575437, 0], [0.905192364, 0], [0.920835635, 0], [0.96242501, 0], [0.923393236, 0], [0.930146323, 0], [0.921787859, 0]]}