{"6": [[1.76254757, 0], [1.727181835, 0], [1.71457978, 0], [1.755819829, 0], [1.75530655, 0], [1.740736382, 0], [1.711303851, 0], [1.771392251, 0], [1.75303876, 0], [1.755459499, 0]], "11": [[0.217883957, 0], [0.215846636, 0], [0.209584453, 0], [0.217801316, 0], [0.217118311, 0], [0.260391712, 0], [0.209743961, 0], [0.215928466, 0], [0.212767631, 0], [0.211568918, 0]], "12": [[0.217109827, 0], [0.216291822, 0], [0.216084841, 0], [0.217084954, 0], [0.219106139, 0], [0.218304979, 0], [0.216491526, 0], [0.217192337, 0], [0.222015775, 0], [0.21665132, 0]], "13": [[0.526859213, 0], [0.516932724, 0], [0.51890958, 0], [0.529593845, 0], [0.518958044, 0], [0.524014218, 0], [0.526089273, 0], [0.524630394, 0], [0.519816621, 0], [0.520683961, 0]], "14": [[0.656134483, 0], [0.657207701, 0], [0.650794671, 0], [0.652622239, 0], [0.665451542, 0], [0.658186922, 0], [0.660063697, 0], [0.658325907, 0], [0.656006945, 0], [0.652971078, 0]], "15": [[0.529228949, 0], [0.531000818, 0], [0.536791988, 0], [0.540208843, 0], [0.527470622, 0], [0.533678499, 0], [0.530515648, 0], [0.537140346, 0], [0.527299128, 0], [0.535262489, 0]], "17": [[2.012427995, 0], [2.010492696, 0], [1.993121449, 0], [1.99581175, 0], [2.005012322, 0], [1.975838442, 0], [1.990019516, 0], [2.014391812, 0], [2.011977778, 0], [1.98858812, 0]], "18": [[1.982923065, 0], [1.983869824, 0], [1.979240838, 0], [1.996520814, 0], [1.996133761, 0], [1.984979879, 0], [1.990819896, 0], [1.975642623, 0], [1.983850737, 0], [1.982321436, 0]], "19": [[2.432988529, 0], [2.407433414, 0], [2.390172805, 0], [2.365438243, 0], [2.399789737, 0], [2.377535641, 0], [2.429331725, 0], [2.384658099, 0], [2.381830231, 0], [2.426997973, 0]], "21": [[0.679826865, 0], [0.656244767, 0], [0.676541947, 0], [0.65536312, 0], [0.694367179, 0], [0.677577543, 0], [0.668929889, 0], [0.657072633, 0], [0.696617191, 0], [0.671214978, 0]], "22": [[0.568591786, 0], [0.567645091, 0], [0.549806225, 0], [0.570360702, 0], [0.572657649, 0], [0.575380774, 0], [0.579279681, 0], [0.556310797, 0], [0.552753677, 0], [0.566964755, 0]], "23": [[0.867975744, 0], [0.855117224, 0], [0.847821986, 0], [0.873429662, 0], [0.868853396, 0], [0.87444769, 0], [0.887596954, 0], [0.851137791, 0], [0.862634129, 0], [0.881643983, 0]], "24": [[1.674359227, 0], [1.658055383, 0], [1.701007269, 0], [1.651875568, 0], [1.644707478, 0], [1.678899572, 0], [1.646601454, 0], [1.651197052, 0], [1.675629293, 0], [1.650764307, 0]], "26": [[0.428169817, 0], [0.430505588, 0], [0.434169073, 0], [0.430551285, 0], [0.435617458, 0], [0.432277223, 0], [0.434104342, 0], [0.429961087, 0], [0.437228661, 0], [0.43844045, 0]], "27": [[0.452142789, 0], [0.449468927, 0], [0.452472752, 0], [0.454051717, 0], [0.454954776, 0], [0.448679096, 0], [0.455664366, 0], [0.457008648, 0], [0.451971328, 0], [0.454340956, 0]], "29": [[4.721732304, 0], [4.727376771, 0], [4.722160647, 0], [4.744515515, 0], [4.664435233, 0], [4.746117437, 0], [4.71069844, 0], [4.727069715, 0], [4.699035261, 0], [4.724599475, 0]], "31": [[0.484347617, 0], [0.501657589, 0], [0.487071418, 0], [0.487395261, 0], [0.488521339, 0], [0.488265507, 0], [0.486841625, 0], [0.479329839, 0], [0.488684559, 0], [0.487382405, 0]], "32": [[0.503501621, 0], [0.503917162, 0], [0.498459811, 0], [0.506841627, 0], [0.503648466, 0], [0.501377458, 0], [0.502472931, 0], [0.50415137, 0], [0.507109172, 0], [0.512492248, 0]], "33": [[2.580811295, 0], [2.572104733, 0], [2.582371665, 0], [2.604829459, 0], [2.590725751, 0], [2.565951335, 0], [2.602765199, 0], [2.598317396, 0], [2.580194962, 0], [2.603384907, 0]], "34": [[3.087633695, 0], [3.038044648, 0], [3.136141556, 0], [3.098396458, 0], [3.086414308, 0], [3.078420975, 0], [3.115454955, 0], [3.128946936, 0], [3.124079719, 0], [3.089805195, 0]], "37": [[0.488752704, 0], [0.487857055, 0], [0.465003181, 0], [0.491698754, 0], [0.486483082, 0], [0.500365793, 0], [0.47963707, 0], [0.480678228, 0], [0.444429777, 0], [0.453258534, 0]], "38": [[0.357976722, 0], [0.36229228, 0], [0.360757797, 0], [0.365684517, 0], [0.363007808, 0], [0.343797492, 0], [0.361842399, 0], [0.345607367, 0], [0.3579362, 0], [0.358922818, 0]], "39": [[0.452388526, 0], [0.448165476, 0], [0.443285484, 0], [0.411279972, 0], [0.43829072, 0], [0.437984228, 0], [0.446683271, 0], [0.453956568, 0], [0.429714246, 0], [0.438007334, 0]], "40": [[0.746731678, 0], [0.731109762, 0], [0.759465387, 0], [0.7347711, 0], [0.737222043, 0], [0.764883526, 0], [0.746007842, 0], [0.761612648, 0], [0.745235245, 0], [0.713404457, 0]]}