{"6": [[18.246516207, 4.176194054000005], [18.05747592, 4.1659694069999995], [18.286578004, 4.163435015000002], [18.17370151, 4.171079403000007], [18.150467255, 4.172699765000001], [18.006499337, 4.17055667400001], [17.98220907, 4.162099795000005], [18.054277255, 4.1730110569999885], [18.036491157, 4.170489992999996], [18.233628111, 4.172880025000005]], "11": [[5.762071032, 1.822541500999998], [5.766150451, 1.8206315620000044], [5.765169933, 1.8194006829999958], [5.880418586, 1.8236748270000003], [5.871436497, 1.821694117999995], [5.898299484, 1.8210277600000015], [5.788433993, 1.8231283219999996], [5.744903247, 1.8218618090000018], [5.76957275, 1.8220420799999988], [5.761343077, 1.8219316879999985]], "12": [[5.933585628, 1.8207402510000024], [6.069054264, 1.8214849069999974], [5.921892691, 1.821898822000004], [5.976448208, 1.827836582000001], [5.926233354, 1.821991212000003], [5.929764701, 1.822733478000003], [5.965966874, 1.8239637600000007], [6.166208834, 1.8241980960000046], [5.948227828, 1.8245827459999986], [5.96829447, 1.8252480910000002]], "13": [[11.764570392, 4.2177046249999925], [11.710034691, 4.210042472999993], [11.690836167, 4.208323795000008], [11.794249475, 4.212434902000004], [11.729732325, 4.216456312000006], [11.751851415, 4.213305493000003], [12.075751702, 4.212960925999997], [11.762852694, 4.212692766000005], [11.801506511, 4.217444575999999], [11.779169002, 4.213107097999998]], "14": [[14.197008168, 4.221019009999998], [14.150801283, 4.206619488000018], [14.290610731, 4.2159975660000075], [14.155655113, 4.216406110999992], [14.1235013, 4.217225126999998], [14.147117004, 4.220596546], [14.167017971, 4.21435132899999], [14.225795188, 4.2165722660000124], [14.109665971, 4.207375655000002], [14.06787218, 4.211309496999989]], "15": [[11.976010292, 4.212176514000007], [12.020812104, 4.214388740999997], [12.033253638, 4.216341314999985], [12.004594238, 4.212141110000009], [12.011977715, 4.214836350999995], [11.984575919, 4.211245209000012], [11.976091075, 4.205731968999984], [12.117507248, 4.2123599040000075], [12.050937325, 4.213346230000003], [12.015997498, 4.216069965000007]], "17": [[25.224715344, 4.246575517000003], [25.0233145, 4.196837122999993], [24.973684581, 4.195252322000002], [25.034705596, 4.188282870999986], [24.951384406, 4.201075580999995], [25.036130079, 4.204153172999997], [25.18296943, 4.232291017000012], [25.041142043, 4.226397800000005], [25.315711356, 4.256761229999999], [25.030764839, 4.204295964000002]], "18": [[24.646912148, 4.226139747000007], [24.68094333, 4.226054580999995], [24.515751013, 4.224107593000006], [24.423243227, 4.205784868999996], [24.517374775, 4.216587067000002], [24.529491058, 4.229382049], [24.672745131, 4.229725136000001], [24.707480196, 4.239444610000001], [24.595555375, 4.234121040000002], [24.640051831, 4.233109724000002]], "19": [[34.545428926, 4.251760077000002], [34.537722203, 4.283996247000001], [34.573997189, 4.263337629999997], [34.383251424, 4.278588028999991], [34.503328553, 4.246086894], [34.341831844, 4.232437754999994], [34.618565259, 4.227170152999998], [34.648991991, 4.259594515999999], [34.253868386, 4.227350467000013], [34.75780047, 4.256417702000004]], "21": [[20.082411594, 12.780359674999989], [20.039668194, 12.710110612999998], [20.08127548, 12.751366703000029], [20.035860819, 12.692763712999978], [20.103019757, 12.765261076999995], [20.07283336, 12.754315768000017], [20.050201723, 12.700541305999987], [20.055621935, 12.745911686000003], [20.110764454, 12.738551527999995], [20.098979686, 12.744011898000002]], "22": [[17.339375764, 15.476219167999925], [17.36018205, 15.499003684000026], [17.305176899, 15.447957339999999], [17.366588209, 15.503814963999996], [17.37545423, 15.486250852000058], [17.328519924, 15.459709105000021], [17.343242509, 15.480448437999957], [17.308646029, 15.458499460000024], [17.34935907, 15.479723633999976], [17.316827337, 15.466357225000028]], "23": [[28.233124251, 25.53832931299994], [28.212698985, 25.530469886999995], [28.204033908, 25.52240924999997], [28.214061735, 25.487778942999974], [28.22720454, 25.539058927999978], [28.136877381, 25.44769727599998], [28.249600217, 25.544584212000025], [28.148760135, 25.452528216999976], [28.159811545, 25.47584764399996], [28.245840455, 25.54845251699995]], "24": [[58.416114129, 35.96446442299994], [58.478385605, 36.01955492100003], [58.477251051, 36.04226759899991], [58.443260472, 36.001737004999974], [58.422454058, 36.014653745999965], [58.350807208, 35.95379804800005], [58.491682226, 36.04762910600004], [58.555852259, 36.103158358], [58.581827635, 36.07659609000018], [58.555586292, 36.064548780999914]], "26": [[9.397412407, 4.208022407000001], [9.461100336, 4.211779596000006], [9.441734739, 4.214112322000005], [9.586726126, 4.211922260000002], [9.466681888, 4.212273364000012], [9.448298579, 4.210354384000005], [9.42215874, 4.210757840000009], [9.565965794, 4.214513586999996], [9.547886487, 4.214771030999993], [9.441477075, 4.213744187000004]], "27": [[9.601676168, 4.213946664000001], [9.749902476, 4.222336848000003], [9.622267628, 4.212037292999996], [9.636854581, 4.222513769999988], [9.645853133, 4.2062284210000085], [9.799517779, 4.221171595999985], [9.609781224, 4.211182615000003], [9.662090596, 4.220942946000013], [9.749955301, 4.204497179999991], [9.655846331, 4.2209628059999975]], "29": [[109.670094856, 12.248883886999979], [109.508988879, 12.237031115999985], [109.807635825, 12.24796490499998], [109.954884504, 12.24671858899999], [109.783578509, 12.238364978000002], [109.945357681, 12.246570339999963], [109.718170524, 12.245822888000028], [110.021071935, 12.247558621000014], [109.696886327, 12.274108667999963], [109.654513071, 12.245407644999979]], "31": [[10.853141319, 4.081765257000004], [10.883223453, 4.08491559900001], [10.771928126, 4.089736869000008], [10.951747352, 4.086610274000006], [10.836872622, 4.0825301280000055], [10.816196113, 4.081617609999993], [10.814563451, 4.085916744999994], [10.953743347, 4.0884339210000045], [10.965271796, 4.091509780000004], [10.825385947, 4.089893678999995]], "32": [[11.957304173, 4.084456446999992], [11.863321733, 4.094894550000004], [11.852625559, 4.092653969999995], [11.81556214, 4.086733281000001], [11.848549728, 4.087291072000001], [11.820203679, 4.088244307999997], [11.779541452, 4.086667728000012], [12.143007549, 4.099767520000003], [11.805185017, 4.092424497999996], [11.961993509, 4.083151870999998]], "33": [[33.491088466, 1.3139297909999998], [33.698382975, 1.3147972500000016], [33.720354742, 1.3164392099999986], [33.706260681, 1.3117086780000013], [33.652882695, 1.3138438110000008], [33.456432001, 1.313729157], [33.66526262, 1.3154656200000023], [33.656889236, 1.3170203099999958], [33.442381134, 1.3151882959999994], [33.467022148, 1.315317602000001]], "34": [[37.144497045, 13.573565020000004], [37.026969752, 13.522246471999942], [37.157042488, 13.531635852999997], [37.171233186, 13.513188358999983], [37.100922056, 13.489470447000006], [36.867444928, 13.469154750999973], [37.380740668, 13.52983429700001], [37.156238082, 13.578156622999987], [37.202438484, 13.590404081000024], [37.161806921, 13.559606279000027]], "37": [[14.510191084, 12.758238902000018], [14.47605519, 12.751318100000033], [14.476450602, 12.748102002000037], [14.468762427, 12.75830996200001], [14.541575076, 12.846192897000005], [14.45318945, 12.748839829999989], [14.5343553, 12.80988148599998], [14.581346833, 12.872818075000009], [14.457146708, 12.745842686000014], [14.511799913, 12.777979949000015]], "38": [[12.884891007, 11.363291839999995], [12.861476362, 11.326539344000034], [12.900098437, 11.340052165999973], [12.868785673, 11.323435747999989], [12.881735678, 11.32918308800001], [12.885478831, 11.332795270000016], [12.833814653, 11.307324524999986], [12.846718198, 11.325585443999975], [12.819677257, 11.29019063400003], [12.829608757, 11.301638852000007]],