{"6": [[9.650941541, 0], [9.688680275, 0], [9.680572992, 0], [9.681317986, 0], [9.71097589, 0], [9.723576268, 0], [9.766566982, 0], [9.701535473, 0], [9.634610545, 0], [9.689284786, 0]], "11": [[3.001341071, 0], [2.971687258, 0], [2.976586765, 0], [2.951981285, 0], [3.021835578, 0], [2.982713932, 0], [2.961977155, 0], [2.970535146, 0], [3.013623164, 0], [2.954297777, 0]], "12": [[3.063003158, 0], [3.084789483, 0], [3.058716956, 0], [3.080122856, 0], [3.116816313, 0], [3.09475601, 0], [3.064821751, 0], [3.074411792, 0], [3.069637283, 0], [3.064636336, 0]], "13": [[6.277445533, 0], [6.246601414, 0], [6.246680095, 0], [6.248066736, 0], [6.301129932, 0], [6.228273407, 0], [6.290905756, 0], [6.335989629, 0], [6.259147365, 0], [6.241397929, 0]], "14": [[7.918756917, 0], [7.997799805, 0], [7.898743303, 0], [8.053876137, 0], [7.918942081, 0], [7.949846047, 0], [7.988977898, 0], [7.981585468, 0], [7.960906261, 0], [7.90422376, 0]], "15": [[6.405719459, 0], [6.416400851, 0], [6.448735573, 0], [6.426145754, 0], [6.432029418, 0], [6.378025865, 0], [6.413192782, 0], [6.401031708, 0], [6.421776973, 0], [6.420200759, 0]], "17": [[13.29661636, 0], [13.256223228, 0], [13.291319507, 0], [13.253724432, 0], [13.260805343, 0], [13.311169205, 0], [13.212888919, 0], [13.313842596, 0], [13.312401849, 0], [13.339080407, 0]], "18": [[12.993680591, 0], [13.047414339, 0], [13.07642354, 0], [13.046995605, 0], [12.96370741, 0], [12.944306671, 0], [13.024392692, 0], [13.049799992, 0], [13.011066869, 0], [12.88812786, 0]], "19": [[18.179145152, 0], [18.042743328, 0], [18.256954928, 0], [18.079640516, 0], [18.313941941, 0], [18.255241772, 0], [18.08337795, 0], [18.251056193, 0], [18.122109656, 0], [18.294342518, 0]], "21": [[10.073887522, 0], [10.077607584, 0], [10.080689749, 0], [10.063565613, 0], [10.100105635, 0], [10.087752846, 0], [10.065054323, 0], [10.053271747, 0], [10.087497509, 0], [10.08080366, 0]], "22": [[8.729796513, 0], [8.765920057, 0], [8.764317362, 0], [8.74845931, 0], [8.717044729, 0], [8.738740091, 0], [8.784264433, 0], [8.715422971, 0], [8.701538909, 0], [8.731483596, 0]], "23": [[14.220142518, 0], [14.188459476, 0], [14.232298028, 0], [14.210556222, 0], [14.22477889, 0], [14.179014839, 0], [14.153764417, 0], [14.196956995, 0], [14.257732917, 0], [14.245257363, 0]], "24": [[29.248394514, 0], [29.429256438, 0], [29.356968301, 0], [29.359230424, 0], [29.382039505, 0], [29.407733281, 0], [29.351273095, 0], [29.3246667, 0], [29.32810245, 0], [29.420595763, 0]], "26": [[4.846570512, 0], [4.842600073, 0], [4.874711017, 0], [4.833788742, 0], [4.863656205, 0], [4.849892302, 0], [4.87213727, 0], [4.830429385, 0], [4.874948246, 0], [4.885081314, 0]], "27": [[4.913706306, 0], [4.905456366, 0], [4.925071401, 0], [4.905965569, 0], [4.994759499, 0], [4.907268145, 0], [4.905636577, 0], [4.92962359, 0], [4.950975985, 0], [4.931741565, 0]], "29": [[56.502671549, 0], [56.703304913, 0], [56.46705644, 0], [56.553096228, 0], [56.504809561, 0], [56.596808266, 0], [56.675309276, 0], [56.585598166, 0], [56.807382006, 0], [56.516731274, 0]], "31": [[5.824662243, 0], [5.785663886, 0], [5.795366476, 0], [5.755381331, 0], [5.776362998, 0], [5.754984793, 0], [5.774284209, 0], [5.774868695, 0], [5.767406018, 0], [5.837768484, 0]], "32": [[6.492503358, 0], [6.465907034, 0], [6.543864471, 0], [6.478817131, 0], [6.489814048, 0], [6.467038744, 0], [6.547791633, 0], [6.458463051, 0], [6.460539429, 0], [6.513940543, 0]], "33": [[22.057019038, 0], [22.294029238, 0], [21.962290173, 0], [22.197619415, 0], [22.231596471, 0], [22.338912233, 0], [22.16697747, 0], [22.275337925, 0], [22.202062044, 0], [22.380881888, 0]], "34": [[19.785435247, 0], [19.865386608, 0], [19.824477049, 0], [19.688833481, 0], [19.678573229, 0], [19.86170259, 0], [19.782308133, 0], [19.801556852, 0], [19.782537138, 0], [19.737238507, 0]], "37": [[7.267095734, 0], [7.304754718, 0], [7.294765949, 0], [7.276642345, 0], [7.289665601, 0], [7.313063715, 0], [7.296457173, 0], [7.34573159, 0], [7.308670339, 0], [7.306788117, 0]], "38": [[6.473268132, 0], [6.451717962, 0], [6.510989952, 0], [6.481990591, 0], [6.490740805, 0], [6.490369647, 0], [6.466591037, 0], [6.461681844, 0], [6.46365565, 0], [6.480955201, 0]], "39": [[7.026762363, 0], [7.033676114, 0], [7.039760197, 0], [7.014244345, 0], [7.042522345, 0], [7.004183498, 0], [7.061689138, 0], [7.024505182, 0], [7.029684784, 0], [7.04630042, 0]], "40": [[12.338542468, 0], [12.340054766, 0], [12.331233114, 0], [12.335234831, 0], [12.344160749, 0], [12.339451226, 0], [12.362002089, 0], [12.304333209, 0], [12.375548249, 0], [12.361937319, 0]]}