{"1": [[13.856420684, 8.74927999799989], [13.838128478, 8.740458810999979], [13.832130988, 8.72727913500004], [13.852248602, 8.73584469899999], [13.864092011, 8.743597967999984], [13.836850057, 8.739733272000011], [13.84378412, 8.744225391999988], [13.861920494, 8.742892812999973], [13.834452198, 8.727924821000096], [13.841645392, 8.725191539000024]], "3": [[8.282360697, 6.693100735000086], [8.251810069, 6.6927584899999895], [8.251776665, 6.69016286900002], [8.232783153, 6.683439277999971], [8.245748964, 6.687236048999936], [8.329080454, 6.693315912000056], [8.252194571, 6.690123922000107], [8.239237656, 6.691768116999989], [8.249719098, 6.690622566000042], [8.256488776, 6.683542016000045]], "4": [[6.628636702, 4.399164679999967], [6.575734978, 4.393774766000047], [6.589370623, 4.397314598999941], [6.633915908, 4.39980171299995], [6.633286086, 4.402743169000034], [6.621512333, 4.397592887000043], [6.589813385, 4.403088830999972], [6.598790916, 4.40385465800002], [6.599225482, 4.393307247000009], [6.606604908, 4.393879525999995]], "5": [[6.72765704, 4.728679103000068], [6.717493733, 4.722484916999942], [6.698430709, 4.7222144619999575], [6.718606146, 4.726809130000016], [6.751228195, 4.743309605999953], [6.726853619, 4.725428202000036], [6.716965644, 4.7222324880000315], [6.728584235, 4.716528030999986], [6.762418918, 4.739894756999983], [6.728744059, 4.727959258999969]], "6": [[8.991115545, 8.935577443999996], [8.994138983, 8.938753240000048], [9.003214346, 8.947672984999965], [9.011448013, 8.955984395000016], [9.000725812, 8.944598717999977], [8.99961095, 8.944494740000037], [9.01209485, 8.956366904999983], [9.000772182, 8.944886677999978], [8.986031258, 8.929834137000086], [9.01661496, 8.960945998000033]], "7": [[9.321864881, 7.715047713999959], [9.295122187, 7.711301412000023], [9.32041332, 7.7111182440000245], [9.31071188, 7.71457251900002], [9.329771816, 7.730072065999991], [9.313257061, 7.727606876000052], [9.337243336, 7.717557812000085], [9.313649885, 7.715641649000032], [9.302074805, 7.709914449000023], [9.310791413, 7.718061936000025]], "8": [[7.331512191, 5.125498365999926], [7.32128201, 5.115564334999966], [7.323097838, 5.11642940800001], [7.306220807, 5.111504045000007], [7.303483221, 5.107803724999947], [7.298169927, 5.107475979999996], [7.318806643, 5.118558858999983], [7.306903825, 5.105685585999941], [7.301935956, 5.109906420999934], [7.311352173, 5.117578299999967]], "9": [[14.671067396, 6.921189588999961], [14.638455559, 6.961866884000003], [14.711641643, 6.951868172000023], [14.626884082, 6.96203617900011], [14.635043649, 6.965641199000008], [14.786073576, 6.9793353520000085], [14.687395418, 6.943528661999999], [14.781404549, 6.9816400289999585], [14.616472249, 6.948058042999973], [14.756873803, 6.955507733999999]], "10": [[9.685154387, 7.255711559999999], [9.64207554, 7.254342613000037], [9.624965137, 7.250283206999959], [9.626909428, 7.256315187999992], [9.659150133, 7.261733797999897], [9.650943821, 7.266721978000009], [9.650085786, 7.264350012999991], [9.652151189, 7.256572483999951], [9.666581911, 7.268123919000023], [9.648119889, 7.255178958000058]], "12": [[9.489224273, 8.53932576899997], [9.503564528, 8.546066908999949], [9.481457844, 8.534130646000007], [9.486759082, 8.53981990899999], [9.496826028, 8.543922318000039], [9.503285631, 8.550582502999994], [9.50540773, 8.540187335999951], [9.505094047, 8.545366601999886], [9.496634938, 8.533954201000137], [9.487068639, 8.539897438]], "14": [[6.86075575, 6.133766879999972], [6.941214785, 6.1333855449999914], [6.833495636, 6.104961084999955], [6.850530419, 6.117309953999991], [6.855306711, 6.121238265000018], [6.85998357, 6.125380064999967], [6.84239348, 6.116570951999975], [6.851591521, 6.1197313920000225], [6.848302448, 6.123839625000029], [6.850061279, 6.119038486000014]], "15": [[5.676763539, 5.427494674999961], [5.677997721, 5.423499895000009], [5.672135929, 5.423111200000018], [5.67697052, 5.425282441000021], [5.676365439, 5.427225707999996], [5.675857868, 5.423068653999998], [5.679296906, 5.428425967000092], [5.678851241, 5.426650298999933], [5.669301612, 5.417101570000013], [5.683298878, 5.4333853639999985]], "17": [[9.176246495, 6.23130166199998], [9.195148747, 6.246706730999941], [9.182343857, 6.2370941700000175], [9.186322035, 6.236351015999965], [9.19087438, 6.2270185489999985], [9.184522003, 6.22482892499996], [9.158092979, 6.228941020000016], [9.26148107, 6.2353983939999855], [9.205731845, 6.239773302000025], [9.196652156, 6.236714597999969]], "18": [[12.421566344, 4.695735161999972], [12.480819428, 4.698829427999981], [12.421237851, 4.7022112280000155], [12.423977541, 4.685406140000019], [12.463329754, 4.683985288999998], [12.482344601, 4.708519985000007], [12.493155309, 4.692449134000013], [12.495520035, 4.70700984000003], [12.506582689, 4.695029560999979], [12.471289065, 4.692725476000001]], "19": [[11.207955145, 9.87527766300002], [11.224006382, 9.897309458000088], [11.2031023, 9.872076277000016], [11.205964782, 9.876820799000017], [11.198068592, 9.872670323999966], [11.226077633, 9.878200272999996], [11.207237296, 9.875742991999907], [11.213151996, 9.875467407999944], [11.204961661, 9.87103701500003], [11.206031612, 9.87969727299998]], "20": [[6.943547073, 6.081813112000025], [6.965470359, 6.088486422999926], [6.995869019, 6.084675903000023], [6.99589589, 6.079490320999996], [6.965869951, 6.088059420999982], [6.955075231, 6.0870470889999275], [6.964849236, 6.0887039830000145], [6.944404802, 6.080625264000042], [6.955339383, 6.086388265000022], [6.965900066, 6.092044759000014]], "21": [[20.930171102, 10.888756266000062], [20.984783145, 10.879883045000025], [20.982910657, 10.867343408000014], [20.904915585, 10.868474990999964], [20.991667064, 10.851617696999934], [21.05659935, 10.883169122999949], [20.886863228, 10.856354835999985], [20.992462802, 10.879090753000009], [21.031391002, 10.8905546279999], [20.92308518, 10.866368692000073]]}