{"1": [[0.360315668, 13.584069821999996], [0.360885604, 13.607301454000003], [0.363405903, 13.641483764000004], [0.361412427, 13.612726090999997], [0.362715782, 13.656337747], [0.361184263, 13.571711428999997], [0.361175637, 13.589183487999996], [0.361082466, 13.634315548000002], [0.359617871, 13.598490489], [0.358982188, 13.61987369]], "3": [[0.232595899, 9.697119690999997], [0.232539945, 9.708364566000006], [0.25528439, 9.718756168999999], [0.255598397, 9.686162202999997], [0.240212586, 9.770828946000004], [0.23347966, 9.760790272], [0.232407551, 9.726093834], [0.234124682, 9.811622801000004], [0.232750639, 9.699466501999996], [0.232887094, 9.683741534000001]], "4": [[0.20457122, 6.484507513999999], [0.203121267, 6.518898331], [0.201634829, 6.452544826], [0.203135249, 6.473997912], [0.199786474, 6.470991211000002], [0.19967548, 6.446029978000003], [0.199795505, 6.447250574000001], [0.200620729, 6.4716028309999984], [0.200557121, 6.495934576999998], [0.204823747, 6.487457934999998]], "5": [[0.221638313, 7.298912179], [0.223053164, 7.316282675000001], [0.22188064, 7.298981430999998], [0.220772868, 7.272454691999999], [0.23119546, 7.285372852000002], [0.231536744, 7.309283218999998], [0.220941815, 7.26311504], [0.22272997, 7.300910923], [0.222973427, 7.317182382999999], [0.221376382, 7.290244987]], "6": [[0.214553633, 13.043050131999998], [0.214614619, 12.994072489999999], [0.214715187, 12.993988055999997], [0.214926713, 13.010639465999999], [0.213988912, 12.989518240999997], [0.214712215, 13.008005079], [0.214222382, 12.985142794999994], [0.214381822, 12.988833965000008], [0.214399086, 13.019687636999995], [0.215055401, 13.018003124000003]], "7": [[0.270585216, 11.440366754000005], [0.273561845, 11.518544573999993], [0.250809824, 11.308391712999995], [0.250430789, 11.339145765], [0.250159909, 11.313355273], [0.271216625, 11.313809853999999], [0.248924797, 11.314634518999998], [0.270912248, 11.339345065999998], [0.257985674, 11.436561092000002], [0.272922684, 11.315668493999997]], "8": [[0.246265075, 8.074022949], [0.23976962, 8.064427609999997], [0.246839803, 8.076056422], [0.247882342, 8.075406908], [0.24526846, 8.033361419000002], [0.244866912, 8.011308726000001], [0.246382469, 8.031404528], [0.245247865, 8.034461692], [0.246057677, 8.035730781], [0.246876052, 8.041162169999998]], "9": [[0.659432238, 10.945655552], [0.658093193, 10.914340666], [0.657755365, 10.893291758999998], [0.654640898, 10.902656458000001], [0.66917075, 10.963296926000003], [0.656610414, 10.950022322999999], [0.662439495, 10.912747631], [0.66018021, 10.915743364000004], [0.66719655, 10.909402458000002], [0.660914936, 10.906006793999998]], "10": [[0.326805007, 10.639815192999995], [0.349539733, 10.549244457999997], [0.339012906, 10.491050251000004], [0.329307358, 10.536666073000003], [0.342762363, 10.504964347000005], [0.328729431, 10.537258663000003], [0.337649864, 10.524555764999999], [0.327595756, 10.512002039999997], [0.328262592, 10.525858286000002], [0.329877713, 10.545208716999996]], "12": [[0.253864561, 12.395952313], [0.254829098, 12.364378219000002], [0.25490993, 12.393904607000001], [0.254423832, 12.348352792], [0.254565944, 12.346681045000004], [0.254929956, 12.385276328000002], [0.253184132, 12.33604189], [0.26094517, 12.431119827000002], [0.25729151, 12.376333354999998], [0.254998347, 12.363798962999999]], "14": [[0.18659971, 9.428535113000004], [0.186259494, 9.423134907000001], [0.185006974, 9.397635131000003], [0.186143397, 9.397536136], [0.187150634, 9.416017257999998], [0.185190884, 9.379483236000004], [0.18523365, 9.382978698999999], [0.186531696, 9.388663643000005], [0.186378525, 9.397902220000002], [0.184737489, 9.373776466000004]], "15": [[0.173516559, 8.248999597], [0.170767807, 8.275817156], [0.170472151, 8.252544737000001], [0.174016186, 8.253354865], [0.17365401, 8.262077126000001], [0.172675569, 8.255158632], [0.175372258, 8.300911572999999], [0.173406309, 8.242230018999999], [0.174427497, 8.246969728000002], [0.175130533, 8.260566247]], "17": [[0.260214333, 9.736774325], [0.257920759, 9.673071317000002], [0.259572147, 9.721146106000003], [0.259078763, 9.704840671], [0.258622955, 9.755339924], [0.258897877, 9.710683770999998], [0.25989841, 9.712333988000001], [0.263967336, 9.76099827], [0.260597675, 9.724071730999999], [0.260085356, 9.72961091]], "18": [[0.375533214, 8.107398527], [0.392226723, 7.896890212999999], [0.375583183, 8.097450410999999], [0.372838175, 8.074408101], [0.397633171, 7.972475680999999], [0.36911979, 7.70809684], [0.362686917, 7.63764385], [0.387338559, 8.266539671], [0.395589981, 8.208115380000002], [0.362949379, 7.637398062999999]], "19": [[0.311705134, 14.992614951000002], [0.306263891, 14.697180888999998], [0.356170861, 14.668942118999999], [0.364154439, 15.556073507000006], [0.361964518, 15.424566556999995], [0.365781462, 15.271296001999998], [0.328619313, 14.990617807000001], [0.36217519, 15.170606729999992], [0.3513074, 14.686424824999996], [0.367860755, 15.497568469999992]], "20": [[0.217895549, 9.673265504999998], [0.21687931, 9.663662], [0.217692962, 9.664044471999993], [0.218448579, 9.692521379999995], [0.21622717, 9.698567094000001], [0.219636778, 9.695321580000003], [0.216272739, 9.675261179999998], [0.217493688, 9.692596331], [0.217218221, 9.687066735], [0.217752732, 9.692883016000003]], "21": [[1.370126384, 16.931776502], [1.377267456, 17.427210048999996], [1.367326361, 17.083153775], [1.391453201, 17.135961935000005], [1.368982782, 17.125777223], [1.382484468, 16.964982784], [1.406292914, 17.076333036999998], [1.377611652, 16.813777401000003], [1.361163273, 17.182910538999998], [1.368906852, 16.809587353]]}