{"1": [[0.449096427, 8.911374598000002], [0.458010921, 8.989995864000003], [0.448905436, 8.910589908000002], [0.449007586, 8.911381228999998], [0.44888352, 8.906101338000001], [0.449143361, 8.915067735999997], [0.449439199, 8.928877380999996], [0.456454722, 8.965765735000003], [0.448256807, 8.904647803], [0.448440483, 8.909773443999999]], "3": [[0.325915439, 6.817847250999997], [0.32862935, 6.823995049999999], [0.326836977, 6.826771181999997], [0.326022149, 6.824127272999997], [0.329769998, 6.899550983999999], [0.326562518, 6.825945703000001], [0.325410081, 6.825526423999999], [0.326365586, 6.830071075999999], [0.333857893, 6.939442556], [0.325230878, 6.826223732999998]], "4": [[0.263310125, 4.450033532000001], [0.26361886, 4.47071169], [0.264651855, 4.454571748000001], [0.265893796, 4.474973643], [0.263489231, 4.458523243999999], [0.263526235, 4.452282166000001], [0.26391007, 4.457625567999999], [0.264481566, 4.462672704], [0.263813716, 4.455857747999998], [0.270501611, 4.537717243]], "5": [[0.281839366, 5.003997445], [0.277845908, 4.94557279], [0.281162383, 5.031343324000002], [0.275874602, 4.943200601], [0.282486699, 5.005524258999998], [0.276344643, 4.9419175509999995], [0.28942335, 5.024470545000001], [0.275595738, 4.940551300000001], [0.277285981, 4.930677644999999], [0.277332088, 4.935600393000001]], "6": [[0.290035442, 9.081561578999999], [0.28959229, 9.078039555999998], [0.290176873, 9.078608721999998], [0.289727104, 9.079201118999995], [0.289560629, 9.077347111000002], [0.2952414, 9.120561148999998], [0.289865923, 9.084344324999998], [0.290167871, 9.086416368999995], [0.289794085, 9.081498158000004], [0.290039993, 9.089688453000004]], "7": [[0.345882107, 7.891467099999997], [0.358269608, 8.152825412], [0.355855936, 8.03845054], [0.344631332, 7.894428887000001], [0.344612039, 7.88839967], [0.361404479, 8.263272065], [0.345444894, 7.889608125999997], [0.350043947, 7.998861142999999], [0.346097434, 7.890130102999996], [0.35318333, 8.002444411000003]], "8": [[0.298953626, 5.430353483], [0.293348967, 5.318858770999997], [0.295125, 5.324395713999999], [0.29382952, 5.321955555999999], [0.294455134, 5.324505696], [0.293751696, 5.318092820000001], [0.297910989, 5.435494609999999], [0.295164239, 5.324589012000002], [0.29305943, 5.316617464], [0.293448318, 5.322982230000002]], "9": [[0.774799148, 7.292172330000002], [0.776312231, 7.2991277299999995], [0.774627532, 7.298546665000002], [0.774323112, 7.298737697000001], [0.783670086, 7.3105470210000005], [0.778506902, 7.301163871000003], [0.769708015, 7.301097573999998], [0.784195869, 7.29625112], [0.772571348, 7.303504422000005], [0.777537755, 7.317006312999999]], "10": [[0.409956707, 7.349471305], [0.41517406, 7.352654956000001], [0.409177667, 7.346867036999999], [0.417191106, 7.450885017999998], [0.410993883, 7.354307146], [0.409247066, 7.352629771999997], [0.410067167, 7.351652405999998], [0.431483843, 7.442115794999999], [0.41061495, 7.3469864980000015], [0.41095919, 7.354006202]], "12": [[0.332948675, 8.641851101], [0.33294735, 8.640320352999996], [0.332515438, 8.637212173000002], [0.332728233, 8.637680377999999], [0.333044342, 8.639039799000003], [0.332795316, 8.64371171], [0.332841215, 8.640348018000003], [0.332956186, 8.638182487999996], [0.332872553, 8.637078129999997], [0.332924876, 8.642384356]], "14": [[0.263587501, 6.328429187999999], [0.263526666, 6.319100945], [0.261625897, 6.3185623190000015], [0.262376249, 6.310875317999998], [0.269455158, 6.4419832999999995], [0.261884114, 6.31279561], [0.262525664, 6.308095315999999], [0.263264811, 6.308352313999997], [0.262912677, 6.325498936000001], [0.263682516, 6.337405980999999]], "15": [[0.212898217, 5.615419649999998], [0.212516429, 5.610775908000001], [0.216170269, 5.688834909999999], [0.213461423, 5.63224786], [0.212751, 5.631857629000001], [0.212334737, 5.615813694], [0.217543103, 5.723449782999999], [0.216659062, 5.721853209000002], [0.226118908, 5.954610085000001], [0.212546466, 5.613161611999999]], "17": [[0.31597752, 6.4030300790000005], [0.317209025, 6.399390141000001], [0.321727482, 6.507052164000001], [0.326943447, 6.566550357999998], [0.317560299, 6.4008215889999995], [0.318377901, 6.399550821999998], [0.315008281, 6.405305357000001], [0.315635668, 6.400733704], [0.317689791, 6.396794155], [0.322204335, 6.533033673999999]], "18": [[0.42596854, 4.808187965], [0.428252965, 4.767154465], [0.422982727, 4.759424256000003], [0.4353461, 4.825322206999999], [0.42554683, 4.850926393000002], [0.429612508, 4.7978690130000015], [0.430245602, 4.825534370999999], [0.435497007, 4.86330195], [0.426452499, 4.747685538999999], [0.424093927, 4.784450719]], "19": [[0.436318642, 10.059660443], [0.434731573, 10.058737205999995], [0.437636779, 10.05308539], [0.438108462, 10.055730916999996], [0.438336711, 10.056565543999996], [0.434020793, 10.057203716000002], [0.435696548, 10.067883241999997], [0.435247567, 10.061549096999999], [0.434987068, 10.057320370000005], [0.435872597, 10.053890041000006]], "20": [[0.265014074, 6.365598208999999], [0.257766372, 6.199546851000001], [0.26505131, 6.3429935580000025], [0.258588779, 6.209022234], [0.258564559, 6.204664010000001], [0.259021232, 6.202338875999999], [0.261482534, 6.242013234], [0.25840193, 6.217875624], [0.258768987, 6.200596989000002], [0.263761505, 6.341250988]], "21": [[1.331642868, 11.056626442999997], [1.347345373, 11.078403579999998], [1.337536874, 11.158490357000002], [1.32808644, 11.064413915000001], [1.333806934, 11.171104549999999], [1.335344775, 11.065126783], [1.346715312, 11.073967350000002], [1.328283971, 11.166954999], [1.34737135, 11.147236748000001], [1.340926819, 11.247179364]]}