{"1": [[6.987550529, 8.747219665000046], [6.980868626, 8.747970513999949], [6.994944744, 8.759935037999984], [6.9811817, 8.73804811299999], [6.998638834, 8.76157134599999], [6.981662325, 8.738531705], [6.991419789, 8.748705631000004], [6.980291892, 8.755667372999998], [6.98837502, 8.74819959100002], [6.987077684, 8.755006951999967]], "3": [[4.171873918, 6.694053945999999], [4.190533315, 6.699295736000034], [4.165931787, 6.68586106699995], [4.176099954, 6.68795655400001], [4.175721636, 6.696925668000039], [4.168023414, 6.689121569000001], [4.182780131, 6.693442728000015], [4.16695286, 6.686598266999983], [4.174008852, 6.695096267999981], [4.167840431, 6.6947459150000075]], "4": [[3.335509675, 4.390451582000027], [3.334294704, 4.393532463000011], [3.342522664, 4.393510633999993], [3.349854548, 4.406575067999989], [3.347055998, 4.4054550229999965], [3.35066234, 4.40000551], [3.362920996, 4.404190590000001], [3.357438327, 4.397345937000006], [3.343752929, 4.401234861999985], [3.360259779, 4.392061754000005]], "5": [[3.41869727, 4.7207489390000035], [3.424789487, 4.722789684000025], [3.405740768, 4.723964927000006], [3.401692537, 4.719216719999999], [3.425220702, 4.731668878999981], [3.413704257, 4.723385655000001], [3.422931599, 4.729781937000021], [3.398949223, 4.722094283000012], [3.409573428, 4.722855742000007], [3.397708724, 4.722284610000004]], "6": [[4.505658317, 8.948430517999993], [4.505895176, 8.950295845999996], [4.509732957, 8.959564392999955], [4.508943536, 8.958118355000018], [4.513863603, 8.96645003600001], [4.513156777, 8.965291864000061], [4.505727141, 8.950614512999987], [4.51170759, 8.960880636999974], [4.510077717, 8.959227304999986], [4.510592667, 8.962097291999973]], "7": [[4.672037798, 7.708437345000002], [4.674614128, 7.713402506999982], [4.67897644, 7.719061571000012], [4.68852592, 7.719391257000007], [4.685333539, 7.720673436999983], [4.674832268, 7.714622589], [4.671568728, 7.7111578690000115], [4.687226344, 7.718196356999969], [4.672443, 7.715151453999986], [4.681743721, 7.715406412000003]], "8": [[3.6856222, 5.113895326000003], [3.677527862, 5.106154246000005], [3.671074218, 5.108918321999985], [3.670011616, 5.101532743000032], [3.677175118, 5.112682542000021], [3.683431918, 5.1166315270000045], [3.680893094, 5.115604733999956], [3.681334467, 5.112287008000003], [3.677142203, 5.1083555450000135], [3.689041503, 5.112932990000005]], "9": [[7.585197757, 6.926502253000022], [7.529111001, 6.925076185000013], [7.648352335, 7.028429708999976], [7.567615737, 6.947104050000011], [7.575056906, 6.938164468000036], [7.59784571, 6.943664798000016], [7.611739275, 6.988860717999982], [7.587062449, 6.940159351999999], [7.561725002, 6.958075443999995], [7.56182399, 6.921537665999994]], "10": [[4.947343945, 7.278725947000014], [4.930040695, 7.257576039999968], [4.950794164, 7.2565246700000205], [4.945545823, 7.247929382999988], [4.934768252, 7.255232935999961], [4.929996577, 7.250600517999974], [4.923837065, 7.251013302999991], [4.941885782, 7.268949046000055], [4.95416906, 7.262870179000041], [4.940435625, 7.258594385999985]], "12": [[4.769988077, 8.548422813999974], [4.775679543, 8.55299826900003], [4.773315676, 8.551810624000016], [4.781817523, 8.557539871999978], [4.773433893, 8.557143702000026], [4.773024919, 8.554052527000024], [4.77692843, 8.558996093999964], [4.789002548, 8.570977141999972], [4.774616968, 8.560190874999948], [4.766548755, 8.546821403000006]], "14": [[3.469373348, 6.118307188999967], [3.455813671, 6.127117547000004], [3.453708448, 6.129161442999992], [3.445886167, 6.114038715999998], [3.450774385, 6.117824828999982], [3.455784971, 6.133661044999999], [3.461188451, 6.136987648999997], [3.452269036, 6.1200249249999565], [3.449072781, 6.1168620400000036], [3.443844862, 6.110601774999968]], "15": [[2.870504309, 5.428508104999982], [2.87193725, 5.432505477000011], [2.871043751, 5.430464318999997], [2.868720853, 5.430300827999975], [2.876543634, 5.442131675000001], [2.872440147, 5.433024586000024], [2.872162393, 5.428987035000026], [2.870409677, 5.426776906000024], [2.868062674, 5.4254492030000385], [2.870762954, 5.430841207000036]], "17": [[4.598851383, 6.235638093999984], [4.597013938, 6.231793810999998], [4.600974839, 6.253792192000008], [4.602622466, 6.246687030000016], [4.627267054, 6.247541612000017], [4.597333722, 6.251788279000005], [4.614383932, 6.247436765000012], [4.60717331, 6.246704005999986], [4.602398081, 6.2391615019999875], [4.598659831, 6.2394149060000075]], "18": [[7.200356775, 4.805079792999978], [7.200136721, 4.841007891999995], [7.187697301, 4.820576954999998], [7.178765949, 4.809829344999994], [7.19905834, 4.791578350999998], [7.200040898, 4.814156465999991], [7.220757047, 4.814457068000006], [7.206958446, 4.844569360999999], [7.203192162, 4.8133243529999845], [7.175071697, 4.800989514999995]], "19": [[5.649700077, 9.890870632000071], [5.652258881, 9.889521346], [5.652274412, 9.891189885999976], [5.649824775, 9.886009954000022], [5.652378092, 9.889796898], [5.643201345, 9.888797835999991], [5.649341458, 9.883013038999977], [5.650109143, 9.886000784000053], [5.647570119, 9.894537261000057], [5.648421747, 9.893250452000025]], "20": [[3.496836426, 6.086210889000018], [3.520979282, 6.129172342999981], [3.509338985, 6.084969519999969], [3.500974963, 6.0898041710000115], [3.504072906, 6.083395030999977], [3.514893714, 6.090802053999987], [3.50439264, 6.097270297000016], [3.501548052, 6.087631955999996], [3.507775403, 6.094831763000025], [3.513903601, 6.098827694000023]], "21": [[10.708058573, 10.850977953], [10.700129048, 10.87251628200001], [10.674402997, 10.85344075], [10.73173082, 10.857858353999973], [10.694481573, 10.847899118999997], [10.66192408, 10.849940356999996], [10.683428121, 10.858264701999992], [10.681807969, 10.858358683000025], [10.711208273, 10.86151293199999], [10.714256698, 10.844996279999986]]}