{"1": [[3.503780355, 8.780878113000002], [3.498461552, 8.746125278000008], [3.503485526, 8.754931010999991], [3.49433644, 8.751646484000002], [3.49450393, 8.744663030999991], [3.495840309, 8.740268820000006], [3.502814528, 8.756147551000012], [3.496970972, 8.749777297000012], [3.493876639, 8.738746578000015], [3.491391531, 8.73717008700002]], "3": [[2.121709028, 6.6930484649999995], [2.119717908, 6.697182713000008], [2.119385248, 6.696056099999993], [2.117748821, 6.6898521960000155], [2.119492965, 6.686371736000017], [2.123801871, 6.7002492810000005], [2.120038539, 6.699314979000003], [2.120178522, 6.696856328000009], [2.119954553, 6.696515101000009], [2.122536862, 6.695861791999986]], "4": [[1.694571717, 4.400383062999992], [1.691487204, 4.399334046000004], [1.688516268, 4.3938752979999975], [1.692691788, 4.398634491999994], [1.696173918, 4.412219009000003], [1.694247563, 4.400183167000009], [1.690622569, 4.398350869000009], [1.690332101, 4.396914020999988], [1.692901253, 4.396972871999996], [1.691090342, 4.394367242000001]], "5": [[1.742262545, 4.726299410000003], [1.739028309, 4.724519499000003], [1.74531063, 4.723093018000006], [1.728937893, 4.717813967999999], [1.744912873, 4.727437770000012], [1.738485965, 4.729580374000004], [1.74027846, 4.7251675859999995], [1.748201506, 4.722715533999992], [1.74372638, 4.724231487999986], [1.730956673, 4.720548794999999]], "6": [[2.259882837, 8.970008317999978], [2.257616006, 8.959272971000004], [2.258587715, 8.962735949000002], [2.259120987, 8.964750730999995], [2.255194323, 8.955225685000007], [2.259522459, 8.970251572999992], [2.259063447, 8.962798666000003], [2.258549799, 8.961690200999993], [2.259590868, 8.963846545000024], [2.260269489, 8.967673591999985]], "7": [[2.36660573, 7.717836055999992], [2.364809129, 7.721073556999992], [2.365771049, 7.716518099999977], [2.365561631, 7.7148160629999865], [2.3616903, 7.712395165000006], [2.359827796, 7.714067391000009], [2.369578694, 7.727663143999985], [2.362811367, 7.714197839999991], [2.364584609, 7.720492521999981], [2.366781921, 7.714161581000001]], "8": [[1.866567378, 5.114060136999996], [1.864024215, 5.112692251000011], [1.864160762, 5.105743008000001], [1.864958722, 5.116618728999984], [1.865768044, 5.115926727000016], [1.863127923, 5.1108764079999975], [1.863304399, 5.1148598979999855], [1.862866181, 5.111553224000004], [1.866376952, 5.114577892999997], [1.870092299, 5.116292703999992]], "9": [[4.018051813, 6.920776922999991], [4.017093123, 6.906666363999959], [4.065613414, 6.938992937000008], [4.033868453, 6.948830972000007], [4.033579863, 6.928935265000005], [4.018748559, 6.955714812000005], [4.041753527, 6.948791689999997], [4.045453505, 6.928789015000002], [4.055107818, 6.956798418000009], [4.04044536, 6.942430967999998]], "10": [[2.511757673, 7.249701832000015], [2.505629553, 7.253602904000003], [2.504408783, 7.256817017000005], [2.511399297, 7.253629306000022], [2.503571154, 7.259205941999996], [2.512183263, 7.259737753000006], [2.507537611, 7.259837951], [2.499826891, 7.255250768999986], [2.49726667, 7.246483740999977], [2.499394243, 7.256437093999992]], "12": [[2.397285854, 8.54583558800001], [2.40035987, 8.557013185999992], [2.397638519, 8.552068301999993], [2.395698173, 8.55035515599999], [2.399912739, 8.553324921], [2.404097251, 8.574850955999999], [2.401845573, 8.560095758000001], [2.399774528, 8.554776363999993], [2.399141873, 8.554844158999993], [2.39944649, 8.553654013000038]], "14": [[1.754143523, 6.121623942999996], [1.754580007, 6.126985978000006], [1.748404068, 6.121011159999977], [1.752591457, 6.135685251999986], [1.748692533, 6.121019090000001], [1.750850035, 6.137795576999978], [1.746977509, 6.1222069590000165], [1.748944919, 6.122963443999992], [1.75621205, 6.1307591690000045], [1.752823176, 6.137962406000004]], "15": [[1.500743086, 5.440378187000005], [1.50352749, 5.445805448000007], [1.500384488, 5.4370957719999975], [1.499830399, 5.430819684999999], [1.50192353, 5.444548031000021], [1.502971217, 5.44477886600001], [1.501357888, 5.440137967000009], [1.503136172, 5.443475197999988], [1.500950854, 5.436543396999991], [1.50004412, 5.438258278999983]], "17": [[2.307613229, 6.2415780559999945], [2.306461432, 6.245349327999999], [2.303941803, 6.247658640999999], [2.309585523, 6.247686722000012], [2.309245862, 6.247456810999987], [2.308324682, 6.242767564000003], [2.307128175, 6.252309223999991], [2.306714867, 6.251442095000004], [2.307783086, 6.243575703000008], [2.307619611, 6.245770987999992]], "18": [[2.850141316, 4.771320437999999], [2.84476971, 4.697630008999993], [2.859178851, 4.754946080000005], [2.842013624, 4.704172812000004], [2.850907005, 4.711989264999996], [2.83873878, 4.718482684999997], [2.847971204, 4.752032001999999], [2.855717223, 4.7629522010000045], [2.852701423, 4.718488901999999], [2.839508349, 4.698720781999985]], "19": [[2.864110409, 9.878381836], [2.862161317, 9.886099109000002], [2.86286793, 9.888729692999997], [2.858824394, 9.875508509000007], [2.860584346, 9.878290648000025], [2.864382548, 9.885563177000032], [2.858496771, 9.880258138000022], [2.871982731, 9.894726307000003], [2.864509206, 9.886312108999977], [2.862049693, 9.879237751999986]], "20": [[1.758640343, 6.08282656099999], [1.76534761, 6.088266458999991], [1.762460445, 6.089156942999997], [1.758777732, 6.083522201999985], [1.762779491, 6.08825029], [1.763215281, 6.090205791000007], [1.758492288, 6.084375146999983], [1.760483449, 6.090162635000001], [1.766284053, 6.096186544000016], [1.758234321, 6.08635909599999]], "21": [[5.421590085, 10.867008967999999], [5.449675502, 10.86862866399999], [5.435620633, 10.855420875999997], [5.44633013, 10.858506026999999], [5.448767123, 10.882485586000008], [5.431643956, 10.859625861000021], [5.42689097, 10.866137960999994], [5.422910626, 10.848756071999993], [5.3999002, 10.840953385999981], [5.415024267, 10.84993983099999]]}