{"1": [[1.76655766, 8.745633437999997], [1.753789378, 8.744700591000003], [1.752546509, 8.742098921000009], [1.752827388, 8.748990219000014], [1.753719967, 8.745918552999992], [1.755757305, 8.748680054999987], [1.755661004, 8.752493234999994], [1.753240753, 8.740384496000008], [1.7544558, 8.743542403], [1.755917329, 8.755583222999999]], "3": [[1.094129412, 6.705398532000001], [1.093246558, 6.7147844150000005], [1.092739918, 6.703089728000005], [1.093712761, 6.704042272999997], [1.094011384, 6.705862827999996], [1.094326005, 6.700804452999999], [1.091637134, 6.709639168000004], [1.092440974, 6.706714182999997], [1.096716626, 6.712600240999994], [1.094082087, 6.700038416000002]], "4": [[0.872997927, 4.406412548999999], [0.872992877, 4.403401113000005], [0.873110639, 4.401744008999996], [0.873804377, 4.411783502000013], [0.873360946, 4.397760300000002], [0.873167688, 4.404853779999997], [0.874144109, 4.403933983999995], [0.873632334, 4.407463150999997], [0.874617612, 4.404738725999998], [0.872606646, 4.407013898000003]], "5": [[0.909993862, 4.743557112999993], [0.908478699, 4.736239666999999], [0.908291382, 4.733624313999997], [0.906309688, 4.730955033000001], [0.908062354, 4.733149556000006], [0.907990337, 4.730683721999998], [0.901476594, 4.734051225000002], [0.908430005, 4.7326299070000015], [0.909387498, 4.729301204], [0.911547937, 4.740597249999998]], "6": [[1.130148798, 8.960838804999987], [1.130420157, 8.958429655999996], [1.131005484, 8.962153933999998], [1.130663321, 8.96296672199999], [1.131378559, 8.968409544000004], [1.131389467, 8.968037616000005], [1.13166152, 8.968994964], [1.131545456, 8.969143338000006], [1.131597939, 8.972478113], [1.131694821, 8.969280002000003]], "7": [[1.205784136, 7.729890201999999], [1.205261172, 7.729541048000001], [1.2042916, 7.730960085999996], [1.205336209, 7.728485947000003], [1.205599608, 7.72896427500001], [1.205404631, 7.729372643000003], [1.20363125, 7.726180937999999], [1.205474162, 7.733385330999999], [1.203990728, 7.728706094999995], [1.207303754, 7.731243897000003]], "8": [[0.95889728, 5.128081804999996], [0.958928474, 5.1264044370000015], [0.959855305, 5.1255166009999975], [0.958624439, 5.124905791000009], [0.95923789, 5.124412912999995], [0.958976582, 5.125479596], [0.963124402, 5.12599012], [0.958945869, 5.124673485999999], [0.960016163, 5.126655889999997], [0.960589089, 5.133603550000003]], "9": [[2.159393571, 6.935806117000008], [2.152468136, 6.971960438999995], [2.166821501, 6.978209821000002], [2.160580152, 6.9436266889999905], [2.152792245, 6.941266052999999], [2.150310361, 6.933903078000003], [2.151237385, 6.953396412999999], [2.151421964, 6.945356836000007], [2.152595319, 6.957732752999998], [2.164403957, 6.950242119999999]], "10": [[1.297965404, 7.259240058000004], [1.293568596, 7.263429682000007], [1.293053298, 7.277441965999994], [1.293174384, 7.261606280000002], [1.292705797, 7.260311339999986], [1.292884789, 7.261201232999999], [1.293513799, 7.262555941999993], [1.295723668, 7.2767723300000124], [1.294122981, 7.262525833000002], [1.291645448, 7.257739149999999]], "12": [[1.212386781, 8.556878169999994], [1.214081724, 8.565118539999979], [1.214006056, 8.563987470000011], [1.213090072, 8.559296992999995], [1.212888817, 8.558664254000004], [1.215363935, 8.567807325000011], [1.213329052, 8.563465285999976], [1.213669891, 8.561489340000008], [1.216004276, 8.585186967999995], [1.214674953, 8.564079904999998]], "14": [[0.894615597, 6.138424913], [0.89747837, 6.12946516099999], [0.894823019, 6.136343733999996], [0.895606172, 6.1314457200000145], [0.899250018, 6.131813788999999], [0.89491189, 6.135974284999997], [0.896944009, 6.1355382259999995], [0.894333876, 6.135652545999999], [0.894013322, 6.131543475999998], [0.895237304, 6.135813861999999]], "15": [[0.75761126, 5.443931487999998], [0.75864202, 5.4524573180000075], [0.758513843, 5.4510506020000005], [0.758892599, 5.451061984999998], [0.757567729, 5.444021883000003], [0.759662127, 5.450731649999988], [0.758464162, 5.449006707999996], [0.75880245, 5.453611334000003], [0.758995731, 5.448336082999992], [0.758811412, 5.4516361230000046]], "17": [[1.165247179, 6.257416587], [1.165437656, 6.259585872999992], [1.163188928, 6.257634921999999], [1.164164258, 6.252987904999998], [1.162801348, 6.255035096000004], [1.16640185, 6.262449119999999], [1.163109265, 6.2636707519999995], [1.163022272, 6.259362655000003], [1.165182249, 6.258081615000004], [1.16204202, 6.2537673750000025]], "18": [[1.445885282, 4.729125479999997], [1.454442373, 4.719671006999993], [1.467865522, 4.761754856000001], [1.449502497, 4.769257124000003], [1.435495023, 4.722884353999998], [1.447638406, 4.698721583999995], [1.443509294, 4.729946056000001], [1.445232298, 4.756913277999996], [1.452440674, 4.754207274000002], [1.443930357, 4.730656324000002]], "19": [[1.471611698, 9.894078164000002], [1.469341063, 9.895303852000003], [1.47298482, 9.885694541000012], [1.469581527, 9.891961712999993], [1.473612586, 9.887353849999993], [1.469849196, 9.898293967000003], [1.472150782, 9.89068489100001], [1.470643573, 9.899130792000019], [1.474249661, 9.902553002999989], [1.474460954, 9.891819649999986]], "20": [[0.898547145, 6.098343237000001], [0.897093407, 6.093566688999993], [0.8971554, 6.09990527], [0.89794158, 6.094144290000002], [0.898316609, 6.096257162000004], [0.897376104, 6.093673861000005], [0.901238843, 6.099055473000007], [0.898041818, 6.097901976999996], [0.897641914, 6.092623635000001], [0.896121872, 6.094250529999991]], "21": [[2.868937442, 10.890955399000003], [2.868778901, 10.928313179999993], [2.870554248, 10.919312055000006], [2.86731558, 10.918788809000004], [2.852854117, 10.878252017], [2.867985331, 10.896880745999985], [2.875002091, 10.881181675000002], [2.855959063, 10.90408121600001], [2.878334778, 10.881023081000002], [2.879639422, 10.896520961000006]]}