{"1": [[0.882684955, 8.790531014], [0.882965536, 8.798081575], [0.885844488, 8.788144804000003], [0.890181656, 8.788111534999999], [0.889531078, 8.791694659], [0.889754117, 8.784638179000005], [0.882120839, 8.792756600999995], [0.884231137, 8.788579607999994], [0.88279326, 8.792662560999997], [0.881882515, 8.787391425999996]], "3": [[0.58184594, 6.730843322999998], [0.58061153, 6.729076622999999], [0.578070536, 6.728630044000003], [0.581540611, 6.733132828999999], [0.580414029, 6.727190234999998], [0.582336073, 6.732109365999998], [0.580372029, 6.728870852000002], [0.580442545, 6.7260973889999995], [0.578818424, 6.725408936999999], [0.578958032, 6.737033360000001]], "4": [[0.468551607, 4.418851327999997], [0.468543858, 4.4152842910000025], [0.46671581, 4.416821445000002], [0.46863126, 4.419188060999999], [0.468511912, 4.415739093999999], [0.466030771, 4.410843406000004], [0.46731051, 4.412675080000002], [0.467876537, 4.416887754999998], [0.466631912, 4.410791142999997], [0.469148745, 4.4145181849999995]], "5": [[0.485531707, 4.791568914999997], [0.484896175, 4.789893408999998], [0.485076156, 4.788879848000003], [0.485209663, 4.785341143999999], [0.484841029, 4.7972409680000005], [0.484742985, 4.791237950000003], [0.48408196, 4.7893082289999995], [0.484692259, 4.794830556999998], [0.497247876, 4.816424578999997], [0.485500809, 4.789335192999999]], "6": [[0.569029957, 8.991244999], [0.569336645, 8.995436518000004], [0.569241945, 8.994547598], [0.569464225, 8.997398325999999], [0.569951569, 9.002015608], [0.569288714, 8.992525434], [0.569540158, 8.999700299], [0.569990246, 9.00271241500001], [0.569426946, 8.990751906000002], [0.569614323, 8.998514593999998]], "7": [[0.628988303, 7.770236346000003], [0.629759682, 7.768974652000003], [0.628624612, 7.768840557999998], [0.628160126, 7.766753310000005], [0.628692668, 7.7688651279999945], [0.627946326, 7.768514059], [0.62827205, 7.765562108000002], [0.629151257, 7.765941473999998], [0.628082482, 7.769353371999996], [0.628489328, 7.771098980999995]], "8": [[0.510840238, 5.170399242999998], [0.510703561, 5.174173214000005], [0.511638519, 5.168375289], [0.51045289, 5.165527459999999], [0.511214312, 5.167076442000003], [0.511788121, 5.170926786], [0.511066304, 5.171253949999999], [0.510669459, 5.167276508000002], [0.511130083, 5.165697824999999], [0.510751644, 5.176694281000004]], "9": [[1.19480449, 7.091389813999997], [1.205152826, 7.091296169999999], [1.192493776, 7.090564438000001], [1.193729426, 7.086628011999995], [1.200566548, 7.086127616000004], [1.192753628, 7.083995492000002], [1.199306656, 7.0803383050000015], [1.19982714, 7.084651351999997], [1.205070666, 7.077577530999999], [1.20135263, 7.083207138]], "10": [[0.710672768, 7.287275109000001], [0.718201832, 7.305662174999998], [0.711891519, 7.282092558999994], [0.70909102, 7.285176786000004], [0.708280727, 7.279425046000003], [0.711649439, 7.290028017000002], [0.710481151, 7.2891170320000045], [0.710263922, 7.283636675000002], [0.712882789, 7.300793056999997], [0.712523788, 7.289020181]], "12": [[0.625278737, 8.590627241], [0.623719648, 8.588709867999997], [0.624080091, 8.588080447000005], [0.623370142, 8.583919128999996], [0.624097856, 8.589518235999998], [0.623307919, 8.584061320000004], [0.623759484, 8.592325821999989], [0.624306856, 8.584403738999997], [0.623222793, 8.584577383], [0.623852871, 8.587016465000001]], "14": [[0.471784215, 6.175303844], [0.469646093, 6.174094314999998], [0.471341893, 6.181203147000003], [0.470963199, 6.176459362999996], [0.471370251, 6.176823132999998], [0.47267391, 6.177929773999999], [0.472165031, 6.171727719000001], [0.474279739, 6.200817615000002], [0.469698991, 6.178650926999997], [0.472039493, 6.180360899999995]], "15": [[0.391059522, 5.490419913000003], [0.391004441, 5.489812903999998], [0.391969794, 5.490780519], [0.390597745, 5.4874926539999995], [0.390664373, 5.490573489999998], [0.390771298, 5.486642052999998], [0.391390739, 5.497133081000002], [0.391062364, 5.482009458000001], [0.390849568, 5.485040334], [0.391044892, 5.492752735000002]], "17": [[0.59650805, 6.289592509], [0.596443038, 6.294402651000002], [0.595829069, 6.286602977999999], [0.595300975, 6.287854488999998], [0.59494515, 6.291469940000001], [0.596587346, 6.291545487999997], [0.594899141, 6.290891895999998], [0.595939692, 6.291046797999998], [0.596798004, 6.294787560000001], [0.598593722, 6.3354629570000025]], "18": [[0.7655957, 4.769016305000003], [0.767642464, 4.807560983], [0.763946521, 4.781874548], [0.761409558, 4.761690052999999], [0.76722998, 4.846169216999999], [0.765023493, 4.788550787], [0.764800127, 4.763787004999998], [0.76826, 4.819805839999999], [0.761949485, 4.774114928999999], [0.766066413, 4.810674050000002]], "19": [[0.77399498, 9.918711980000008], [0.779318878, 9.934896264], [0.774357127, 9.933296422999998], [0.777348679, 9.933010519000003], [0.777413942, 9.924835761999992], [0.777802398, 9.929001299], [0.779267068, 9.927525325000001], [0.776044198, 9.931823597999998], [0.788663473, 9.929591064999993], [0.775282268, 9.929752906999997]], "20": [[0.469807548, 6.125569795000002], [0.469320951, 6.120332615000002], [0.468991716, 6.123300461999996], [0.468289577, 6.1169087189999996], [0.468188946, 6.119773443999996], [0.469639842, 6.117259250999999], [0.469213598, 6.117911114], [0.468187306, 6.120621161000008], [0.469822612, 6.124227343999995], [0.468168789, 6.122110936999995]], "21": [[1.59603014, 10.940500823999999], [1.599226671, 10.962487804000004], [1.604807919, 10.930357913], [1.602222176, 10.920573882000003], [1.616618219, 10.928093550999998], [1.599022995, 10.945183301], [1.611553623, 10.930194213], [1.590204255, 10.941257518], [1.601673391, 10.991741543], [1.623446572, 10.922043061]]}