{"1": [[0.131030237, 2.17928044], [0.130813708, 2.1734502030000002], [0.130956129, 2.1783885109999996], [0.131031745, 2.1763210590000006], [0.130906858, 2.1783810809999995], [0.13116981, 2.1771609479999996], [0.131156649, 2.1892911650000006], [0.130856278, 2.178905713], [0.13086307, 2.1816788999999996], [0.131087769, 2.187582843000001]], "3": [[0.116502296, 1.2709470139999997], [0.094401048, 1.3023907750000001], [0.092159791, 1.2765845920000003], [0.092861936, 1.3022590560000005], [0.094895656, 1.2731980249999992], [0.092707614, 1.2770712989999993], [0.093522874, 1.2801901890000005], [0.09415436, 1.2750400109999998], [0.093036775, 1.3054674629999998], [0.092956504, 1.305346004]], "4": [[0.089113121, 0.5274452430000002], [0.089296056, 0.5270840259999999], [0.079290957, 0.524032723], [0.081459687, 0.5835351710000001], [0.079790147, 0.526193663], [0.092092515, 0.5210218679999999], [0.087287402, 0.5287284270000002], [0.083107255, 0.5526047519999998], [0.088287845, 0.59374929], [0.091843259, 0.590947331]], "5": [[0.123910352, 1.0127878089999995], [0.116293622, 1.0117233609999998], [0.114971577, 1.0191848850000003], [0.115929705, 1.01203844], [0.123771088, 1.0128330639999998], [0.116396812, 1.0165734830000004], [0.11543115, 1.0200746010000006], [0.116202382, 1.0120927679999998], [0.115176381, 1.01518479], [0.115971713, 1.028225882]], "6": [[0.031232932, 1.7877459289999997], [0.031485551, 1.803600613], [0.031445167, 1.8008710220000006], [0.031275345, 1.7895958220000006], [0.031350684, 1.7933162829999996], [0.031369849, 1.7957326529999997], [0.031203267, 1.7890987810000003], [0.031359398, 1.7913908680000004], [0.03217945, 1.8502037810000007], [0.03128835, 1.7907524750000006]], "7": [[0.086989325, 1.6825495610000003], [0.087542574, 1.6703550130000002], [0.090703677, 1.6985354960000003], [0.087836913, 1.6734084030000005], [0.087682192, 1.698193704], [0.089524344, 1.6952039470000002], [0.088930929, 1.6989335440000004], [0.08841787, 1.677603118], [0.087194087, 1.6693813020000006], [0.088653209, 1.673137016]], "8": [[0.132430377, 1.570986794], [0.132437124, 1.5720242140000007], [0.132585518, 1.5716894210000005], [0.13261291, 1.579871673], [0.133565063, 1.5745710089999996], [0.139098683, 1.5745593359999994], [0.133854937, 1.584451528], [0.132980312, 1.5930252730000005], [0.138639734, 1.5825217169999999], [0.132991967, 1.5790537219999992]], "9": [[0.495286516, 1.769112367999999], [0.499226879, 1.7658340340000003], [0.50546422, 1.784382078], [0.494808577, 1.7756841419999998], [0.491212389, 1.7633018669999998], [0.49715416, 1.7703156139999996], [0.490101191, 1.7715394830000006], [0.497513831, 1.7694305900000005], [0.489852833, 1.7567149679999998], [0.498883708, 1.7681170150000003]], "10": [[0.210254227, 1.7932287729999998], [0.179817673, 1.800382146], [0.17835897, 1.807994901], [0.199322557, 1.7987754590000002], [0.19996364, 1.8070007980000002], [0.197534341, 1.812438203], [0.178036312, 1.7942182389999999], [0.188126992, 1.818047476], [0.197787416, 1.7999309739999991], [0.183415264, 1.8007086140000002]], "12": [[0.069800205, 1.2687168799999997], [0.069575885, 1.2661592459999997], [0.070250437, 1.267709806], [0.06943164, 1.2454579749999999], [0.069437848, 1.2695758590000004], [0.069195705, 1.246123843], [0.070597164, 1.2665018729999995], [0.070371574, 1.3034993100000003], [0.077195273, 1.3170155760000002], [0.069442558, 1.2423115880000002]], "14": [[0.051982553, 1.2815194499999993], [0.051738619, 1.2843834569999995], [0.052227841, 1.286593193], [0.052219618, 1.2836298529999999], [0.051701132, 1.2889143499999998], [0.053083658, 1.3577324359999998], [0.053935529, 1.283375961], [0.0541819, 1.3556779899999998], [0.052609453, 1.2863072489999996], [0.051923711, 1.290775694]], "15": [[0.061758328, 1.2866789819999997], [0.052995777, 1.3489806069999994], [0.059305365, 1.355007128], [0.053039301, 1.384225429], [0.061983521, 1.2963042230000006], [0.051765764, 1.28727005], [0.052058676, 1.296502169], [0.058981413, 1.289575411], [0.053966113, 1.2876510939999999], [0.063274715, 1.3565723630000008]], "17": [[0.139249702, 2.1255675029999996], [0.140249733, 2.152601899], [0.139050302, 2.1344519279999994], [0.138724227, 2.126242597], [0.139464752, 2.152229678], [0.139024398, 2.1362918389999996], [0.138293789, 2.132575004999999], [0.138602298, 2.118985637], [0.139152778, 2.1258798690000007], [0.139574516, 2.1214242899999993]], "18": [[0.250839784, 1.0678277900000004], [0.275082243, 1.0586911229999998], [0.280858449, 1.0604755170000002], [0.257863214, 1.0934890860000004], [0.27587041, 1.0623564930000002], [0.273798995, 1.0573799570000002], [0.257212454, 1.090117302], [0.275825491, 1.059630655], [0.27721138, 1.145926597], [0.277152256, 1.091780714]], "19": [[0.097408929, 2.427498559], [0.09733445, 2.425854099999999], [0.096953876, 2.4237801539999992], [0.096673381, 2.4171528870000016], [0.096981633, 2.431161793], [0.097469258, 2.4208553939999997], [0.097484651, 2.433201691], [0.097299631, 2.4305209129999996], [0.097072482, 2.4258733599999998], [0.120078437, 2.427169075000001]], "20": [[0.081522664, 1.4038715630000005], [0.082658199, 1.3565787219999996], [0.082762424, 1.4108539780000005], [0.079956618, 1.437321249], [0.083078273, 1.4238233790000001], [0.081803007, 1.4498630029999997], [0.082719403, 1.3643730530000002], [0.079586978, 1.3649779610000004], [0.079739771, 1.4110363270000004], [0.08021306, 1.380659141]], "21": [[0.276173723, 2.245947041], [0.27260458, 2.219301961], [0.304373364, 2.3061185190000004], [0.281340682, 2.2146403549999993], [0.272181696, 2.2615012560000003], [0.280587197, 2.2082155750000005], [0.276546593, 2.250256788], [0.274120582, 2.220088928], [0.276575322, 2.2580633069999996], [0.270798733, 2.229079642]]}