{"1": [[2.395162276, 1.1659581860000015], [2.400445981, 1.1691351620000037], [2.392843445, 1.163869921999995], [2.399555833, 1.1676452160000057], [2.388209184, 1.173114223999994], [2.395771413, 1.1653059239999966], [2.396446503, 1.1650216610000022], [2.397621129, 1.169397291000001], [2.393762474, 1.1678465249999928], [2.393617212, 1.1723504200000006]], "3": [[1.157186195, 0.7289015110000018], [1.157757645, 0.7323639719999986], [1.163339584, 0.7359177910000012], [1.156283861, 0.7299406099999994], [1.158632333, 0.7314404289999976], [1.159719712, 0.7334565779999971], [1.153623182, 0.7310028839999994], [1.166778351, 0.7326552250000016], [1.156375288, 0.7316299359999969], [1.157899768, 0.7339910429999973]], "4": [[0.921702364, 0.28117325499999973], [0.931420891, 0.28288651499999856], [0.931329293, 0.28511400200000103], [0.926743325, 0.28579993299999984], [0.937985156, 0.28412543000000046], [0.922853857, 0.27977473099999783], [0.922049398, 0.28113206999999785], [0.927905636, 0.28221536799999875], [0.935603902, 0.2816072299999983], [0.920619345, 0.28252147400000005]], "5": [[1.301733705, 0.5852866600000002], [1.305740442, 0.5856892800000011], [1.302023966, 0.5865342410000012], [1.295133828, 0.587620966999997], [1.316165656, 0.5851807450000014], [1.307186653, 0.5844274630000003], [1.29526549, 0.5861414640000012], [1.308347152, 0.5835534640000004], [1.305322698, 0.5862474050000022], [1.307395397, 0.5858684410000017]], "6": [[0.543720284, 1.0357581019999993], [0.546156191, 1.0408465349999965], [0.555999008, 1.0536169419999974], [0.544648825, 1.0374634760000074], [0.545671338, 1.0365567629999948], [0.540021371, 1.0295914750000041], [0.547546612, 1.0399730649999954], [0.547519441, 1.0411180539999967], [0.542303699, 1.0333623600000013], [0.546995557, 1.0382098349999973]], "7": [[1.273783052, 0.9615048169999962], [1.278840972, 0.9619107100000004], [1.288385746, 0.9662717780000006], [1.275050631, 0.9612197260000022], [1.283241502, 0.9649646499999982], [1.294711181, 0.9819479170000016], [1.2739574, 0.9603871140000032], [1.288511749, 0.9688442480000009], [1.273066662, 0.9610436339999964], [1.282659963, 0.9630414910000042]], "8": [[1.548617281, 0.9007908510000011], [1.545800011, 0.8985845690000027], [1.54066591, 0.8983044210000034], [1.549788236, 0.9040037860000005], [1.555345626, 0.9033801870000009], [1.547257468, 0.8980798740000013], [1.548536724, 0.9017716919999967], [1.549379402, 0.8995939479999997], [1.549323208, 0.9038334420000025], [1.545511726, 0.8989170930000003]], "9": [[4.552893376, 1.0115716210000016], [4.561186244, 1.0060855370000015], [4.536470357, 1.0124202219999996], [4.527056398, 1.0097294450000005], [4.53234764, 1.0042649750000017], [4.595584016, 1.044110027999996], [4.563663416, 1.0074401349999993], [4.535358606, 1.0070388139999982], [4.514913161, 1.0071742590000006], [4.544459224, 1.0050806820000033]], "10": [[2.116957308, 1.2177875550000032], [2.12493099, 1.2190864509999977], [2.117303217, 1.2149695930000006], [2.121317303, 1.2213355080000037], [2.153110974, 1.2187871879999919], [2.124505412, 1.2224683600000057], [2.132239263, 1.222708863999988], [2.117917867, 1.2172441589999994], [2.134560648, 1.2201843399999919], [2.137972941, 1.2196360299999984]], "12": [[0.830464863, 0.7024312909999958], [0.829089567, 0.6994967989999994], [0.832573018, 0.696142342000003], [0.834250259, 0.6998987429999978], [0.829482312, 0.6958124120000061], [0.828161627, 0.6961577279999973], [0.833204685, 0.6963283960000035], [0.827176702, 0.6963223300000017], [0.829489705, 0.6976556750000001], [0.834386878, 0.6980419309999977]], "14": [[0.764618304, 0.771998754], [0.765103097, 0.7695939730000008], [0.763937493, 0.7698207420000015], [0.762800461, 0.7689517559999985], [0.765749184, 0.77114916], [0.766424456, 0.7695653119999954], [0.762133127, 0.7667935479999988], [0.777237703, 0.7911309590000045], [0.758419159, 0.7664456920000036], [0.795582047, 0.7897726629999946]], "15": [[0.519057897, 0.7532400920000002], [0.518946752, 0.7521925260000027], [0.52534829, 0.7613676290000004], [0.519062466, 0.7544636359999957], [0.517440325, 0.7534427060000018], [0.525689813, 0.7654406420000018], [0.519860538, 0.7547946089999991], [0.517349168, 0.7512142759999989], [0.520448698, 0.7554526680000002], [0.51939775, 0.7536070679999975]], "17": [[2.06633744, 1.2161789250000017], [2.068467749, 1.2221742100000021], [2.066829941, 1.2180896739999998], [2.080019097, 1.2210641559999997], [2.068891618, 1.2278828729999967], [2.09106906, 1.2489081410000007], [2.064238921, 1.2179318940000006], [2.072017505, 1.2221729529999927], [2.144036081, 1.2192774510000026], [2.077468082, 1.2238915900000022]], "18": [[5.070122894, 0.6176598330000027], [5.025879427, 0.6174521519999994], [5.049925606, 0.6197444750000032], [5.074640912, 0.6192793549999986], [5.079158643, 0.6210448230000015], [5.036700435, 0.6156872670000019], [5.063071265, 0.621960310000004], [5.062735058, 0.6203077240000003], [5.026783444, 0.6160424639999991], [5.105956684, 0.6259073400000001]], "19": [[1.609019544, 1.5813747420000062], [1.60784876, 1.5826796200000033], [1.607677192, 1.582895113000005], [1.620604879, 1.5777509040000033], [1.605438544, 1.574850473999998], [1.592446506, 1.5749408429999994], [1.599570331, 1.5781606339999985], [1.614312503, 1.584662514000009], [1.600081967, 1.5743335330000061], [1.613458593, 1.5968698460000075]], "20": [[0.824253186, 0.747402801], [0.821401025, 0.7512503850000001], [0.822977825, 0.7496657869999966], [0.820239185, 0.7487154119999988], [0.821718634, 0.7570912850000002], [0.823559034, 0.7544320370000048], [0.819247645, 0.751746543000005], [0.820812599, 0.7544538890000008], [0.817365152, 0.7442303579999991], [0.821685099, 0.7509070770000043]], "21": [[3.579154793, 1.2102499510000002], [3.560357977, 1.209822845999998], [3.550418178, 1.2053376850000037], [3.622945272, 1.2827769699999982], [3.549337914, 1.206752452999995], [3.557337045, 1.209155699999997], [3.538932875, 1.207690891000003], [3.577169501, 1.2074961529999961], [3.554562187, 1.2098465550000006], [3.581043609, 1.275103519]]}