{"1": [[0.152311099, 1.174580573], [0.152470039, 1.182503291], [0.152968558, 1.173852824], [0.153055935, 1.1800419390000003], [0.157920635, 1.2185600050000005], [0.157350553, 1.2125142620000007], [0.152835316, 1.1776958100000001], [0.152696824, 1.1753390090000004], [0.152418672, 1.174364736], [0.152948521, 1.180546059]], "3": [[0.134757269, 0.7840519260000002], [0.135360194, 0.7789172269999999], [0.129280036, 0.7489684589999999], [0.129462994, 0.7428401489999997], [0.129696178, 0.74350056], [0.135366276, 0.763664735], [0.129415693, 0.742371815], [0.12909135, 0.742668961], [0.129424968, 0.749530066], [0.133232369, 0.7613218079999999]], "4": [[0.105302675, 0.28834989199999994], [0.105941759, 0.31652426599999983], [0.112519562, 0.3530411050000001], [0.106390978, 0.31924553600000005], [0.104440251, 0.2890780720000001], [0.10969547, 0.29890270200000013], [0.10521877, 0.2882676020000001], [0.110926418, 0.3169700459999999], [0.105992171, 0.315582024], [0.108992796, 0.3233438009999999]], "5": [[0.136606826, 0.6199643750000001], [0.1329531, 0.5910785649999998], [0.135920673, 0.6224830629999998], [0.136451594, 0.6189741469999999], [0.132913255, 0.591909664], [0.135235081, 0.60756178], [0.143492935, 0.6124692260000001], [0.137302143, 0.6364702289999998], [0.133008054, 0.5923203799999999], [0.133818732, 0.603939082]], "6": [[0.036022148, 1.0711541280000003], [0.035758172, 1.065303368], [0.036379222, 1.0784312260000002], [0.035668526, 1.0614907739999995], [0.03721403, 1.0940232039999997], [0.037100893, 1.0898988540000003], [0.03567647, 1.0655247199999998], [0.035684504, 1.064177377], [0.035765474, 1.0640027550000002], [0.035615256, 1.061140529]], "7": [[0.12560276, 1.015143139], [0.122771421, 0.9786299240000005], [0.12533576, 1.023241839], [0.122271717, 0.981343783], [0.123362255, 0.9904347889999997], [0.128456579, 1.006115058], [0.121731435, 0.9788213129999996], [0.122580732, 0.9854473180000003], [0.127603628, 1.005002683], [0.124416063, 0.9777764239999998]], "8": [[0.150149925, 0.9207425739999997], [0.153449063, 0.9510813329999998], [0.149091161, 0.9141378959999998], [0.155166127, 0.9387207010000003], [0.154176811, 0.9424730240000002], [0.152479336, 0.9425649589999998], [0.154947818, 0.9372836739999999], [0.149129389, 0.91348638], [0.153662715, 0.9421692249999998], [0.153064297, 0.9420298359999999]], "9": [[0.557762695, 1.0204479300000002], [0.555314323, 1.021128841], [0.585427424, 1.0366777579999997], [0.558370744, 1.018136166], [0.554305165, 1.0180210239999998], [0.558078946, 1.017479312], [0.554645624, 1.0187984879999998], [0.551977953, 1.023424165], [0.559841931, 1.020157818], [0.556539499, 1.0252985810000002]], "10": [[0.206920871, 1.2418491320000002], [0.207374189, 1.2407686610000004], [0.206287455, 1.2332923169999994], [0.206374088, 1.2277152539999998], [0.205697771, 1.2286724190000005], [0.206270445, 1.2305218430000002], [0.207706454, 1.2298394060000004], [0.206940652, 1.229209088], [0.206997124, 1.2378715879999997], [0.20706017, 1.2527902130000004]], "12": [[0.081056498, 0.737064558], [0.079442666, 0.7157598860000003], [0.082102849, 0.766629548], [0.079566867, 0.7173827080000001], [0.078964286, 0.7163334260000002], [0.0818647, 0.7458061260000002], [0.079311623, 0.7166115780000001], [0.08041613, 0.7296675159999996], [0.081304358, 0.7371994510000001], [0.080303294, 0.730415874]], "14": [[0.085763545, 0.7908213409999998], [0.085149573, 0.7912358259999999], [0.085478139, 0.791377779], [0.09020126, 0.8407367880000001], [0.085106232, 0.790508644], [0.091104359, 0.8401331599999998], [0.086228586, 0.8005126049999998], [0.086403273, 0.8210954990000001], [0.085389574, 0.7899626909999995], [0.085063894, 0.7898502120000002]], "15": [[0.058322317, 0.7800231860000003], [0.059346085, 0.8098618069999997], [0.058786574, 0.7924555629999995], [0.059330337, 0.807746467], [0.057033001, 0.7627043410000004], [0.05840773, 0.7972302050000003], [0.059103376, 0.7866461999999999], [0.057426769, 0.7628755429999999], [0.059375354, 0.7922847569999999], [0.059293872, 0.8094290350000001]], "17": [[0.154765196, 1.305975586], [0.150746581, 1.268412258], [0.150497959, 1.2820146990000003], [0.155065936, 1.3091035870000003], [0.150672358, 1.282326655], [0.155180927, 1.30440765], [0.150525224, 1.274122447], [0.150394477, 1.269772997], [0.150386989, 1.2704788969999998], [0.154937651, 1.3016551749999998]], "18": [[0.288765414, 0.6313389250000001], [0.292938983, 0.6654320109999999], [0.291646617, 0.6271908080000002], [0.289225689, 0.628476572], [0.285398165, 0.6318947599999998], [0.291892728, 0.6631006930000002], [0.293754743, 0.640435423], [0.290279947, 0.628398552], [0.289715529, 0.6395360160000001], [0.292595822, 0.6283640709999998]], "19": [[0.146814317, 1.6284544199999997], [0.146683611, 1.6263811739999994], [0.140509199, 1.5947352339999998], [0.141750285, 1.6089834050000005], [0.141078125, 1.5957287519999999], [0.141054205, 1.6046275579999998], [0.146380668, 1.6279410900000004], [0.147760029, 1.6492617789999997], [0.141131706, 1.595581541], [0.141552734, 1.5982889350000002]], "20": [[0.088852783, 0.8552212000000001], [0.086637747, 0.8101009590000002], [0.085070184, 0.7766938049999998], [0.084194264, 0.77562459], [0.087801536, 0.8299765899999999], [0.086616309, 0.8160941660000002], [0.084354587, 0.7737456300000003], [0.085776411, 0.8200329489999998], [0.085258658, 0.7990723180000002], [0.085355857, 0.7763924560000002]], "21": [[0.34032886, 1.2467998900000001], [0.341535425, 1.227626275], [0.339825892, 1.2283731690000002], [0.340002551, 1.225630612], [0.33937323, 1.2338551729999998], [0.351101415, 1.2309407090000002], [0.345134287, 1.2912948540000007], [0.338951841, 1.227424469], [0.338570443, 1.2336924950000001], [0.340824788, 1.229416305]]}