{"1": [[0.257597988, 6.329273146999999], [0.259210449, 6.428521505000003], [0.258658888, 6.368342512999998], [0.25899836, 6.388517868000004], [0.263959192, 6.380180345999997], [0.258688916, 6.3800298549999965], [0.258134306, 6.35472166], [0.257017461, 6.371344325000002], [0.258275785, 6.3456128220000005], [0.257492465, 6.335194966999998]], "3": [[0.166692, 2.6266033170000003], [0.142185231, 2.6562949759999994], [0.159721827, 2.6755346810000002], [0.140218345, 2.6405488069999987], [0.149843137, 2.669818381], [0.141298518, 2.645282521], [0.141438652, 2.644606593], [0.144375168, 2.6151533560000004], [0.148212752, 2.68749532], [0.166822703, 2.691474581]], "4": [[0.114825985, 1.5429101469999995], [0.133342315, 1.5801499589999992], [0.130587172, 1.5170997190000004], [0.126660296, 1.5649204080000003], [0.119932178, 1.569315315], [0.115422683, 1.5278982260000005], [0.131836478, 1.5448335810000002], [0.118351198, 1.5435812960000002], [0.125404782, 1.565136089], [0.125449366, 1.5125418030000006]], "5": [[0.161200312, 2.5767613229999995], [0.166035326, 2.5018991440000002], [0.159913198, 2.551371293], [0.159783588, 2.6541720419999995], [0.167451357, 2.5282526630000004], [0.168800783, 2.5572219030000003], [0.161810833, 2.618716843], [0.159212644, 2.562391468999999], [0.159260864, 2.6070207500000007], [0.158527744, 2.5377953829999997]], "6": [[0.090779447, 2.7694971750000006], [0.089639355, 2.672660016], [0.086923847, 2.694280071], [0.088957288, 2.7146210269999993], [0.088850294, 2.7483885989999997], [0.089813296, 2.7639064020000004], [0.088002208, 2.7263396170000003], [0.089838828, 2.7408227449999987], [0.090275885, 2.7228774549999994], [0.088793242, 2.752216258]], "7": [[0.147376884, 2.959589380999999], [0.148171471, 2.977960886999999], [0.147618598, 2.9507887459999997], [0.151599441, 2.9860392760000005], [0.147093165, 2.9326517340000007], [0.150331678, 2.995405218999999], [0.147151704, 2.914200343], [0.147521816, 2.952365073], [0.148577742, 2.94903928], [0.14725514, 2.9129981499999995]], "8": [[0.168819875, 2.9125829930000013], [0.17055086, 2.9269613600000013], [0.172890438, 2.9936994810000006], [0.178652309, 2.9420083949999993], [0.169057894, 2.9318059109999997], [0.171796218, 2.9341597509999997], [0.171531938, 2.921542485000001], [0.170338559, 2.938671747], [0.17139786, 2.978236058], [0.170566804, 3.0195898129999996]], "9": [[0.558688566, 3.6365642899999995], [0.570632128, 3.6019470739999995], [0.582400561, 3.624815711000001], [0.566876961, 3.694290861], [0.567586347, 3.594311381999999], [0.57273878, 3.590254486], [0.565915142, 3.6612362930000004], [0.563480447, 3.5831078630000004], [0.570817876, 3.5828857139999997], [0.568575402, 3.5818793839999996]], "10": [[0.246519963, 3.724133781000001], [0.266140387, 3.785860861000001], [0.258333095, 3.777858704], [0.249668635, 3.747415640999998], [0.260914758, 3.721170349999999], [0.260696849, 3.7656383699999987], [0.262133352, 3.8309232580000017], [0.268558245, 3.760100717], [0.25522005, 3.7879041730000003], [0.239278823, 3.705033046000001]], "12": [[0.147931736, 4.353022574999999], [0.146932128, 4.325554334], [0.147013181, 4.358566985999999], [0.147077383, 4.374238554000001], [0.147764948, 4.370918688999999], [0.148232285, 4.384073633000001], [0.150399849, 4.458685064999999], [0.149764747, 4.378277752999999], [0.146186753, 4.368027129], [0.146615683, 4.348941617]], "14": [[0.099929326, 2.5539502720000007], [0.098188529, 2.5792485139999997], [0.097270983, 2.501538903], [0.099685862, 2.515385686], [0.100513872, 2.5502855970000002], [0.097177894, 2.5067430079999995], [0.101029892, 2.5664991569999995], [0.097817791, 2.5798036699999995], [0.098700802, 2.4603493860000003], [0.097424455, 2.4691084079999994]], "15": [[0.116137972, 2.5387743960000004], [0.111658507, 2.4478515000000005], [0.110100741, 2.4949834129999995], [0.101579581, 2.4311747259999996], [0.112327004, 2.5225689559999998], [0.104741799, 2.497729600999999], [0.108938811, 2.490106015], [0.102569333, 2.4623393680000003], [0.113865775, 2.519837629999999], [0.103631849, 2.5233695969999994]], "17": [[0.183437754, 3.1363530699999997], [0.183053137, 3.2183150439999997], [0.18526739, 3.2330950740000004], [0.182569455, 3.158550683], [0.182512955, 3.201106623], [0.184297615, 3.1859910460000007], [0.182170258, 3.136843392], [0.180869557, 3.0982051439999996], [0.187617337, 3.249408582999999], [0.184996872, 3.138050189]], "18": [[0.338384448, 2.799825727], [0.335001937, 2.6364662140000004], [0.315821598, 2.625072265], [0.335861213, 2.7505549809999987], [0.313432784, 2.8243164250000006], [0.340437205, 2.9038797349999994], [0.314415322, 2.723595337000001], [0.317780263, 2.927991789], [0.315460601, 2.781676461], [0.318936591, 2.7813239139999997]], "19": [[0.215230375, 7.734546273000001], [0.213961584, 7.614552836999999], [0.214977534, 7.714297258000001], [0.218014235, 7.612859497999997], [0.216288668, 7.702523804000001], [0.214136209, 7.745494684999997], [0.218362131, 7.650939749999998], [0.215676233, 7.622333994000002], [0.218341866, 7.592720601000004], [0.232913043, 7.635808375000001]], "20": [[0.124416673, 2.1390129209999995], [0.124842764, 2.224343368000001], [0.132931745, 2.1540367259999997], [0.127485129, 2.1846109079999994], [0.125295148, 2.2002054519999987], [0.128459032, 2.319097193999999], [0.124624593, 2.145231648], [0.125145192, 2.1642139959999995], [0.12616726, 2.143589406], [0.128172189, 2.2505610400000005]], "21": [[1.353619891, 4.9457725360000016], [1.353428286, 5.050374616000001], [1.367061828, 4.939425388999999], [1.352639364, 4.968883234], [1.360956177, 5.032789135], [1.333181441, 5.142379482], [1.363865382, 5.0708392479999995], [1.334121068, 5.310297847000002], [1.366460527, 4.928120331], [1.351417053, 4.79765821]]}