{"1": [[2.32572499, 3.7964458869999995], [2.312545283, 3.795328352000005], [2.332237563, 3.807509999000008], [2.323532256, 3.793887178999997], [2.315999395, 3.792257773999991], [2.319385621, 3.801932178999987], [2.308512733, 3.7982515420000067], [2.313381151, 3.788577258999993], [2.321921814, 3.7898065340000073], [2.315368238, 3.7914843579999884]], "3": [[0.766206645, 1.1464599000000102], [0.765497986, 1.1465462869999934], [0.777083275, 1.1402035439999936], [0.763311193, 1.1432251669999893], [0.772306653, 1.1525238659999992], [0.777892693, 1.1549618950000031], [0.770990333, 1.148731432000007], [0.769192918, 1.147723617000001], [0.777375125, 1.1563946340000055], [0.769283975, 1.1516541799999962]], "4": [[0.594529455, 0.7286838190000007], [0.614612366, 0.7329039770000085], [0.603381542, 0.7237155140000051], [0.595978972, 0.7251312689999967], [0.598805612, 0.7239705680000168], [0.598366872, 0.724074916000008], [0.608599749, 0.7293138800000016], [0.600394435, 0.7226583690000052], [0.597354993, 0.7241957160000062], [0.602998771, 0.7248619389999948]], "5": [[0.841532164, 1.1719070950000103], [0.835121706, 1.1647630479999922], [0.845812219, 1.1575899899999995], [0.846372447, 1.171169787999993], [0.839818508, 1.1685389900000038], [0.834311452, 1.1628524040000001], [0.850794061, 1.1692070359999966], [0.834062509, 1.1532765979999977], [0.838789068, 1.1572453400000076], [0.843600659, 1.1646859410000177]], "6": [[0.559755851, 1.1994165069999807], [0.554851692, 1.1902236580000007], [0.558013341, 1.201909462999986], [0.557077535, 1.1932978070000009], [0.557381069, 1.194039674000013], [0.5591219, 1.2037625860000096], [0.558677681, 1.1959000620000124], [0.560237766, 1.1940261469999982], [0.558050242, 1.202839555000009], [0.556648983, 1.1958831610000105]], "7": [[0.982429665, 1.3304913460000047], [0.999156326, 1.3400662259999985], [0.988009656, 1.3282420519999993], [0.982357647, 1.333625154999988], [0.986181157, 1.329414991999994], [0.986619505, 1.331211886999994], [0.986280916, 1.3285891909999894], [0.986474438, 1.335996003000015], [0.991219782, 1.3387606919999906], [0.98624394, 1.338272771]], "8": [[0.912612108, 1.3317207999999872], [0.910971773, 1.3212080839999898], [0.909313101, 1.3336040600000236], [0.905358049, 1.3181320530000118], [0.916182608, 1.3423294600000135], [0.91611478, 1.3415065109999949], [0.903076438, 1.3197371340000046], [0.925594514, 1.344549512000007], [0.914633662, 1.3367378170000042], [0.913338349, 1.3344859039999977]], "9": [[2.681999829, 1.6268030039999992], [2.691564764, 1.6335535959999978], [2.709063515, 1.6260941879999966], [2.727025817, 1.6407633770000007], [2.73001474, 1.647212377999996], [2.696544096, 1.6362278789999984], [2.733740975, 1.6207943159999991], [2.711709756, 1.6271835789999949], [2.733755616, 1.6281377720000028], [2.679921802, 1.6258923839999952]], "10": [[1.351350149, 2.1683503040000023], [1.356027058, 2.168296737000006], [1.36173183, 2.174247108999997], [1.348178873, 2.156345808000007], [1.365057606, 2.176586323999998], [1.352578112, 2.1604423200000054], [1.370598046, 2.180516991999996], [1.349072178, 2.1541522370000057], [1.369708865, 2.162917392000009], [1.356169228, 2.163208153000008]], "12": [[0.910275863, 2.2134263070000038], [0.902387022, 2.2047557320000033], [0.905159181, 2.2148737249999977], [0.896844656, 2.205278781999997], [0.898965991, 2.205432152999999], [0.900409771, 2.214670845999995], [0.898115573, 2.2054090799999955], [0.899861571, 2.2044293639999966], [0.907683439, 2.219139272999998], [0.900801058, 2.2162252099999984]], "14": [[0.554578656, 1.130307184999978], [0.558117297, 1.1401297309999976], [0.552460348, 1.121929292999952], [0.568745737, 1.1465865110000064], [0.554502227, 1.1293263339999797], [0.558624695, 1.1322560889999793], [0.554916646, 1.1343403049999627], [0.558984148, 1.1321453229999718], [0.554035731, 1.127599241000019], [0.558761522, 1.138289934999969]], "15": [[0.530783628, 1.1299760390000095], [0.530162437, 1.1339729679999926], [0.529836972, 1.1214508609999918], [0.524411154, 1.1175849320000013], [0.541399902, 1.1315576909999965], [0.525750047, 1.1178820820000015], [0.527065757, 1.1143918959999994], [0.531837382, 1.1261955199999918], [0.531913472, 1.1278595800000037], [0.531332799, 1.130734273000003]], "17": [[1.124130763, 1.5306901410000022], [1.132075644, 1.545663610000009], [1.128283844, 1.5287291130000071], [1.130559904, 1.5325387600000004], [1.127812307, 1.5287611760000415], [1.128104337, 1.5310184869999852], [1.135098891, 1.5347932569999982], [1.12988312, 1.5369373229999899], [1.119828663, 1.5211163030000008], [1.133206623, 1.5302441959999717]], "18": [[2.014721871, 1.2973551709999935], [1.992013746, 1.2817531789999965], [2.017759971, 1.2817996399999956], [1.985342928, 1.2797052429999964], [1.976884462, 1.2725122979999874], [1.9799672, 1.2828898589999764], [2.017533245, 1.2906546639999839], [1.986525513, 1.274125699000003], [1.990227298, 1.2922446960000098], [1.988855307, 1.2840745419999922]], "19": [[1.554853436, 3.9714308520000015], [1.553109042, 3.976415158999999], [1.563445382, 3.9847703970000072], [1.553256152, 3.975041339999999], [1.573818708, 3.993516698000001], [1.555575909, 3.9810631319999894], [1.546073399, 3.966613002000001], [1.579505201, 4.0074867439999915], [1.553768426, 3.958046790000009], [1.561251371, 3.9879116789999958]], "20": [[0.600801299, 1.0085267080000335], [0.614317141, 1.0108943000000123], [0.597114536, 1.0033108020000225], [0.599549195, 0.9976234980000145], [0.600383077, 1.009153779000017], [0.601496199, 0.9967783190000052], [0.601613157, 1.0070863699999801], [0.604518925, 1.0002106299999967], [0.598358539, 1.009400707], [0.597315054, 1.002251817000008]], "21": [[3.527261851, 2.3975492020000218], [3.670875589, 2.4072103659999904], [3.51111058, 2.3738653270000385], [3.673441775, 2.4032944059999823], [3.51534733, 2.3615349010000273], [3.66725169, 2.4052832169999956], [3.514089502, 2.3594016129999127], [3.513868638, 2.3505360630000256], [3.502359994, 2.355328683000015], [3.683998857, 2.3570650139999967]]}