{"1": [[9.042077279, 3.7442335950000394], [9.056159067, 3.7499739830000465], [8.97772841, 3.75006396099995], [9.061576041, 3.7619670700000105], [9.030117171, 3.750135303000052], [9.050946689, 3.7521231540000044], [9.077101275, 3.788938546999906], [9.018482392, 3.7565975239999254], [9.087765164, 3.777051224000048], [9.050380534, 3.7618645270000535]], "3": [[2.845972224, 1.1392639210000883], [2.814468398, 1.1355420900001185], [2.823430166, 1.1372826169999293], [2.842750632, 1.1332054499998907], [2.80115746, 1.128721153999836], [2.841630381, 1.1406734850000437], [2.804984642, 1.1295870680000586], [2.81670544, 1.1268076140001002], [2.808302061, 1.1243899479999901], [2.82336185, 1.1366996879998512]], "4": [[2.220960306, 0.714599474000055], [2.245332797, 0.7135505840000957], [2.241170758, 0.7290277270000348], [2.291156105, 0.7457652940000574], [2.250921277, 0.7285859449999804], [2.242530737, 0.7274435109998885], [2.206747076, 0.7174095160000051], [2.229618879, 0.7223460119999803], [2.220471916, 0.7209141460000403], [2.222143308, 0.7171399750000218]], "5": [[3.175961311, 1.1709617199999756], [3.136943881, 1.1609450869999698], [3.184010464, 1.1606417670000828], [3.148816163, 1.1523032079998121], [3.161798102, 1.1666993070001839], [3.108959297, 1.1467894349998826], [3.182067386, 1.1620824899998543], [3.150301718, 1.1713503549998177], [3.127677394, 1.157022782999805], [3.16226175, 1.1636110160000066]], "6": [[2.19261559, 1.1816413899998532], [2.18973384, 1.1886636150002299], [2.195636522, 1.1916926200000386], [2.166135551, 1.1671937360001912], [2.17841013, 1.1784034050000818], [2.185659963, 1.1813932929999467], [2.177884123, 1.1765126880000096], [2.191087382, 1.1793103739998883], [2.180845153, 1.1765124629999308], [2.178978929, 1.1784611900000865]], "7": [[3.777085955, 1.3154168750000632], [3.762193113, 1.3100757140001786], [3.785898411, 1.3127005530001339], [3.772080895, 1.3096230330002288], [3.803005553, 1.3206329260000385], [3.786085741, 1.3253381330001694], [3.79332265, 1.3147500159999133], [3.806615382, 1.3212794840001914], [3.817125399, 1.3202681189999754], [3.755041766, 1.3043567940001966]], "8": [[3.473082507, 1.3219360650002454], [3.461112901, 1.3167050140001808], [3.470988239, 1.3312877179998115], [3.468998354, 1.3085280890001898], [3.472298012, 1.306486748000228], [3.466102651, 1.3150598590002216], [3.484234906, 1.311072400999824], [3.481786799, 1.3269693939998033], [3.480310805, 1.3172490040000011], [3.467081491, 1.315663028000104]], "9": [[9.434909672, 1.6423102600000536], [9.301884283, 1.6387691080000781], [9.337721898, 1.6349558319999429], [9.211480848, 1.6097812819998982], [9.337518215, 1.6327456399999853], [9.256031083, 1.622873631000125], [9.213382291, 1.614770545999989], [9.251385567, 1.6214166760000717], [9.251325511, 1.6192022730001445], [9.279187474, 1.6279951450000876]], "10": [[5.098066012, 2.1570663100000065], [5.053552658, 2.1569095690000104], [5.017119358, 2.1422921789999902], [5.051817582, 2.1507967269999866], [5.082765721, 2.1673773299999346], [5.05722224, 2.1576228109999698], [5.056871629, 2.1519795339999663], [5.050489606, 2.1552028169999784], [5.063503063, 2.151787911999993], [5.056259617, 2.1522938569999774]], "12": [[3.43724108, 2.1677061840000142], [3.452877996, 2.175024820000019], [3.466348065, 2.179399836999975], [3.46258615, 2.1739162290000014], [3.44064824, 2.167258683000001], [3.435225948, 2.167772679999998], [3.440012026, 2.167336314999982], [3.455038986, 2.178324856000007], [3.442709583, 2.1697209400000053], [3.464702784, 2.187442775000004]], "14": [[2.057020717, 1.1056193000002223], [2.072223598, 1.1201240120002267], [2.08746449, 1.1290775750002675], [2.089776636, 1.1312312530001887], [2.056920503, 1.108300144000223], [2.080955198, 1.1258432100002087], [2.081260215, 1.1258401280001986], [2.062853847, 1.1129770450001977], [2.097387909, 1.136462110999885], [2.065752109, 1.1148116560001589]], "15": [[1.770403498, 1.096523356000093], [1.781507704, 1.109182230999886], [1.794361053, 1.1178509719999628], [1.788771274, 1.1138066419999388], [1.794568431, 1.120474031999921], [1.784237001, 1.1098186819999156], [1.762237908, 1.0947371169999105], [1.780997242, 1.1086752279998549], [1.768094514, 1.0971281209998929], [1.788890926, 1.1140821859998575]], "17": [[4.395611008, 1.4973454090000584], [4.468214032, 1.5599132510001592], [4.388592188, 1.4901268410001152], [4.382231026, 1.5012015279999784], [4.436143463, 1.4964178070002228], [4.389702622, 1.5002842990000085], [4.432560266, 1.5118881320000623], [4.470880327, 1.5103523190001367], [4.393428807, 1.5058209360001547], [4.397604834, 1.496958788000149]], "18": [[9.016443704, 1.2589777450000443], [9.035470648, 1.2622116440000268], [9.019504041, 1.2535434950000086], [9.059145828, 1.2710384380000774], [8.960752953, 1.2577125760000154], [9.057559408, 1.26379650200013], [8.970700184, 1.2532410130000176], [9.061634436, 1.2601252309999382], [9.027987746, 1.2582209459999707], [9.050228547, 1.2592817530001592]], "19": [[5.977342988, 3.9224823209999715], [5.988739582, 3.932214097999999], [5.949688239, 3.898193606000006], [5.982774089, 3.926058864999997], [5.964520996, 3.9178894320000084], [5.956753052, 3.9158312590000235], [5.966874412, 3.9245545029999716], [5.951610665, 3.904621078999945], [5.976955834, 3.923452324000025], [5.946220392, 3.9108932150000038]], "20": [[2.26741805, 0.9878892959999663], [2.290045572, 0.9973960839998509], [2.285549704, 0.9958474949998418], [2.280797452, 0.9981334559998181], [2.262780065, 0.9859957939998225], [2.288742659, 0.9988866119999377], [2.272829428, 0.9896060819998187], [2.303712847, 1.0105027079998385], [2.317009446, 1.0059737689998285], [2.275911809, 0.989064020999835]], "21": [[12.62454881, 2.3314840829999155], [12.795109971, 2.370231729999966], [12.73703521, 2.3580285950003756], [12.654868073, 2.3444425269999654], [12.626854691, 2.34011880899985], [12.789182194, 2.3244632079999894], [12.625916112, 2.32541017099995], [12.888053212, 2.44428949000003], [12.635748013, 2.3232571399999364], [12.698089941, 2.3478285819999796]]}