{"1": [[0.313410904, 4.069828108], [0.312084237, 4.077701091], [0.30639333, 4.023167825999999], [0.311759584, 4.060119889999999], [0.311164587, 4.090203639], [0.312420987, 4.0847275210000005], [0.418904247, 4.155983643999998], [0.340552487, 4.073885061000002], [0.31008446, 4.071631159999999], [0.314114404, 4.093354454]], "3": [[0.164608741, 1.3168313350000003], [0.170734914, 1.3929875409999997], [0.165377491, 1.325345845], [0.170870327, 1.3840816259999988], [0.168899459, 1.3645958259999997], [0.166651011, 1.326849262999999], [0.165656892, 1.3210260440000006], [0.170507952, 1.3955017479999992], [0.166058321, 1.3431499269999998], [0.169955067, 1.3950218829999999]], "4": [[0.136164983, 0.8203726379999998], [0.131912694, 0.8306859490000001], [0.134265967, 0.8177814789999996], [0.133048356, 0.8175693719999998], [0.137976883, 0.835284173], [0.139328028, 0.8387673290000002], [0.137284517, 0.8142964060000003], [0.134211389, 0.8106649120000001], [0.137090671, 0.8372454250000002], [0.138595062, 0.8228763170000001]], "5": [[0.1749835, 1.4249251709999997], [0.227120367, 1.4606188609999997], [0.171670295, 1.4132192179999998], [0.172874187, 1.416918111], [0.224126217, 1.4603969599999997], [0.167836578, 1.3506268469999996], [0.168898035, 1.3941725359999992], [0.17274042, 1.40675002], [0.165984692, 1.3573878349999997], [0.21802859, 1.404197756]], "6": [[0.081574824, 1.3344266719999998], [0.087789919, 1.4115415729999998], [0.081280351, 1.3222134769999998], [0.130015417, 1.4502424409999999], [0.081077468, 1.3328213720000002], [0.082686698, 1.3353274799999997], [0.087977773, 1.3914790869999998], [0.086089292, 1.3876782289999996], [0.081856738, 1.3319484680000004], [0.084208873, 1.383224357999999]], "7": [[0.173321982, 1.520622493], [0.176592458, 1.5858443969999998], [0.171849142, 1.505425515], [0.231166988, 1.5889004479999997], [0.17822062, 1.5937618149999986], [0.177186691, 1.5355435599999996], [0.173329374, 1.5439327150000002], [0.174396655, 1.5372189689999993], [0.178196482, 1.561506488], [0.235844362, 1.7138391850000003]], "8": [[0.177810259, 1.5115573820000003], [0.229728632, 1.638153987], [0.178021287, 1.4955728519999998], [0.182386658, 1.597803377], [0.174633047, 1.4897630529999997], [0.182487721, 1.5626306830000005], [0.176729689, 1.512584127], [0.177253245, 1.5328956740000004], [0.182380249, 1.5745906849999993], [0.17755743, 1.5058726559999998]], "9": [[0.629352198, 1.9868175719999999], [0.636346192, 1.9784340030000005], [0.748324832, 2.053533703], [0.633270327, 1.9861012650000003], [0.691700337, 2.0027370379999994], [0.629292799, 1.9527182419999998], [0.626885737, 1.9568484309999998], [0.633057326, 1.9815059599999991], [0.632227579, 1.9473805529999997], [0.620922028, 1.9354783179999988]], "10": [[0.281569674, 2.383005310999999], [0.27585081, 2.3425414230000006], [0.338999576, 2.4463237239999995], [0.274883097, 2.334180584999999], [0.274505674, 2.3372137740000007], [0.337659679, 2.4135497590000003], [0.336258925, 2.4088554089999996], [0.276947864, 2.3489377800000004], [0.279433348, 2.3944207730000002], [0.279904381, 2.3710174869999987]], "12": [[0.20000181, 2.523702329], [0.15914066, 2.5183667470000004], [0.159633768, 2.512511102000001], [0.16120756, 2.5392552750000017], [0.155621022, 2.4908920189999986], [0.159400137, 2.5154646949999995], [0.158431814, 2.500783117], [0.155234959, 2.4851987710000003], [0.201375136, 2.5740511749999992], [0.153989016, 2.4631307970000003]], "14": [[0.116309958, 1.3284252410000001], [0.121572486, 1.3813133789999998], [0.121214306, 1.3529643399999998], [0.121004438, 1.3299244799999999], [0.12100721, 1.3530499930000004], [0.117924081, 1.3342374939999997], [0.115864164, 1.2936327989999998], [0.118077539, 1.3502638680000008], [0.115512924, 1.294090674], [0.118464168, 1.340340419]], "15": [[0.135013888, 1.3308782759999993], [0.098796952, 1.298556126], [0.096413183, 1.2744605159999993], [0.095363271, 1.27720275], [0.098756207, 1.3075362890000002], [0.099627602, 1.323487455], [0.095452464, 1.2724832640000001], [0.095740329, 1.2603284429999995], [0.094148992, 1.2607721719999991], [0.099183262, 1.3260417310000001]], "17": [[0.184317666, 1.7439309509999998], [0.182218628, 1.720814193], [0.221231951, 1.7663916070000003], [0.184346404, 1.775960103], [0.174982689, 1.6875358240000002], [0.179732954, 1.7412295380000011], [0.184751004, 1.7820033060000005], [0.184547265, 1.8010790399999999], [0.252703177, 1.7778156780000003], [0.178546628, 1.7121274499999997]], "18": [[0.333045335, 1.4454232649999996], [0.338735959, 1.4650263639999999], [0.366059825, 1.492634275], [0.394349795, 1.5323563889999998], [0.336811713, 1.4741017089999993], [0.336191108, 1.4628650520000002], [0.334948092, 1.4575768939999993], [0.336041578, 1.4621484819999992], [0.336043237, 1.4477725490000002], [0.338348335, 1.4452646510000002]], "19": [[0.264124512, 4.670196113], [0.320313435, 4.7396782019999995], [0.268378574, 4.7537631729999985], [0.270445185, 4.722518678999998], [0.273492088, 4.707925919000001], [0.266135579, 4.671300372000001], [0.270086837, 4.7065690549999974], [0.270718553, 4.696325787000003], [0.269944905, 4.714501877000002], [0.26850708, 4.7015873290000005]], "20": [[0.122682778, 1.1999940089999994], [0.158069444, 1.2090955110000003], [0.121082765, 1.1716213720000004], [0.117252444, 1.1373377230000004], [0.118329269, 1.131246344], [0.124554995, 1.2301903799999996], [0.118765082, 1.142924957], [0.156023624, 1.173653728], [0.121813173, 1.1717871639999997], [0.119000038, 1.1610951949999997]], "21": [[1.250669276, 2.683976886], [1.366005411, 2.8390050559999986], [1.398987699, 2.8524121099999995], [1.262651566, 2.6678389880000006], [1.285067355, 2.800622405], [1.40549453, 2.9717251719999993], [1.277123394, 2.7516759539999995], [1.372788998, 2.839854319], [1.371675188, 2.7500561230000007], [1.372209097, 2.7375691249999994]]}