{"1": [[1.17087907, 3.807314366999997], [1.168135805, 3.822851521999998], [1.163518999, 3.818113744999997], [1.163496257, 3.8079248020000014], [1.164144535, 3.809018188000001], [1.165688155, 3.809103747999999], [1.166361286, 3.8068614659999946], [1.165169708, 3.799408037000008], [1.164031088, 3.8023772360000017], [1.164252608, 3.801351585000004]], "3": [[0.420976613, 1.1696750240000005], [0.422536699, 1.1596105170000008], [0.420732302, 1.1565751159999995], [0.419794673, 1.170423414000001], [0.419348307, 1.1652381409999986], [0.4197755, 1.1667371799999988], [0.417272777, 1.1651126830000025], [0.418998122, 1.1531115490000001], [0.422677002, 1.1561180430000018], [0.425966478, 1.1605013900000003]], "4": [[0.329929715, 0.7460620910000009], [0.32298462, 0.728597751], [0.326955972, 0.7291415980000007], [0.329995026, 0.7398702629999997], [0.326314096, 0.7314347299999999], [0.330100878, 0.7319748400000013], [0.332089398, 0.7361086100000005], [0.326101208, 0.7293146229999993], [0.328032011, 0.73506746], [0.33024634, 0.745022735]], "5": [[0.447523931, 1.1667223779999962], [0.459434907, 1.1858414319999957], [0.453260519, 1.1694301469999961], [0.460432985, 1.1735248230000002], [0.455279604, 1.1766149589999961], [0.455729084, 1.1766570689999936], [0.456641836, 1.183123305999993], [0.459886763, 1.1818205230000007], [0.459859369, 1.171568036999998], [0.452991466, 1.1698153070000032]], "6": [[0.283233134, 1.2111823619999968], [0.281598977, 1.2103251289999903], [0.283154462, 1.210546452999993], [0.282346124, 1.2130744449999964], [0.284059932, 1.2142672720000103], [0.283151393, 1.214007153000005], [0.285698939, 1.2139062960000035], [0.286289706, 1.221133803000006], [0.282166543, 1.2087319799999972], [0.283244155, 1.213710416000004]], "7": [[0.514416809, 1.345753423000002], [0.521650529, 1.353223471000002], [0.51610952, 1.3476787869999998], [0.515996213, 1.3617717789999977], [0.518144859, 1.3575828030000008], [0.51381277, 1.3465705839999993], [0.523648637, 1.3491121099999979], [0.516263583, 1.3438691930000022], [0.514496975, 1.345162854], [0.519753251, 1.346870426999997]], "8": [[0.485149825, 1.3469010790000069], [0.485624542, 1.347238312999992], [0.493471103, 1.3593648830000007], [0.529957299, 1.400838076000001], [0.484926333, 1.349351080000003], [0.483211326, 1.3373725759999906], [0.482026074, 1.3338151499999973], [0.483449697, 1.3463910709999918], [0.48355888, 1.3362797850000019], [0.491838509, 1.3511383829999986]], "9": [[1.533731523, 1.6558954759999969], [1.485725429, 1.659722941], [1.478353867, 1.6646858069999988], [1.499265013, 1.6583812859999998], [1.503871394, 1.6681036409999992], [1.488580135, 1.6627719209999992], [1.472131964, 1.6497112899999997], [1.522541408, 1.654035727999999], [1.499344649, 1.6614337629999971], [1.503729111, 1.6496385219999934]], "10": [[0.724018956, 2.172857372000003], [0.721788756, 2.1712424610000003], [0.724316339, 2.170995864000001], [0.723072283, 2.1774028220000003], [0.722542733, 2.1750700990000014], [0.726386863, 2.1867037510000014], [0.721804535, 2.168819352], [0.721375049, 2.162624033000001], [0.723484691, 2.1710897490000005], [0.722478278, 2.177898332000001]], "12": [[0.468641598, 2.2207955579999967], [0.467828033, 2.2160322249999984], [0.467770364, 2.2201649679999984], [0.468178259, 2.215614056999999], [0.46641788, 2.2239018419999987], [0.468745345, 2.2170682659999996], [0.466433222, 2.2166770579999984], [0.470002458, 2.224166638000004], [0.469863011, 2.2257498840000016], [0.465529823, 2.214205318999999]], "14": [[0.30422438, 1.155475327999991], [0.300916742, 1.145081180999993], [0.302455824, 1.150780835999999], [0.302625723, 1.1571789559999976], [0.303234679, 1.149465996000001], [0.300085974, 1.1412936389999997], [0.301737123, 1.1567689029999948], [0.301083944, 1.1410167079999989], [0.306118941, 1.1539146989999922], [0.301636698, 1.1582628789999867]], "15": [[0.272682647, 1.141458196999999], [0.276945087, 1.1436639269999995], [0.278636653, 1.1448497870000016], [0.273047635, 1.141980162000002], [0.27203182, 1.1345528399999996], [0.272838705, 1.1365628229999998], [0.276220143, 1.1387159079999993], [0.273750598, 1.142556339], [0.277244671, 1.147382824000001], [0.275038877, 1.150353097999999]], "17": [[0.575105752, 1.5399507440000006], [0.585708192, 1.5527506049999986], [0.623690396, 1.553187242999999], [0.58100081, 1.5622980849999997], [0.58650071, 1.5620184580000016], [0.577481667, 1.5477708529999998], [0.584526935, 1.5362614639999999], [0.578922451, 1.5556930170000003], [0.57786821, 1.5589776309999992], [0.578372246, 1.5526331419999997]], "18": [[1.038256837, 1.2934211539999976], [1.017342668, 1.2907630119999998], [1.023445766, 1.3036277929999984], [1.026017994, 1.2928611039999995], [1.028497538, 1.293883133999998], [1.024312123, 1.3023411629999984], [1.032487735, 1.2926022039999974], [1.021171975, 1.2924404859999998], [1.022424623, 1.2938739829999983], [1.015125868, 1.2929960969999985]], "19": [[0.806461968, 4.007250631999999], [0.818017273, 4.017810631999996], [0.817759689, 4.006776362999999], [0.808581405, 4.017096080999998], [0.80950842, 4.0143356990000045], [0.815218782, 4.020142842999997], [0.813628751, 4.010927574999998], [0.812935026, 4.0182439290000005], [0.808829454, 4.011932599999994], [0.813197794, 4.014548770000002]], "20": [[0.319239914, 1.025923499999999], [0.324168579, 1.0262213779999994], [0.321777458, 1.020056729000001], [0.319773899, 1.0220483439999988], [0.316993145, 1.0147024739999997], [0.321230116, 1.0205159240000001], [0.317292306, 1.0112979550000045], [0.317345963, 1.0133452629999993], [0.315418076, 1.0096227160000004], [0.322116422, 1.0202241430000019]], "21": [[2.101506715, 2.4188351819999925], [2.066885997, 2.415971582000009], [2.086257404, 2.408930188000016], [2.092266394, 2.4012141229999977], [2.083320462, 2.409180927999981], [2.091781881, 2.4062898639999775], [2.077433399, 2.424282606000002], [2.111226171, 2.415597681999996], [2.092888064, 2.3882461470000087], [2.115476102, 2.426338620000007]]}