{"1": [[4.603021971, 3.7656334049999973], [4.593943045, 3.754916803000007], [4.585642348, 3.7667911209999976], [4.597694303, 3.7614946819999897], [4.59591272, 3.773901265000008], [4.620364114, 3.784952392999995], [4.63382557, 3.775205951000012], [4.57992656, 3.7533106129999982], [4.611501552, 3.7622512559999697], [4.599859692, 3.76743631199998]], "3": [[1.464247225, 1.1373296109999653], [1.474030871, 1.143384901999926], [1.491409305, 1.1535879939999647], [1.461153687, 1.1435631580000016], [1.467436377, 1.1518025140000143], [1.469929874, 1.145699319999986], [1.459574846, 1.1329743109999915], [1.487215324, 1.1376883399999635], [1.467340545, 1.1409883039999615], [1.470391171, 1.1455180230000372]], "4": [[1.157698525, 0.7221715509999824], [1.160177211, 0.7249724570000019], [1.176422347, 0.7223036230000199], [1.168612144, 0.7194405640000016], [1.16161184, 0.7210141469999835], [1.179552298, 0.7228782109999949], [1.188471741, 0.7294786679999881], [1.148837179, 0.7156647339999813], [1.168476639, 0.720810337999982], [1.152444915, 0.7201969699999949]], "5": [[1.608539108, 1.1527675769999588], [1.60297612, 1.1580063669999658], [1.612462063, 1.1498936260000274], [1.611019832, 1.1585061479999905], [1.611944383, 1.1518933020000057], [1.603156789, 1.1494426289999613], [1.608104475, 1.151354028999989], [1.632851407, 1.1534572510000183], [1.636325592, 1.1779658219999583], [1.619971279, 1.1557836289999561]], "6": [[1.101978756, 1.1782557510000604], [1.094265131, 1.1735536560000253], [1.092714186, 1.1732710619999882], [1.101841004, 1.1884522199999503], [1.097258957, 1.1769094239999887], [1.096795677, 1.1827974899999714], [1.097783805, 1.1829841830000603], [1.100783766, 1.1849108079999864], [1.101798932, 1.1899100439999808], [1.102204443, 1.1862081500000379]], "7": [[1.913003137, 1.3224224109999645], [1.910980612, 1.3160809430000304], [1.923227225, 1.3267479190000144], [1.911868842, 1.3166943080000508], [1.911699253, 1.3081131210000212], [1.92264365, 1.3144903719999994], [1.916580865, 1.3186875170000307], [1.927657201, 1.3152088360000436], [1.908985057, 1.3108229510000533], [1.91318013, 1.3153483960000778]], "8": [[1.764621721, 1.3272839990000178], [1.766577524, 1.3207315579999934], [1.777660003, 1.3327832850001005], [1.770288453, 1.3163352880000685], [1.765521769, 1.3249544270000781], [1.770709662, 1.3283092849999911], [1.766127231, 1.323076677000083], [1.768691988, 1.3255898110000062], [1.773825239, 1.3310309380000365], [1.763177739, 1.3206124380000004]], "9": [[4.898375662, 1.625712004], [4.986434548, 1.6987642119999908], [4.874471537, 1.6291317949999926], [4.894906345, 1.6266867619999958], [4.933246512, 1.6278537690000037], [4.87610266, 1.6243812830000128], [4.963169991, 1.6562493780000098], [4.859842938, 1.615366028999993], [4.91335138, 1.6337523030000187], [4.896403937, 1.6294154560000114]], "10": [[2.644267888, 2.1509755310000025], [2.651574908, 2.1624019430000176], [2.643490268, 2.14672882200001], [2.638736704, 2.15098853200001], [2.682665822, 2.1629729450000115], [2.642175439, 2.1468187900000046], [2.654379257, 2.1610919320000184], [2.642251228, 2.1610121440000123], [2.645236138, 2.154170242000001], [2.656250875, 2.1617641280000126]], "12": [[1.773844429, 2.2009203609999908], [1.757259221, 2.1889359040000027], [1.770057466, 2.200720042000012], [1.778268366, 2.2099258649999944], [1.758327377, 2.187158747000011], [1.766591257, 2.194693102999992], [1.757458671, 2.1894512510000093], [1.768732943, 2.202943055000019], [1.759669142, 2.1964507399999986], [1.755385652, 2.194227722000009]], "14": [[1.06127302, 1.1219238030000906], [1.060284138, 1.1157476750000703], [1.056486867, 1.1151442210000342], [1.056355317, 1.1144533370000693], [1.067392518, 1.1227576690001058], [1.05956072, 1.116315253000056], [1.060313053, 1.117807941000067], [1.056454818, 1.1157647450000403], [1.061232197, 1.1165103140000596], [1.053711571, 1.1105022280000139]], "15": [[0.913319218, 1.103263297999939], [0.922856861, 1.1173758920000172], [0.918804812, 1.1078104769999753], [0.921891671, 1.1089630219999393], [0.920187825, 1.106182501999958], [0.918672963, 1.1095636579999777], [0.925782501, 1.125805501000034], [0.924103359, 1.1114453029999822], [0.915654101, 1.1034122119999967], [0.925413639, 1.119186006999986]], "17": [[2.24326267, 1.5214862479999898], [2.216071037, 1.5218420020000178], [2.235699606, 1.5185955589999964], [2.232068891, 1.5153082719999964], [2.239878121, 1.5374936070000578], [2.245467322, 1.5132002260000068], [2.225970675, 1.5166902620000107], [2.235749514, 1.5238633169999956], [2.218152269, 1.5069036769999982], [2.226098075, 1.5243230299999802]], "18": [[5.454371625, 1.2778344510000195], [5.450558979, 1.2874973910000127], [5.467236256, 1.2798538719999801], [5.464888976, 1.279034715999987], [5.430671392, 1.2663963969999834], [5.430745242, 1.2694164650000088], [5.44689521, 1.2748446510000222], [5.453902635, 1.2798046120000208], [5.469603494, 1.2820998160000021], [5.435947579, 1.2795522419999994]], "19": [[3.053238941, 3.9612106510000205], [3.094364131, 3.956466209000009], [3.041752946, 3.9484792509999913], [3.059746757, 3.9739068499999606], [3.048659635, 3.95834490100001], [3.048149632, 3.962929640999999], [3.05440593, 3.9693265969999874], [3.032808555, 3.9464949780000067], [3.044594433, 3.9606609769999954], [3.037475252, 3.950931262000008]], "20": [[1.162050471, 0.9898667579998974], [1.169691876, 1.0004016589999494], [1.174229169, 0.9895070239999312], [1.165682682, 0.9927258079999173], [1.166701953, 0.9978979450000094], [1.159862596, 0.9878087639999211], [1.195688922, 1.0149843900000064], [1.169525693, 0.9990184899999317], [1.169728211, 0.9994483409998954], [1.165659929, 0.9953560699999935]], "21": [[6.575451538, 2.374266156999949], [6.555051052, 2.355283512999957], [6.560705592, 2.3575327830000634], [6.580516379, 2.3703292559999483], [6.542916798, 2.3517913979999996], [6.543024673, 2.3450780070000037], [6.655939148, 2.4239850190000016], [6.561618054, 2.3617754650000156], [6.634141102, 2.3755274759999585], [6.573986392, 2.3568022779999165]]}