{"1": [[0.590018367, 3.8534483930000003], [0.589136722, 3.8492269449999967], [0.590850461, 3.847302286999997], [0.591015002, 3.8513925129999986], [0.594820255, 3.866070233000001], [0.595002635, 3.8628752129999997], [0.591121963, 3.8635317249999996], [0.597074744, 3.8790700479999978], [0.590584053, 3.8671612110000004], [0.589525972, 3.858518297000001]], "3": [[0.247404338, 1.2026356560000002], [0.249390604, 1.208583609], [0.24683518, 1.1864317149999999], [0.249092016, 1.2016084279999997], [0.243651132, 1.1943369349999995], [0.250164863, 1.2000159670000001], [0.247766445, 1.2036032939999992], [0.244454668, 1.2018625139999997], [0.249206299, 1.2084649009999993], [0.247484568, 1.1918360609999998]], "4": [[0.196716204, 0.7571916420000002], [0.200632845, 0.7655516359999999], [0.197315639, 0.7498348190000012], [0.198190277, 0.7607644060000002], [0.196985088, 0.7505112340000001], [0.194922561, 0.764739738], [0.197502449, 0.7537063909999998], [0.198149671, 0.754868078], [0.198884887, 0.7534342630000004], [0.199303098, 0.7627598089999998]], "5": [[0.262320287, 1.232240213], [0.258437661, 1.2200694300000015], [0.257847433, 1.2296916819999997], [0.267061285, 1.2244959589999995], [0.30437179, 1.263363712], [0.259601155, 1.219894185], [0.263864166, 1.230133017], [0.257686158, 1.2211808219999996], [0.259208954, 1.2346510389999994], [0.264979772, 1.2328876350000004]], "6": [[0.147448326, 1.2497625359999995], [0.147582967, 1.2382324090000005], [0.150390769, 1.252792978], [0.147886033, 1.2529318820000008], [0.146908082, 1.2438539889999998], [0.147765302, 1.2537073629999993], [0.146964264, 1.2347064720000005], [0.150561292, 1.2657143390000005], [0.150070907, 1.2643524400000001], [0.147302715, 1.2513015109999999]], "7": [[0.283045218, 1.374075826], [0.282430609, 1.3910900699999993], [0.281782901, 1.3795371359999993], [0.282293426, 1.3981069509999988], [0.281927133, 1.3817870979999998], [0.286867656, 1.390175738], [0.281071524, 1.3723006180000006], [0.285478153, 1.409119938999999], [0.288050339, 1.409772923999999], [0.282250125, 1.3723513460000007]], "8": [[0.276537037, 1.3948778240000002], [0.278017738, 1.4050758910000012], [0.2753442, 1.398289099000001], [0.272133157, 1.3779169709999999], [0.273287762, 1.3873700539999998], [0.274487275, 1.398292912999999], [0.273696826, 1.383886202], [0.275645949, 1.3873906249999999], [0.272926088, 1.387124486], [0.276255298, 1.3803307750000005]], "9": [[0.864253177, 1.7421564740000002], [0.892519526, 1.7456926999999987], [0.867233552, 1.7454430099999996], [0.887172343, 1.753805264], [0.883850343, 1.7603167129999997], [0.869623498, 1.7527399439999996], [0.875417148, 1.7523065760000005], [0.878320503, 1.7501208279999996], [0.873808768, 1.7520227480000021], [0.875707688, 1.7497997459999994]], "10": [[0.432754431, 2.2239118999999996], [0.428926259, 2.2139622309999996], [0.429615483, 2.214733724000002], [0.428024213, 2.2084701269999996], [0.427689203, 2.2044231409999995], [0.430771775, 2.22239892], [0.429305403, 2.2130590419999994], [0.430558549, 2.221847895], [0.433642232, 2.2104272569999988], [0.430849366, 2.2098491410000016]], "12": [[0.254286153, 2.2687174530000007], [0.256536403, 2.2845054219999987], [0.25473017, 2.27644329], [0.255153521, 2.279678884000001], [0.259560443, 2.274588198], [0.258866536, 2.298313595000001], [0.255665023, 2.2808159549999996], [0.255397035, 2.271438858999999], [0.25497456, 2.2821501260000003], [0.256401994, 2.285980970000001]], "14": [[0.177483503, 1.2066152529999992], [0.178509787, 1.217309513], [0.178082081, 1.2091335959999994], [0.176327243, 1.204891257], [0.181146548, 1.1891342649999992], [0.178585165, 1.2053087239999998], [0.174379265, 1.1784170109999998], [0.177690088, 1.2127202049999992], [0.17710597, 1.1903357669999994], [0.175191715, 1.1950190969999994]], "15": [[0.150226198, 1.180945203], [0.154580686, 1.2113056059999998], [0.1490461, 1.16823449], [0.151245071, 1.1913862269999997], [0.154333605, 1.2019837869999999], [0.15425648, 1.2083056810000006], [0.14958502, 1.1689138739999991], [0.148865618, 1.1764105749999998], [0.14819989, 1.1783019969999993], [0.151187539, 1.1847046140000004]], "17": [[0.308642881, 1.6234717649999983], [0.306876325, 1.605701934], [0.304255382, 1.5829446380000005], [0.306457031, 1.6120955139999997], [0.304937634, 1.5956753059999997], [0.307406704, 1.5986761640000011], [0.310823279, 1.616506138000001], [0.303962978, 1.5840487860000003], [0.396367738, 1.6656670499999988], [0.303998962, 1.5869691250000004]], "18": [[0.565781585, 1.3203088040000006], [0.562386318, 1.3408548280000006], [0.568958298, 1.3344824300000004], [0.56160239, 1.343790491], [0.563641775, 1.363598575000001], [0.566778685, 1.3446995210000001], [0.569472306, 1.3427996270000004], [0.556024351, 1.3221607289999997], [0.567568694, 1.3441100560000008], [0.560444315, 1.335568936999999]], "19": [[0.443505853, 4.233506417000002], [0.449755678, 4.220044015999999], [0.447964966, 4.233530962], [0.445409101, 4.240205974], [0.44310427, 4.231839311000001], [0.445417072, 4.214258887000004], [0.447485777, 4.227816292999997], [0.442802969, 4.217290056], [0.44759, 4.228982571000002], [0.445598841, 4.238387885999998]], "20": [[0.185272747, 1.0889720190000003], [0.183707937, 1.0664199979999993], [0.180831299, 1.0417001170000004], [0.182442021, 1.050052452999999], [0.181842246, 1.0511048989999998], [0.181962761, 1.047678172], [0.180107204, 1.0429054439999994], [0.18500713, 1.0656854860000002], [0.180702585, 1.0595886940000008], [0.179902633, 1.0503119289999991]], "21": [[1.433376241, 2.4741989579999966], [1.426226807, 2.516919145999998], [1.427233865, 2.4697791889999996], [1.451649228, 2.5134715580000013], [1.615611501, 2.508079414000001], [1.602347074, 2.544869488000001], [1.45299408, 2.4631236719999965], [1.431842513, 2.4806946660000015], [1.419378958, 2.485197496000003], [1.460451012, 2.5015157779999986]]}