{"1": [[0.36498965, 13.728559231999991], [0.364610065, 13.708305287000002], [0.362777696, 13.691695085000005], [0.36309953, 13.670836970999996], [0.365006531, 13.71472504], [0.363265439, 13.650755090000002], [0.362897412, 13.691689997999998], [0.367361639, 13.717873828], [0.363837756, 13.700774970000001], [0.363695648, 13.700550403000001]], "3": [[0.232598268, 9.760760031000002], [0.233044189, 9.734453675999998], [0.259668953, 10.009927855000003], [0.255761112, 9.829277383], [0.232830504, 9.704116060999997], [0.232958137, 9.730653941], [0.233340029, 9.743845969], [0.233017159, 9.744862885999998], [0.255352613, 9.763911108], [0.233678334, 9.720635943999998]], "4": [[0.199516096, 6.499065885], [0.199410095, 6.498504421], [0.191949842, 6.476061013000002], [0.189189431, 6.492652531], [0.191663451, 6.499209075], [0.20231795, 6.50300522], [0.19975618, 6.541836183999998], [0.195672106, 6.501917606999996], [0.199731956, 6.472166827999999], [0.188761595, 6.561749303999999]], "5": [[0.222321596, 7.317879182000002], [0.222621279, 7.316790398999999], [0.22130878, 7.323912176000002], [0.221924475, 7.334882643999999], [0.221974882, 7.321588463], [0.222659356, 7.315896050000002], [0.230053438, 7.330355344000001], [0.223368549, 7.372678862], [0.221489645, 7.319654783999997], [0.221710874, 7.326972594999997]], "6": [[0.214611879, 12.992681606999998], [0.214040336, 12.993845603], [0.214189601, 12.993866814], [0.214879609, 13.016119436999997], [0.21467641, 13.023726283000002], [0.21388507, 12.998738345999996], [0.214677377, 13.004564953999994], [0.214806517, 13.012318447], [0.214329508, 13.013619073000001], [0.214280796, 12.997359770000003]], "7": [[0.2736146, 11.361685744000003], [0.250155908, 11.361503678000002], [0.269325591, 11.363737276000002], [0.2509226, 11.389756630000003], [0.269032403, 11.337427574000003], [0.250781351, 11.445550778000001], [0.251328133, 11.36493697], [0.250143434, 11.336290725000005], [0.269829836, 11.320009336], [0.273743184, 11.547319050000002]], "8": [[0.244457705, 8.098863735999995], [0.244920657, 8.097692831000002], [0.245213779, 8.085322292], [0.2462265, 8.080185548000001], [0.241865533, 8.054194672], [0.243747746, 8.098985418], [0.241846953, 8.078374662000003], [0.243313817, 8.072341630000002], [0.245362054, 8.071154388000002], [0.247047771, 8.095237524000002]], "9": [[0.638620025, 11.002600696000002], [0.641590647, 10.988923544999997], [0.643165389, 11.000214237999998], [0.639279911, 10.995725811], [0.649182134, 10.92135857], [0.656927068, 10.981545797999997], [0.645054641, 11.001947812000001], [0.654319659, 10.981532030999997], [0.651511794, 10.923815375000004], [0.651717574, 11.033133019000003]], "10": [[0.337548875, 10.517962525000002], [0.329718019, 10.543302196999997], [0.333982803, 10.549089116000003], [0.34119259, 10.520885379000001], [0.355342677, 10.493751517999998], [0.329609124, 10.496351454000001], [0.332542392, 10.555172173999999], [0.33299249, 10.54569212], [0.334846623, 10.517998308000001], [0.330935707, 10.632212876000004]], "12": [[0.256753278, 12.40271034], [0.254890464, 12.384306173000004], [0.260175817, 12.374678424999997], [0.254545613, 12.407817754000005], [0.25672388, 12.337527941999992], [0.254401451, 12.363301596999994], [0.254775286, 12.418279312999998], [0.253922494, 12.351339335000004], [0.261707978, 12.463809264000002], [0.255637827, 12.394184577999999]], "14": [[0.186193658, 9.422972098999999], [0.186822217, 9.441005718999996], [0.185208464, 9.396596087], [0.185207865, 9.425564216999998], [0.185804805, 9.444610562000003], [0.187562911, 9.419180375999998], [0.187378133, 9.42598556], [0.184183084, 9.396134275000001], [0.185703007, 9.459746837000004], [0.185850206, 9.446343034000002]], "15": [[0.175727262, 8.346485721999997], [0.175824405, 8.279680984], [0.172914066, 8.289773729], [0.176644716, 8.294529814], [0.165061092, 8.203793934000002], [0.167884558, 8.24056521], [0.175804942, 8.275130610000001], [0.166488013, 8.272549594], [0.174454092, 8.262217561999998], [0.173489123, 8.273114571000002]], "17": [[0.26242074, 9.785299472000002], [0.25974492, 9.757862711000003], [0.260408666, 9.762832889999999], [0.260505106, 9.76649493], [0.258692158, 9.739118266999998], [0.25955735, 9.728270848999998], [0.261203282, 9.809958434999999], [0.260006392, 9.745040598000001], [0.259934109, 9.738120749000002], [0.260562356, 9.754193035999998]], "18": [[0.368741033, 7.886603417999999], [0.373326056, 7.797514574999999], [0.369434478, 7.694684710000001], [0.370717406, 7.759827882000001], [0.392858155, 8.118012612999998], [0.399518941, 7.837607369000002], [0.373720379, 7.7483237370000015], [0.390175211, 7.837405032], [0.392973204, 7.725532147000001], [0.393620901, 7.786902996]], "19": [[0.352105685, 14.670767604], [0.369335673, 15.554932690999998], [0.362897412, 15.306090372000002], [0.355938003, 15.005778940000003], [0.360736586, 15.093720107999998], [0.355072655, 14.813297169999998], [0.321368368, 14.69098624], [0.356890763, 14.876849875000001], [0.307378883, 14.669344655], [0.358376517, 15.052642871999995]], "20": [[0.217726404, 9.693605676999999], [0.219453147, 9.698961984], [0.219708093, 9.691823467000003], [0.216272966, 9.686835924], [0.218108195, 9.689291954000005], [0.216535767, 9.680212058999995], [0.218128372, 9.711606023], [0.218072332, 9.707773897], [0.216605896, 9.693965338000002], [0.218077906, 9.716981744000002]], "21": [[1.332038698, 17.036372023000006], [1.35206518, 17.428007260999994], [1.354785754, 17.065280602], [1.362615922, 16.93629649], [1.35448872, 16.903849382], [1.35351921, 17.057170022999998], [1.395514295, 17.618387341000002], [1.35129747, 16.921378173999997], [1.372587068, 17.210796831], [1.371833971, 17.321941391]]}