{"1": [[14.042281653, 8.786558286000012], [13.938633421, 8.764270520999947], [14.000227833, 8.785926623999991], [14.022902142, 8.765968614999945], [14.025591101, 8.787931552999934], [14.025857587, 8.788714524000017], [14.031009233, 8.77611172100001], [13.946732046, 8.779179982999914], [14.034107994, 8.770869589000045], [13.969741371, 8.767816989999966]], "3": [[8.282190765, 6.706462404999968], [8.267852524, 6.712839170000006], [8.263172072, 6.70064007999995], [8.280542503, 6.707188740999916], [8.274040448, 6.70771611400007], [8.28669466, 6.7032899659999465], [8.277490877, 6.7058569179999665], [8.311527056, 6.713628744999876], [8.295984702, 6.699330337000015], [8.275787327, 6.704727206000045]], "4": [[6.530837522, 4.411236153000026], [6.561978651, 4.41910383100002], [6.552979383, 4.416282264999976], [6.580993407, 4.424519481000015], [6.542990348, 4.4131093260000345], [6.541595417, 4.418402155999995], [6.531695894, 4.415101189999988], [6.530827555, 4.417079110999989], [6.539438366, 4.419385669000016], [6.543544238, 4.41870782100009]], "5": [[6.73219892, 4.737279332999959], [6.74741543, 4.738723351999997], [6.731153618, 4.730744325999961], [6.731114681, 4.73335820699998], [6.758343989, 4.747728266000072], [6.73176923, 4.7321302150000655], [6.726650016, 4.731531474000021], [6.769599424, 4.744848845000023], [6.745228363, 4.734470602999975], [6.785412481, 4.752984789999948]], "6": [[8.996756378, 8.941838549999988], [8.994035123, 8.939065123999915], [8.987903872, 8.932940688000013], [8.987453896, 8.931730444999987], [8.986545237, 8.931065895999998], [8.997681524, 8.942050440000022], [9.012218393, 8.956315320999988], [8.976575083, 8.921811895000044], [8.987015851, 8.932864531000012], [8.993726718, 8.93856342900005]], "7": [[9.379743492, 7.758747857000029], [9.361835648, 7.737835322999967], [9.32293081, 7.738776455999975], [9.356236573, 7.745077431999965], [9.332934775, 7.743406671999982], [9.338126305, 7.746041191000094], [9.332759433, 7.74554488500006], [9.343736448, 7.741920115999927], [9.343647806, 7.736428150999958], [9.340588515, 7.74240034399994]], "8": [[7.347249579, 5.1348804780000235], [7.325892571, 5.1311674129999565], [7.336804049, 5.132135738999999], [7.340628292, 5.134684120000056], [7.321381494, 5.123769453999985], [7.318462566, 5.13001857099996], [7.315715991, 5.121585140000025], [7.315127233, 5.124180563999935], [7.330361259, 5.1197198420000465], [7.336500598, 5.134759504000022]], "9": [[14.701601818, 6.984792428000037], [14.718846372, 6.97381695000006], [14.676782073, 6.980210163000039], [14.725592478, 6.98468524799994], [14.752457516, 6.984608350999973], [14.676260164, 6.968085314999971], [14.73868357, 6.981559435999933], [14.613028462, 6.946458837999961], [14.671963543, 6.950832023000002], [14.664698007, 6.975981426999994]], "10": [[9.625121022, 7.255598929000022], [9.642947419, 7.273480587000082], [9.645575309, 7.281962593000045], [9.660102215, 7.264182533000049], [9.650968957, 7.264871029000053], [9.699859063, 7.272113988000004], [9.655514048, 7.271193046999989], [9.68066688, 7.272685845000047], [9.653331959, 7.269020231999973], [9.690518629, 7.312947990000039]], "12": [[9.522842779, 8.568172960000014], [9.507400648, 8.56389587799998], [9.519419658, 8.570053963000012], [9.499112613, 8.55676342200003], [9.543368059, 8.581417411999977], [9.531431757, 8.563403063999946], [9.51767917, 8.56528986900004], [9.519118219, 8.567803918000015], [9.530297502, 8.574070897000038], [9.527630697, 8.5730618]], "14": [[6.894627909, 6.163589233999977], [6.972835014, 6.155534293000041], [6.876689328, 6.14291074099998], [6.881111145, 6.146069168000012], [6.870584773, 6.1400026980000515], [6.902087975, 6.164559680999966], [6.881710318, 6.148426188999998], [6.973663742, 6.154604847000036], [6.902101122, 6.168175162999965], [6.883190255, 6.1489628559999545]], "15": [[5.696150887, 5.445941499000009], [5.698516855, 5.4478475890000375], [5.683413924, 5.432154194999988], [5.697170301, 5.443325026000013], [5.692763484, 5.439584486000015], [5.695118474, 5.441600194999997], [5.689003981, 5.4381161239999605], [5.685353442, 5.434981954000051], [5.696357522, 5.445126551999977], [5.694141297, 5.442716521999968]], "17": [[9.1944116, 6.253545577000006], [9.213077549, 6.261267508000012], [9.2021581, 6.260611523000061], [9.226235044, 6.252955908000024], [9.225618788, 6.2717530679999705], [9.216028545, 6.278225538999955], [9.221337459, 6.267319818000013], [9.199322969, 6.260341908999958], [9.221856185, 6.262202879999996], [9.204939158, 6.2471037330000145]], "18": [[12.472721528, 4.6985525809999915], [12.44574058, 4.701786047999958], [12.456240264, 4.707665477000004], [12.388368851, 4.709883181999992], [12.508846142, 4.714563899999982], [12.416170462, 4.6953736659999254], [12.446835915, 4.668128564999948], [12.449645882, 4.699756662000003], [12.410362062, 4.69616336700001], [12.443353956, 4.708783076999968]], "19": [[11.227871705, 9.897126241999885], [11.293844538, 9.958371315999985], [11.255425706, 9.911754470999961], [11.234194034, 9.902711974000061], [11.22991098, 9.902521028999942], [11.24934612, 9.912870893000024], [11.253012072, 9.910415875999949], [11.262578512, 9.90995947499985], [11.24430133, 9.896667540999976], [11.287661674, 9.946491381000127]], "20": [[6.95891595, 6.089903806000004], [6.974033693, 6.098011660000043], [6.975062618, 6.097999777000026], [6.982522435, 6.1025838210000005], [6.965473961, 6.094662833000032], [6.969225856, 6.096106731000012], [6.972584546, 6.097804472999992], [6.988008192, 6.107051038999956], [6.965949719, 6.094596225000012], [6.966377548, 6.091280835999987]], "21": [[20.966543144, 10.925211820999968], [20.906901332, 10.911552724000021], [20.933498166, 10.91682787100001], [20.905617234, 10.911580818000003], [20.819928164, 10.899379249000043], [20.873992487, 10.909537776000061], [20.942882896, 10.911060717000009], [20.887111363, 10.90850575099998], [20.820894254, 10.903586471999995], [20.863645838, 10.903138405000037]]}