{"1": [[3.540977447, 8.808519409000002], [3.525100234, 8.769405930999996], [3.540025344, 8.778457745999985], [3.538443882, 8.779222317999992], [3.538573822, 8.764313271999988], [3.535195419, 8.774697968000007], [3.548478906, 8.782476735], [3.523074403, 8.761974795999988], [3.544792475, 8.787738696000009], [3.530867434, 8.767978147000015]], "3": [[2.124850385, 6.71262841000001], [2.128096869, 6.711560734000009], [2.128056027, 6.711381838999994], [2.123179558, 6.710299314000001], [2.125532825, 6.707512491000006], [2.130511925, 6.711243325999977], [2.126306587, 6.716460380000016], [2.124733384, 6.715037526999989], [2.129298204, 6.707681003999994], [2.126606536, 6.711561532999994]], "4": [[1.6832312, 4.414698670999985], [1.681539156, 4.416931698000015], [1.679507174, 4.417890839000005], [1.678798469, 4.412205262000003], [1.677719918, 4.414792957], [1.68144035, 4.419027241999993], [1.677832567, 4.413151732000006], [1.684414984, 4.418843013999999], [1.683413084, 4.420811617999998], [1.686960822, 4.421228757999996]], "5": [[1.731557928, 4.7252263639999965], [1.745061799, 4.729109707000009], [1.727924321, 4.720127687999995], [1.734533137, 4.728642710999992], [1.732806973, 4.722068603999999], [1.736406974, 4.731075178999991], [1.747444744, 4.731800811999999], [1.746552336, 4.7330507139999884], [1.740276254, 4.723653018999991], [1.731144646, 4.7273271220000055]], "6": [[2.259638227, 8.958449815999987], [2.254342271, 8.946999841999993], [2.253416004, 8.944966204999993], [2.253034612, 8.939514473000012], [2.253065535, 8.944221568000005], [2.252914, 8.93963708], [2.253790411, 8.947401258000012], [2.252695132, 8.940612180999981], [2.251883201, 8.945637491000006], [2.255801481, 8.947119487999988]], "7": [[2.371616366, 7.742614259000005], [2.371242259, 7.743754573000009], [2.374484359, 7.753386914000009], [2.370936169, 7.743692734999996], [2.369523099, 7.746511765999985], [2.372890883, 7.749545280000007], [2.370230032, 7.745795829000003], [2.376152106, 7.751502725000007], [2.37527501, 7.756369307999995], [2.367649379, 7.744423146000022]], "8": [[1.866819961, 5.127877505999999], [1.865742333, 5.127317397999992], [1.87048029, 5.135047533000012], [1.868051308, 5.12780316199999], [1.868882438, 5.124429294999984], [1.86923774, 5.124826470000004], [1.870245456, 5.132647495999997], [1.871475532, 5.131005174000003], [1.877940114, 5.126210353000001], [1.870361867, 5.135561636000005]], "9": [[4.006026598, 6.96148199700002], [4.023161468, 6.940388880000006], [4.011118375, 6.950445511999995], [4.033350077, 6.959004639999992], [4.038034511, 6.983753545000008], [4.013196912, 6.942583337000002], [4.042226539, 6.938325608000007], [4.039910402, 6.951153535999995], [4.03539966, 6.972995576000001], [4.026361816, 6.960166249999993]], "10": [[2.507153704, 7.272487175000006], [2.510063346, 7.259258448999998], [2.512241768, 7.284307574999988], [2.51302369, 7.279280558000012], [2.495701828, 7.2606234959999885], [2.503235062, 7.26226652000002], [2.501817696, 7.275162602000007], [2.50537949, 7.276882163999996], [2.494643736, 7.259180992000004], [2.505054053, 7.265052682000007]], "12": [[2.404493457, 8.580255429999992], [2.402125084, 8.575243420000035], [2.401909655, 8.573041789999987], [2.402886798, 8.574488699000026], [2.403881785, 8.57540341300001], [2.406551095, 8.579490755999997], [2.403958774, 8.577890901000012], [2.404263252, 8.579224477000023], [2.40492124, 8.58588942], [2.402614368, 8.57457502599999]], "14": [[1.758703769, 6.1448267490000035], [1.755286526, 6.148736702000015], [1.756678187, 6.155438762999993], [1.760511518, 6.145863566999994], [1.757477604, 6.154543155999976], [1.760043186, 6.148791679999993], [1.759736578, 6.145744102999987], [1.754118371, 6.1428406839999985], [1.753927326, 6.1458951640000095], [1.756909926, 6.156221743999998]], "15": [[1.506320977, 5.456314240000005], [1.503512918, 5.449027884999991], [1.506439935, 5.4565355840000045], [1.503745859, 5.4485921039999905], [1.508754021, 5.473815805999996], [1.504085088, 5.450062494000003], [1.505380737, 5.453326240000016], [1.506207058, 5.455224002000014], [1.505854001, 5.452670314000007], [1.503333066, 5.450222527000002]], "17": [[2.318609846, 6.26509143], [2.313731967, 6.267710654], [2.311225634, 6.268195971000017], [2.341596836, 6.2672105909999996], [2.313892117, 6.268119120999997], [2.31307335, 6.27218242399999], [2.318433841, 6.263880975999998], [2.319377049, 6.271519434000011], [2.31350912, 6.274450353999992], [2.310215883, 6.2650356060000005]], "18": [[2.858553425, 4.743278709000005], [2.851958571, 4.72551848699999], [2.84663664, 4.719046277], [2.865338524, 4.757545204999994], [2.86475613, 4.721329211000017], [2.867223745, 4.723891918000007], [2.851759346, 4.708642576], [2.854762662, 4.683514179999993], [2.854363781, 4.7332292530000055], [2.870758336, 4.758196489999997]], "19": [[2.868943701, 9.898863423999973], [2.870722526, 9.909818751000007], [2.863026788, 9.901419199000001], [2.865197627, 9.908157719], [2.867821964, 9.91208336999998], [2.870761508, 9.90998341399999], [2.871756755, 9.909191790000024], [2.86846673, 9.911743867999999], [2.867859534, 9.90850581399998], [2.882707182, 9.958339582000011]], "20": [[1.767280448, 6.094363460999985], [1.765613115, 6.100847425000003], [1.766884197, 6.101009748], [1.763071613, 6.096650833999978], [1.767888081, 6.105796607999983], [1.766956235, 6.100862106999977], [1.764281468, 6.100738284999984], [1.762625736, 6.088556965000016], [1.765276896, 6.096830972000001], [1.768895501, 6.099128204999976]], "21": [[5.404821412, 10.922207165000003], [5.378199695, 10.897171421000014], [5.407129292, 10.911277640999995], [5.383839463, 10.908399044999996], [5.40518874, 10.886390564], [5.380259722, 10.912418130999999], [5.391841989, 10.901115299999995], [5.421651384, 10.918368796999994], [5.379907806, 10.899637662000012], [5.390133107, 10.886204371999979]]}