{"6": [[15.758161858, 1.696495929000002], [15.57941864, 1.6929590529999978], [15.617372499, 1.6948657189999983], [15.783356723, 1.6980385009999979], [15.847880795, 1.6955051230000064], [15.788352792, 1.6977517869999945], [15.827589778, 1.6974845760000015], [15.714575691, 1.6920739510000011], [15.848832898, 1.693813768], [15.687956877, 1.703739739999996]], "11": [[4.6120381, 0.720058554999998], [4.655971511, 0.7190840449999977], [4.644783372, 0.7196699279999988], [4.632877944, 0.719177318999998], [4.629244304, 0.7193404019999997], [4.656982212, 0.7176571039999996], [4.610767267, 0.7203377430000004], [4.644741904, 0.7177068409999983], [4.733159897, 0.7200584929999979], [4.662976772, 0.719636922999999]], "12": [[4.805208916, 0.7193418870000003], [4.793174969, 0.7197416259999997], [4.810584151, 0.7195635279999992], [4.806585655, 0.7190399479999977], [4.80035173, 0.7200208729999995], [4.885462265, 0.7200729849999989], [4.900918998, 0.7193635970000006], [4.803532538, 0.7195021679999986], [4.78664119, 0.7197262270000001], [4.783939757, 0.7199593920000003]], "13": [[9.259656525, 1.6700855309999991], [9.203921394, 1.6693170889999964], [9.422523755, 1.6741937489999985], [9.188212416, 1.665677579000003], [9.182280213, 1.6682661129999992], [9.23470017, 1.6657962779999977], [9.233903177, 1.6647424499999948], [9.176968788, 1.6664579670000013], [9.181744783, 1.6647692400000018], [9.234974731, 1.6678432810000015]], "14": [[11.620516027, 1.6697651500000008], [11.61525006, 1.6723987660000024], [11.72219679, 1.670499858000002], [11.594745974, 1.6703647029999997], [11.619941118, 1.6678238529999971], [11.640862729, 1.6688383549999972], [11.65961847, 1.6700527469999975], [11.540617935, 1.6672343360000017], [11.605588875, 1.6714235659999985], [11.735694303, 1.6680680939999992]], "15": [[9.496030119, 1.6642251639999996], [9.486475651, 1.6720279370000002], [9.44921473, 1.667034099000001], [9.477326301, 1.666669295000001], [9.473718045, 1.6692540030000016], [9.466523234, 1.6682844890000004], [9.4137383, 1.6678683949999962], [9.425449666, 1.6656253339999978], [9.482093308, 1.665519804000005], [9.398046386, 1.6715123360000046]], "17": [[22.503848952, 1.726591236000003], [22.689561953, 1.7215320890000023], [22.518973346, 1.7095318289999972], [22.48105057, 1.7150705359999963], [22.610160633, 1.734421705999996], [22.685755524, 1.7115130599999977], [22.610799869, 1.7226429499999998], [22.552568795, 1.7155616599999988], [22.461700498, 1.7237334240000015], [22.643667096, 1.7234152479999958]], "18": [[22.056888815, 1.7204858349999965], [22.213051458, 1.7213864830000047], [22.105959894, 1.7108242009999999], [22.060541859, 1.7115472590000038], [22.251802644, 1.7355859769999975], [22.041578092, 1.7130998169999991], [22.127503311, 1.7131067590000015], [22.104282764, 1.722491301999999], [22.164715972, 1.7088786079999987], [22.010449847, 1.729386686999997]], "19": [[31.938134, 1.7468346500000005], [32.115060649, 1.738355257], [31.701948144, 1.7368448090000042], [31.77666008, 1.7397495029999983], [31.828350979, 1.744208727000002], [31.644907878, 1.733749727000002], [31.994972256, 1.73118527], [31.851607446, 1.7525628259999952], [32.025684329, 1.743421943], [32.168385368, 1.7467962240000015]], "21": [[10.844648985, 3.494899216000003], [10.80898025, 3.4669506749999996], [10.905118377, 3.560840503999994], [11.034911481, 3.689088069999994], [10.834935288, 3.495369483999999], [10.833432712, 3.484937343999997], [10.825629186, 3.4712404780000075], [10.880104108, 3.5363831239999968], [10.881009026, 3.538210779000003], [10.839376305, 3.486193872000003]], "22": [[7.058146314, 5.189282183000006], [7.044900953, 5.142648506999999], [6.942904493, 5.058392698000001], [7.0581907, 5.169222520999992], [6.917165472, 5.039491878000005], [6.997561409, 5.1120692089999915], [6.990651011, 5.109489428999995], [6.948704856, 5.051446591000003], [6.957638263, 5.054523663999992], [6.975062883, 5.078997187000009]], "23": [[10.618760849, 7.807308868999979], [10.807019167, 7.992242942000011], [10.809265612, 8.009226675999985], [10.619961526, 7.850726622999995], [10.644035072, 7.833454898999985], [10.633922069, 7.829316181000004], [10.589590626, 7.815371289000005], [10.669707994, 7.8713319600000045], [10.64269707, 7.85339412600002], [10.763236718, 7.990149606999999]], "24": [[34.257807347, 11.732225566999983], [33.980200785, 11.599040547999993], [34.196377351, 11.707368977000002], [34.102493717, 11.676740721000007], [34.28539013, 11.767605002999996], [34.111194617, 11.654080467000032], [34.327655832, 11.759667248000019], [34.0530277, 11.590542562000016], [34.14661842, 11.693950948999992], [34.215895704, 11.738246574999998]], "26": [[6.989423683, 1.6695655829999994], [6.941716822, 1.665816743999998], [6.974936559, 1.6708308350000016], [7.010468583, 1.6715673030000018], [6.942783699, 1.667645536000002], [7.056256614, 1.669562715999999], [7.030466234, 1.6738623810000002], [7.075622861, 1.6698026470000005], [7.071075005, 1.669688869000006], [7.013873862, 1.6691478620000015]], "27": [[7.142404421, 1.6668625200000002], [7.11111256, 1.6679258479999954], [7.093551553, 1.6657403439999996], [7.141946784, 1.6757868810000018], [7.171065242, 1.6659750369999986], [7.242446721, 1.6723465550000012], [7.163089878, 1.6737418570000013], [7.263208749, 1.6680634819999989], [7.125957769, 1.670767381999998], [7.135652498, 1.6693734259999982]], "29": [[115.923524114, 3.2636184740000056], [117.700310959, 3.2642066029999977], [115.917061276, 3.276411801], [115.773659145, 3.2773218760000042], [116.282437071, 3.275066233000002], [116.256789922, 3.286195511000003], [116.040604606, 3.2748227990000007], [115.877317976, 3.2898973670000027], [116.029016482, 3.2793416900000065], [116.728636275, 3.273432510000001]], "31": [[8.461713538, 1.6527238039999987], [8.368620848, 1.6545789169999991], [8.466842906, 1.6585416080000044], [8.309420922, 1.6542658499999978], [8.356724051, 1.661850678999999], [8.355138556, 1.6586739049999986], [8.364632085, 1.6533953850000036], [8.418329912, 1.6530514290000005], [8.556254181, 1.658215164000002], [8.451440458, 1.657448147999997]], "32": [[9.405900454, 1.664366046000003], [9.516671849, 1.6592893679999998], [9.520355846, 1.6540987920000032], [9.462057381, 1.6580460759999989], [9.382348477, 1.6552545050000043], [9.491106089, 1.6583362600000005], [9.358256727, 1.6517312440000036], [9.34352614, 1.6534583869999997], [9.468527834, 1.6556419660000021], [9.402522075, 1.6571529990000007]], "33": [[32.259037413, 0.09288552299999991], [32.157632702, 0.09286889900000003], [32.265212476, 0.09283904399999997], [32.02527712, 0.09265475000000022], [32.40726125, 0.09319143599999984], [32.014217985, 0.09300828099999983], [31.957150161, 0.09282799899999988], [32.264193832, 0.09283635299999998], [32.28175686, 0.09321734999999999], [32.204185714, 0.09293634399999996]], "34": [[27.991668011, 3.9045161960000057], [27.973864313, 3.9110213330000114], [28.115571533, 3.9085814389999927], [28.079866046, 3.91932410999999], [28.19827852, 3.9227115359999916], [28.153228514, 3.927686062000006], [28.151542332, 3.925062350000001], [28.225569995, 3.9104015309999913], [27.833721296, 3.8949763510000013], [27.863643808, 3.902480818999998]], "37": [[5.335397655, 3.5871146020000015], [5.593712128, 3.873117654000001], [5.32272959, 3.60867987299999], [5.285600957, 3.562537090000002], [5.30540163, 3.6008543819999885], [5.394877897, 3.680701151999994], [5.263466585, 3.5589512530000027], [5.367741065, 3.6603095409999984], [5.281226641, 3.561654028000002], [5.285898402, 3.5657230829999995]], "38": [[4.552911717, 2.9234885250000016], [4.734609075, 3.1529926260000023], [4.558204839, 2.9777155599999965], [4.53366618, 2.921580255000002], [4.754784169, 3.1648794180000017], [4.684990417, 3.096686483000002], [4.652432845, 3.0343285100000084], [4.566080595, 2.9667194299999986], [4.877832767, 3.2955879100000027], [4.576704695, 2.9470636579999976]],