{"6": [[8.397353286, 1.7183658879999997], [8.535514203, 1.7175056879999993], [8.465833086, 1.7186457080000004], [8.506733073, 1.7189433179999987], [8.476933332, 1.7148493760000019], [8.494014889, 1.7186315090000006], [8.519203883, 1.719172721], [8.481630603, 1.7168738130000023], [8.490422945, 1.7182774700000008], [8.440324654, 1.7139146920000001]], "11": [[2.420766414, 0.7191270480000007], [2.434244876, 0.7204421750000005], [2.411412326, 0.717833454], [2.46060613, 0.7187354640000004], [2.42070258, 0.7187978909999995], [2.42689226, 0.7181779639999999], [2.449727403, 0.7188448300000002], [2.447108777, 0.718861054], [2.448852706, 0.719286982000001], [2.42767759, 0.718029069]], "12": [[2.531244125, 0.7179745360000004], [2.537608784, 0.7196245889999989], [2.533828924, 0.7185407669999999], [2.51676542, 0.7186044460000006], [2.525953767, 0.7191263129999995], [2.517362122, 0.7176003099999986], [2.551061192, 0.718743987999999], [2.558987934, 0.7199680809999994], [2.511144921, 0.7181852420000006], [2.546794989, 0.7186467969999999]], "13": [[5.026937758, 1.6872957920000011], [5.055264973, 1.6860422919999989], [5.090596856, 1.6899483820000007], [5.079631653, 1.6874943610000013], [5.057562535, 1.6849647379999988], [5.038545003, 1.6866656009999998], [5.05842901, 1.6855420869999986], [5.067111116, 1.692626614], [5.081176648, 1.6852005859999981], [5.096712396, 1.6864341940000007]], "14": [[6.764222764, 1.6890277729999994], [6.74181793, 1.688545645], [6.770232945, 1.6879700620000002], [6.801105097, 1.6864505810000006], [6.842392253, 1.685978298], [6.816308783, 1.6916793790000004], [6.820083233, 1.6854738029999972], [6.769864088, 1.689854770999999], [6.831925996, 1.6859145140000011], [6.861808757, 1.6937724289999991]], "15": [[5.180999537, 1.6846631939999985], [5.252212181, 1.684648318999999], [5.215740226, 1.6864785029999994], [5.221434213, 1.6875060559999988], [5.239791026, 1.6881556100000006], [5.259512068, 1.6914388509999987], [5.218107795, 1.6884498110000004], [5.19301253, 1.6860399490000033], [5.188204245, 1.6863594580000025], [5.257850273, 1.684863055000001]], "17": [[12.05172775, 1.732389742], [12.118957647, 1.7353555019999996], [12.0974607, 1.7333621920000017], [12.122231438, 1.731577756000001], [12.092505653, 1.7426803659999996], [12.10832313, 1.7394448299999994], [12.090684234, 1.7289715780000008], [12.137592355, 1.7341309650000025], [12.188966803, 1.734697166000001], [12.062159237, 1.735326873999998]], "18": [[11.798610606, 1.733521684000002], [11.765749936, 1.7358459760000002], [11.820876696, 1.7359908359999987], [11.858637965, 1.7400227890000002], [11.810182365, 1.7449502159999983], [11.815899611, 1.7407839099999993], [11.77027741, 1.728767936999998], [11.824761238, 1.7313116539999998], [11.812093841, 1.737043354000001], [11.801679292, 1.7295003789999972]], "19": [[17.07820832, 1.7780406510000002], [17.088493955, 1.7748384310000016], [17.092847484, 1.7784980659999996], [16.987364812, 1.772990508], [17.068763431, 1.7833071379999987], [16.934341559, 1.776392654999999], [17.01739622, 1.7858772350000012], [17.03656909, 1.7923077109999994], [16.950036147, 1.7655556159999994], [16.976818384, 1.7706991340000022]], "21": [[5.561440112, 3.612016208000001], [5.541831075, 3.5682194900000055], [5.57538196, 3.6382746129999974], [5.531369323, 3.556867892000006], [5.544695127, 3.5820900570000065], [5.535514038, 3.5663721210000006], [5.508708236, 3.5052570370000002], [5.534990472, 3.5779928599999944], [5.520541219, 3.522680036000004], [5.536713157, 3.5784656230000027]], "22": [[3.527004514, 5.115089620000003], [3.542158486, 5.179379027999999], [3.532293964, 5.131181802999999], [3.551079394, 5.200724159000002], [3.505668982, 5.10833752600001], [3.572398896, 5.240137308000003], [3.542884414, 5.150438218000008], [3.530464805, 5.157571009000003], [3.507401399, 5.117536403000001], [3.529852558, 5.150969469000003]], "23": [[5.397969758, 8.015544558999995], [5.43341548, 8.097263744000006], [5.373498488, 7.982851609999986], [5.380268844, 8.00351780499999], [5.370946034, 7.954005490000005], [5.418147297, 8.080945810999989], [5.413517733, 8.066379132000002], [5.363840617, 7.953997266999999], [5.363769836, 7.960646615000006], [5.400308369, 8.022599203999997]], "24": [[17.170665535, 11.76317908699999], [17.232952161, 11.938815015999996], [17.254176103, 11.852845245999998], [17.196876088, 11.845354909000008], [17.242894467, 11.802894168], [17.210406829, 11.794308216000015], [17.272248172, 11.763676957000012], [17.182625971, 11.800317618999994], [17.417143561, 12.089701193999996], [17.17737381, 11.798612114999996]], "26": [[3.664090052, 1.6881466529999987], [3.679430722, 1.6858624680000005], [3.651840994, 1.6827981709999997], [3.663872575, 1.6875249909999999], [3.664761698, 1.6921208400000005], [3.649338171, 1.684845473999998], [3.700873537, 1.6856719490000014], [3.659825192, 1.6879738450000006], [3.674475345, 1.6917180559999987], [3.650242404, 1.6835927719999995]], "27": [[3.738364121, 1.6875107710000001], [3.761784459, 1.6878492870000004], [3.761424037, 1.6865797549999995], [3.813905494, 1.6909866360000008], [3.755927453, 1.6830547], [3.738590568, 1.6866420679999996], [3.765022029, 1.686889751999999], [3.728520593, 1.6870370799999985], [3.783079958, 1.6875486919999994], [3.727925764, 1.6853254380000013]], "29": [[52.650648258, 3.3265109030000044], [52.551780977, 3.339225032000003], [52.646521023, 3.3306287690000023], [53.05344661, 3.3254459890000048], [52.617487345, 3.3456352389999986], [52.709571478, 3.330800072], [52.707788663, 3.3343560299999995], [52.639349959, 3.3309672929999987], [52.687233782, 3.326694643999999], [52.745076696, 3.328444987000002]], "31": [[4.631711705, 1.6701893900000009], [4.620809214, 1.6755638889999993], [4.59025084, 1.6718991989999998], [4.628434203, 1.6740082719999994], [4.59220515, 1.6733482069999992], [4.616756906, 1.6723681209999985], [4.63870896, 1.6762008430000017], [4.664788064, 1.6771442079999996], [4.593904602, 1.6716934479999979], [4.574115515, 1.6691085830000016]], "32": [[5.30027479, 1.6689961330000007], [5.385770265, 1.675389844000001], [5.325378247, 1.6720618490000008], [5.345985832, 1.6755603089999989], [5.350670153, 1.672514300000001], [5.341630697, 1.671895501999999], [5.332356168, 1.6751807170000022], [5.392705405, 1.674231432000001], [5.322503534, 1.6668062350000015], [5.324014545, 1.670740762999999]], "33": [[21.537755373, 0.09444105499999969], [21.431742881, 0.09614218599999974], [21.776721992, 0.09489185000000008], [21.48318768, 0.09583238100000001], [21.439119857, 0.09492193499999992], [21.59795121, 0.09550999700000004], [21.39679789, 0.095931536], [21.710515518, 0.09542812000000012], [21.386437472, 0.09589926400000003], [21.774260976, 0.09497092999999995]], "34": [[15.419867514, 3.971501979000006], [15.306798788, 3.9827701479999966], [15.30910989, 3.9714338209999993], [15.251023561, 3.962771352000002], [15.29978255, 3.9757551100000006], [15.194132851, 3.9476660869999987], [15.46653581, 3.9892078359999923], [15.378991993, 3.9694039880000043], [15.241101986, 3.941385887], [15.408152913, 3.959815844000002]], "37": [[2.728016691, 3.6915930080000026], [2.74883794, 3.7456223830000037], [2.694835722, 3.630642374000001], [2.743169321, 3.712912651999999], [2.70611739, 3.646951274999998], [2.724364351, 3.703004099000002], [2.691786326, 3.624962713000002], [2.763214678, 3.758383919000001], [2.709124466, 3.6469667109999997], [2.736511677, 3.7185117240000025]], "38": [[2.294265112, 2.983537525999996], [2.322533137, 3.0197549180000016], [2.296714272, 2.9791028660000034], [2.281355281, 2.967321341000006], [2.353420509, 3.091239176999998], [2.457450659, 3.3133815130000013], [2.283845211, 2.9715411770000006], [2.287931336, 2.9654500400000012], [2.377216015, 3.1539343250000025], [2.288709043, 2.9808749759999955]],