{"6": [[2.071781089, 1.733601209], [2.016651699, 1.7334231830000002], [2.05940243, 1.7316450959999998], [2.030925525, 1.736670511], [2.060155433, 1.7325066700000002], [2.038978736, 1.7346460289999999], [2.040570048, 1.7335643639999998], [2.070328285, 1.733336013], [2.072571031, 1.7355119429999997], [2.078238557, 1.7308774429999998]], "11": [[0.373200241, 0.723392056], [0.374816728, 0.723233813], [0.375765064, 0.727023194], [0.373836984, 0.7216227080000002], [0.373540607, 0.72139592], [0.373362324, 0.7227233130000001], [0.374156502, 0.723490567], [0.371271405, 0.7276296369999999], [0.375587323, 0.72966708], [0.375001061, 0.7234674289999999]], "12": [[0.390388656, 0.721897734], [0.387042105, 0.7237628559999998], [0.387360814, 0.7216985570000001], [0.388143631, 0.723523248], [0.389418141, 0.723794312], [0.389206604, 0.7235595989999999], [0.386231965, 0.723997226], [0.387860016, 0.722859312], [0.392978569, 0.7405084840000001], [0.386787216, 0.7223232800000001]], "13": [[0.781817028, 1.700355873], [0.781029515, 1.6954596150000003], [0.783590195, 1.6972091210000002], [0.783522198, 1.6991128699999998], [0.779342269, 1.695415509], [0.778903437, 1.7018506860000002], [0.784853412, 1.6943714319999996], [0.79022487, 1.698840111], [0.777868343, 1.6958707359999998], [0.779766128, 1.697933061]], "14": [[0.971077358, 1.700215742], [0.965367051, 1.696797696], [0.960523666, 1.701642126], [0.96205961, 1.6964438809999998], [0.963848939, 1.6972381600000002], [0.970126631, 1.6954036879999999], [0.964880622, 1.698336414], [0.966851285, 1.6973270939999998], [0.962590701, 1.697584037], [0.970039488, 1.697178739]], "15": [[0.797729119, 1.70559685], [0.798446027, 1.694531491], [0.79970273, 1.702540712], [0.801639094, 1.69490838], [0.800664996, 1.6934965910000002], [0.802914413, 1.701352082], [0.804205569, 1.698342905], [0.807103103, 1.695751169], [0.798099335, 1.6961349110000001], [0.797165735, 1.6997267800000002]], "17": [[2.387073264, 1.744856649], [2.392683973, 1.7498669019999997], [2.395910692, 1.7473930269999998], [2.376120463, 1.7480482899999998], [2.395467956, 1.746482486], [2.375427404, 1.7487110160000001], [2.379241182, 1.7466608339999998], [2.374620832, 1.751980963], [2.376291236, 1.746285913], [2.38444251, 1.74784271]], "18": [[2.341098613, 1.7468516229999997], [2.369856818, 1.74909612], [2.36855067, 1.7514431210000003], [2.365364519, 1.748376866], [2.34051102, 1.74763881], [2.34898716, 1.746459031], [2.366394285, 1.7479979610000005], [2.362989967, 1.7481959730000003], [2.363177671, 1.7499054600000004], [2.364465797, 1.750337828]], "19": [[2.838828215, 1.781297374], [2.821914439, 1.7740939990000004], [2.840862794, 1.777666679], [2.887659157, 1.7744613710000001], [2.840946829, 1.777942828], [2.830695024, 1.7758330559999997], [2.856105867, 1.7735175440000004], [2.81924558, 1.7744723650000003], [2.845058927, 1.7787727869999999], [2.856834825, 1.7810470289999998]], "21": [[0.751223951, 3.5477590690000005], [0.758550509, 3.5902013439999996], [0.755395081, 3.625947817], [0.750124641, 3.573506034], [0.75082083, 3.578015073], [0.754845318, 3.629044022000001], [0.750716089, 3.5654612940000003], [0.754782847, 3.5843748360000003], [0.749695151, 3.5733300540000004], [0.750825559, 3.573354170999999]], "22": [[0.501839003, 5.192212604000002], [0.503704851, 5.208733571], [0.505619164, 5.2305137859999995], [0.497845451, 5.195355106999999], [0.498925731, 5.182151666999999], [0.51502279, 5.226825976], [0.502975187, 5.202994942999999], [0.496828754, 5.167867227], [0.501308428, 5.159214059999999], [0.500119168, 5.184978729]], "23": [[0.736982882, 8.083358950000001], [0.740152598, 8.067359733], [0.732697542, 8.030648113000002], [0.734732672, 8.043922386], [0.738766788, 8.039802776], [0.743285283, 8.101283611], [0.732882781, 8.047704497], [0.73965421, 8.0741268], [0.739319108, 8.13196728], [0.732915987, 8.020819529999997]], "24": [[2.248789559, 11.950953645], [2.251344636, 11.947703803000001], [2.244967079, 11.971015065000001], [2.252142571, 11.901777970000001], [2.266710912, 12.009902243], [2.276221018, 12.026271047999998], [2.252412318, 11.989680925], [2.253597547, 11.943109562999998], [2.244021978, 12.020924256999995], [2.259763097, 11.996085450999999]], "26": [[0.619408398, 1.698581127], [0.609391101, 1.705119353], [0.609357482, 1.6976059900000002], [0.609588987, 1.700344519], [0.607873932, 1.7043713090000001], [0.611479452, 1.70072715], [0.612941782, 1.703849682], [0.610777147, 1.698564365], [0.608443762, 1.6972342940000003], [0.614264008, 1.696882734]], "27": [[0.620667701, 1.6968478419999995], [0.61983268, 1.699616868], [0.620694042, 1.6975438630000004], [0.620692891, 1.6955467229999999], [0.623960227, 1.698152666], [0.6213691, 1.6987181199999999], [0.620079004, 1.6975734869999997], [0.617786136, 1.699818841], [0.621912666, 1.694264301], [0.61837584, 1.698924285]], "29": [[8.04008165, 3.372523222], [8.084610946, 3.363382271], [7.99203112, 3.372952196], [8.080197588, 3.3900605620000004], [8.02330623, 3.3853826630000006], [7.991802184, 3.355930152999999], [7.9804176, 3.370463159], [8.060006253, 3.372972007], [8.014176058, 3.37325959], [8.006490707, 3.3692083219999995]], "31": [[0.70258631, 1.6880677739999999], [0.699767123, 1.688080357], [0.695365322, 1.683552982], [0.700853995, 1.686055815], [0.700625417, 1.687401297], [0.698853738, 1.6812932090000001], [0.696649064, 1.6857055390000002], [0.702755399, 1.686806402], [0.699507415, 1.6846830760000002], [0.698302023, 1.6812696420000002]], "32": [[0.745134065, 1.684506595], [0.744796026, 1.6811786290000001], [0.74155669, 1.6789224790000001], [0.744166385, 1.681822509], [0.742704083, 1.684877476], [0.745208912, 1.6872534049999999], [0.743111902, 1.6774931589999997], [0.746135001, 1.6898296289999997], [0.74290616, 1.6828332740000003], [0.743260813, 1.6868941249999998]], "33": [[2.951855793, 0.096058286], [2.975480965, 0.099536722], [2.970565713, 0.09582161800000003], [2.957093726, 0.09556304500000001], [3.006191513, 0.097475102], [2.977342272, 0.09613472399999999], [2.969181978, 0.095617711], [2.979565766, 0.09894800599999998], [2.975746119, 0.09764166699999999], [2.967765272, 0.09638981800000002]], "34": [[2.856387115, 3.9825195750000004], [2.872104598, 3.9839191009999997], [2.888960321, 3.9708813989999996], [2.909306472, 3.9733423199999995], [2.89573837, 3.9791983500000008], [2.876918523, 3.9730405129999995], [2.860723526, 3.9731962390000004], [2.867244341, 3.9671875960000005], [2.88073582, 3.9871078059999996], [2.862879116, 3.976379573000001]], "37": [[0.398385014, 3.6953624719999993], [0.398519392, 3.698037324], [0.397344831, 3.689728276], [0.398720064, 3.7031601609999996], [0.400983963, 3.7208479429999994], [0.398153125, 3.6799322299999995], [0.39988356, 3.719044229], [0.397833327, 3.6925469769999992], [0.39680354, 3.668941945000001], [0.394914247, 3.657230009000001]], "38": [[0.337004214, 3.013219089], [0.339181249, 3.0539836900000004], [0.336490176, 3.0480733659999997], [0.334743388, 3.000791644], [0.338247986, 3.0168619709999995], [0.339549664, 3.0474681429999997], [0.337376448, 3.0551037169999997], [0.329287967, 3.035080172], [0.336171987, 3.030781462], [0.330166544, 3.036710909999999]], "39": [[0.348915428, 3.6259152649999997], [0.347704699, 3.6498455569999995], [0.349927671, 3.6660420169999997], [0.349488488, 3.681150629], [0.350202409, 3.6414572899999995], [0.350446367, 3.6325887539999995], [0.344915858, 3.6705762019999995], [0.343437551, 3.6371736649999997], [0.355272067, 3.6620998340000006], [0.352944172, 3.683823896]], "40": [[0.614073932, 6.852157699], [0.619964224, 6.884632708000002], [0.617268032, 6.885839936], [0.608143319, 6.919301614], [0.609763002, 6.942649694], [0.622152886, 6.955872066000001], [0.622965412, 7.030922934999999], [0.605909186, 6.878300014000001], [0.61786977, 6.937234847], [0.609818881, 6.921336454000002]]}