{"1": [[20.686540456, 15.482963082000039], [20.752753621, 15.466260199000015], [20.689485448, 15.444895952000051], [20.723505571, 15.464176550000056], [20.725512866, 15.478774684999856], [20.703606447, 15.460302097999925], [20.743522355, 15.467297969000022], [20.702805291, 15.479077364000004], [20.661144003, 15.472233045999891], [20.698459962, 15.49092967899997]], "3": [[13.107249496, 11.534529035999835], [13.109717086, 11.55649091300007], [13.100123949, 11.544074931999992], [13.106139539, 11.558081369999975], [13.093560253, 11.544682270000067], [13.082997806, 11.551266218999947], [13.091168345, 11.545755633999834], [13.086973755, 11.551457698000075], [13.085277491, 11.538094266999936], [13.089808668, 11.543629377000055]], "4": [[9.374206412, 7.2234965860000235], [9.337353709, 7.21635123], [9.336427865, 7.214362824000061], [9.329422738, 7.216613648999989], [9.342545086, 7.2120622600000495], [9.353356538, 7.238076048999994], [9.344026281, 7.231857231000039], [9.344653992, 7.219570286000014], [9.331085702, 7.2171245170000216], [9.350965682, 7.238485692999903]], "5": [[12.780178995, 10.78767836200013], [12.797546472, 10.796054837000124], [12.834371709, 10.801617937999957], [12.802494301, 10.789404153999993], [12.801542624, 10.797705730000008], [12.807414393, 10.792509874999942], [12.822826656, 10.795769532000165], [12.828237079, 10.800657310999906], [12.843745963, 10.791113466999914], [12.851904799, 10.788128209000087]], "6": [[14.472571, 14.418077212000004], [14.454436113, 14.399551426999901], [14.467361326, 14.41190349499995], [14.468958264, 14.414864572999988], [14.495851008, 14.439350854999939], [14.46892207, 14.414375579000057], [14.49592377, 14.441542636000039], [14.478233444, 14.423613967000167], [14.478460981, 14.423450062999887], [14.508432574, 14.453287556999987]], "7": [[16.538780913, 14.90916638999997], [16.477949355, 14.89011018899997], [16.501712303, 14.900433469000056], [16.499821903, 14.90823906499999], [16.509637816, 14.893073505999899], [16.511659331, 14.909022906999956], [16.504876369, 14.906125595000082], [16.487061688, 14.909086736999967], [16.489706558, 14.901190524000071], [16.475258084, 14.895526922000046]], "8": [[15.969668762, 13.770809594999998], [15.978963068, 13.775584765000094], [15.978053891, 13.781428960999985], [15.971851201, 13.776028808000083], [16.063469168, 13.831803799999902], [15.959971001, 13.763801495000003], [15.973753352, 13.772010666000112], [15.973528158, 13.770119389999987], [15.965821773, 13.756467708000065], [15.965732954, 13.777224686000023]], "9": [[24.56528173, 16.818334961999906], [24.497331242, 16.812750150999815], [24.584564924, 16.83704754900017], [24.540828146, 16.83783626300011], [24.541171617, 16.827008446000093], [24.46727306, 16.78985464900015], [24.568944944, 16.85017834200003], [24.568607579, 16.84143849299997], [24.491044923, 16.835995727000086], [24.502435818, 16.832152032999794]], "10": [[13.64587476, 11.267885172999964], [13.683111703, 11.27590193899994], [13.683948365, 11.277289356000011], [13.651451573, 11.282038322], [13.624588127, 11.250071758999947], [13.638690166, 11.269161442000058], [13.667344824, 11.284933643000103], [13.633924091, 11.26760837000007], [13.623338457, 11.259569302999992], [13.646613842, 11.260898269000096]], "12": [[13.843825866, 12.903452684000007], [13.853746904, 12.907582616999962], [13.888546679, 12.932971895999936], [13.86061021, 12.90410979300006], [13.856289429, 12.910369968000085], [13.859062032, 12.908527666000053], [13.850776217, 12.914668902999981], [13.866262555, 12.914600069999931], [13.876042788, 12.920551411000142], [13.860800867, 12.912531109000156]], "14": [[13.724850919, 12.990793833000149], [13.729840304, 12.9988222439999], [13.716139814, 12.970353665000058], [13.715020607, 12.979929313000024], [13.696170487, 12.966713093000056], [13.807236511, 12.994352556999988], [13.710544396, 12.975384147000026], [13.727447059, 12.987943486999969], [13.732813714, 12.99304403100011], [13.714101666, 12.983526364999866]], "15": [[12.263342913, 12.0142250729999], [12.255526693, 12.008031399999979], [12.264766751, 12.01608569700002], [12.264925883, 12.017490522999841], [12.252161884, 12.00616558400003], [12.263113907, 12.015796933000006], [12.268385914, 12.019435717999938], [12.255967073, 12.008597707999987], [12.254551354, 12.006660332999942], [12.260057743, 12.015117923]], "17": [[19.036908309, 16.060339401000086], [19.018246007, 16.056257155999997], [19.039053467, 16.06531366899984], [19.046457736, 16.085317762999985], [19.021318077, 16.047894937000038], [18.98968599, 16.04327924800001], [18.983444104, 16.049793405], [19.022941191, 16.072573862999942], [19.083887388, 16.094961080999962], [18.996834394, 16.060059068999973]], "18": [[16.00476068, 8.308651032000007], [16.035541088, 8.316586920000024], [16.028592471, 8.311787916999963], [16.023946248, 8.325482908000055], [15.965890146, 8.293345943000045], [15.992185817, 8.306272112999967], [16.003654951, 8.311856327000072], [16.047388813, 8.306356167999954], [16.035865092, 8.317481694999998], [16.027987929, 8.306974419000014]], "19": [[19.169346055, 17.848793808999933], [19.130112923, 17.79454525500004], [19.10436642, 17.77897020999991], [19.104247521, 17.782083819999862], [19.086657184, 17.762920005000144], [19.09584803, 17.766818380000032], [19.158001252, 17.826997943999988], [19.099455029, 17.77734594000011], [19.160688675, 17.83499388400005], [19.092154339, 17.764116803999993]], "20": [[14.249860325, 13.345088728999958], [14.284542324, 13.345970982000074], [14.252990725, 13.338449773000145], [14.245011537, 13.336780680999972], [14.274855277, 13.36199334400008], [14.233080952, 13.334771175000101], [14.255569946, 13.351198275999927], [14.238199797, 13.331754698000168], [14.404387402, 13.351358727999987], [14.245204521, 13.33751661799997]], "21": [[34.188448051, 24.119856697999808], [34.21831509, 24.10508195000014], [34.128293342, 24.10963060500008], [34.199170027, 24.112391935999824], [34.24155919, 24.129301634000118], [34.149689203, 24.12255586499994], [34.16462315, 24.10324685999999], [34.12717647, 24.107052908], [34.110307583, 24.10262948700013], [34.114651811, 24.088458685000006]]}