{"6": [[19.462084783, 6.353850581000001], [19.560917697, 6.36128106499999], [19.519498814, 6.351140533999995], [19.45417732, 6.358903245000004], [19.518702692, 6.372318639000009], [19.54713705, 6.3529305570000165], [19.71186068, 6.3778484679999945], [19.450692502, 6.357370198999998], [19.368258922, 6.346235456000009], [19.396683057, 6.364361305999992]], "11": [[5.964393321, 2.2547421349999976], [6.193156761, 2.2504778039999964], [5.973167405, 2.252513727000009], [5.970994364, 2.252588972999998], [5.950359625, 2.252755213000005], [5.967513717, 2.2527578699999964], [5.950150669, 2.2503201800000006], [5.976307274, 2.2544238769999962], [5.964652723, 2.254140029000011], [5.974624507, 2.2534888690000017]], "12": [[6.117096538, 2.2527339590000004], [6.125676139, 2.2548903080000033], [6.132499938, 2.253196170999997], [6.11368524, 2.2552744279999994], [6.2565768, 2.257989007000007], [6.278325062, 2.251792520999998], [6.107024202, 2.2527953040000015], [6.239614182, 2.2539671300000057], [6.138484252, 2.2564720529999964], [6.110355819, 2.248780782000001]], "13": [[13.747405974, 6.419257783000015], [13.68351771, 6.419004228999999], [13.680649834, 6.41330514899998], [13.657054591, 6.414595095999997], [13.646120183, 6.42693652399999], [13.83354024, 6.4361929920000005], [13.641415615, 6.416634644000002], [13.755665575, 6.417331012], [13.662581341, 6.415900808], [13.652669564, 6.421936885000001]], "14": [[16.097846715, 6.424045684000003], [16.12719451, 6.4125316569999855], [16.171741161, 6.416037322999999], [16.003313406, 6.420202408000003], [15.996168086, 6.4121742509999935], [16.211788231, 6.404968617999989], [16.027265505, 6.414711687000006], [16.118436779, 6.414587230000005], [16.01406364, 6.414331444000002], [15.98858771, 6.42136684100001]], "15": [[13.896942117, 6.411985061999996], [13.922999454, 6.419128133999982], [13.856386589, 6.405123780000002], [13.902617079, 6.412999340999993], [13.841527306, 6.409096421999999], [13.89950787, 6.4189594680000015], [13.928967839, 6.415870457999979], [13.818457522, 6.410406628000007], [13.817501858, 6.4142750089999865], [14.043792007, 6.410182074000014]], "17": [[26.422407255, 6.418264078000005], [26.572488681, 6.41402945300002], [26.755784327, 6.410767218000008], [26.436972519, 6.452732972], [26.367162549, 6.443143736999998], [26.369670317, 6.4330228029999965], [26.488437808, 6.432859412000003], [26.20668656, 6.449169539000002], [26.251562615, 6.414772906000002], [26.382097666, 6.4213560960000065]], "18": [[25.801299545, 6.4292261920000024], [25.773997934, 6.422550001999985], [25.826348919, 6.421735198000002], [25.903324401, 6.455943574999987], [26.00813315, 6.433958899999994], [25.855083353, 6.405433127000028], [25.687394739, 6.416139532999994], [25.836580992, 6.433028892999992], [26.048443844, 6.437488351999998], [25.880030844, 6.438884812000001]], "19": [[35.862160965, 6.433662959999987], [35.760115049, 6.442502715999995], [35.816043255, 6.446051169999999], [35.67530077, 6.457120379000004], [36.020404872, 6.438016867000005], [35.825290046, 6.422061973999993], [35.525116312, 6.473795424999996], [35.814712665, 6.453674476999993], [35.603972221, 6.471000353000005], [35.727762723, 6.408554197999999]], "21": [[33.029735126, 26.008060473999976], [32.985786843, 25.95992276000005], [33.038113827, 26.026463410000073], [33.065738633, 26.053122616000003], [33.038016212, 26.019758973], [33.060948766, 26.03408066500004], [33.081578588, 26.075287072000027], [33.080476173, 26.051329991000017], [32.966334704, 25.964273109999993], [33.073079042, 26.074905495000042]], "22": [[32.124054109, 30.446043991999943], [32.153699636, 30.45852522899999], [32.171370418, 30.47234614299994], [32.210880584, 30.49813101100002], [32.243607561, 30.551940708000014], [32.234541549, 30.541018762999954], [32.27564363, 30.58486477600006], [32.231039407, 30.530097286999926], [32.203681592, 30.49921730099996], [32.310865337, 30.598691313999993]], "23": [[50.226152274, 47.6346247300001], [50.335949113, 47.73371509699986], [50.208532713, 47.61147534999996], [50.325950598, 47.71765992399993], [50.386522957, 47.76050152700006], [50.361613026, 47.74368013800009], [50.133263356, 47.52501413200001], [50.180522356, 47.56160611000005], [50.258336626, 47.65266831500013], [50.107691855, 47.517847813]], "24": [[91.652321652, 69.42590837100006], [91.565863259, 69.42940057699988], [91.497935885, 69.33084780799989], [91.541006142, 69.34131828400014], [91.510629089, 69.31104611899997], [91.697184209, 69.50401708900016], [91.729851279, 69.5314090379998], [91.551216602, 69.35365722], [91.640181031, 69.4296976700002], [91.543526022, 69.32844681500002]], "26": [[11.392373371, 6.421289719000007], [11.361593305, 6.417974907000012], [11.360903956, 6.4170638340000075], [11.482304265, 6.420060240000002], [11.345024482, 6.416576121999997], [11.297506105, 6.406541641000003], [11.359084999, 6.410317478000005], [11.373797307, 6.422039400999996], [11.348512999, 6.417065181000009], [11.542200305, 6.421293896000011]], "27": [[11.612831435, 6.415190407000006], [11.624943299, 6.410902865000015], [11.505749495, 6.419587403999992], [11.501615723, 6.430523459000007], [11.494780721, 6.414621727], [11.518282753, 6.41763088], [11.526211307, 6.417582977999997], [11.524742464, 6.418511905999987], [11.5001323, 6.415380853000012], [11.499269126, 6.404975425999995]], "29": [[134.9242794, 24.031591736999935], [136.404809274, 24.013410348000033], [135.178576777, 23.984877499000046], [134.786062638, 23.998915992000008], [135.837608847, 24.021445934000003], [135.258854841, 24.05040539400001], [134.591902221, 23.979196003999967], [135.224695505, 24.04536478600003], [134.747959522, 23.997938856999944], [135.865876924, 24.034162052999967]], "31": [[12.72460606, 6.25108006900001], [12.770053868, 6.25424756600001], [12.834680064, 6.257105493000008], [12.671274122, 6.253217504], [12.695161507, 6.255004169000001], [12.727823195, 6.253803718000005], [12.633169888, 6.249614054000008], [12.671576518, 6.253024411999995], [12.84163417, 6.255319166999984], [12.617471175, 6.248476188999999]], "32": [[13.687757476, 6.251701085000003], [13.709361765, 6.255727297000009], [13.956441413, 6.253409947000003], [13.865060352, 6.254609460999994], [13.721823079, 6.252736975000015], [13.804018786, 6.261417836999993], [13.883330674, 6.257839407000008], [13.69903186, 6.257667229000019], [13.779404641, 6.254950074], [13.687591198, 6.250547986999983]], "33": [[33.743427201, 1.7342967759999994], [33.65955151, 1.7369209009999986], [33.832566303, 1.7342334750000055], [33.926994514, 1.7342764019999986], [33.747206607, 1.7352418310000004], [33.895238011, 1.7349890419999991], [33.334830189, 1.7353725169999996], [33.686350636, 1.7346766270000025], [33.537191133, 1.736669811999996], [33.711808679, 1.7327871529999996]], "34": [[49.517776314, 26.943163797000036], [49.389630218, 26.886275062000077], [49.385376129, 26.885925519000033], [49.307540373, 26.85234218600006], [49.38617706, 26.89303219199997], [49.753688975, 26.883377175000053], [49.33777069, 26.859499025999934], [49.154933926, 26.87382137499999], [49.389727572, 26.89729205399998], [49.303915685, 26.858288445000067]], "37": [[27.726771431, 26.11107649000003], [27.713036903, 26.12099110900003], [27.7542007, 26.13618051700011], [27.720826671, 26.10777151600003], [27.601051697, 26.005410930000007], [27.628713435, 26.033176150999896], [27.662129723, 26.060905036000037], [27.619169934, 26.031701172999977], [27.713360451, 26.123693615000033], [27.575506448, 25.998690406999913]], "38": [[20.278844048, 18.807655395], [20.288213637, 18.808483846000044], [20.283903357, 18.821945], [20.301253902, 18.82043965100002], [20.264917929, 18.817922287000027], [20.316060828, 18.83529633900001], [20.26415327, 18.820118049999987], [20.296877284, 18.822724201000035], [20.283249255, 18.82936045099995], [20.285860899, 18.82697765499998]],