{"1": [[15.837096237, 10.619522134000068], [15.875764099, 10.61024308700006], [15.872918388, 10.630415144999992], [15.906188291, 10.64778431499993], [15.855594916, 10.629962993999971], [15.871583162, 10.616222888999994], [15.857023887, 10.630387374999918], [15.854281232, 10.664621064000139], [15.923330771, 10.617783057000059], [15.868314682, 10.616788942000092]], "3": [[8.752527962, 7.168227024000022], [8.76225981, 7.1720528130000085], [8.722966947, 7.1710056280000245], [8.720653942, 7.17624807399997], [8.701296367, 7.155101061999989], [8.718629447, 7.170214863999988], [8.718810294, 7.169962082999969], [8.700948853, 7.154140313999966], [8.75218834, 7.176033233000007], [8.7036148, 7.169047473999921]], "4": [[6.39874714, 4.272205544000055], [6.434136706, 4.275112294000005], [6.398069748, 4.271089943999969], [6.395213176, 4.274422798999974], [6.361992103, 4.258591523000031], [6.439592897, 4.305554306999999], [6.454646347, 4.2724960419999976], [6.377913365, 4.257491398999981], [6.432182074, 4.259841134999972], [6.362204244, 4.2593396380000135]], "5": [[7.787957275, 5.775265082999971], [7.753119457, 5.769862864999964], [7.803902975, 5.7775534919999325], [7.774776744, 5.773147256999928], [7.764593114, 5.760760239999986], [7.771514325, 5.768485804999969], [7.778127624, 5.758130416000036], [7.765482691, 5.772834041000019], [7.809992838, 5.791754668999993], [7.779859882, 5.766567963000012]], "6": [[10.183966929, 10.129882453000038], [10.187456972, 10.133086912000005], [10.186332064, 10.131797576999935], [10.18750976, 10.132888447999958], [10.187968311, 10.132725703000037], [10.185463529, 10.13099941300011], [10.181716406, 10.12762981300009], [10.176622926, 10.122939456000019], [10.176944351, 10.12195405300005], [10.17818598, 10.122723789000048]], "7": [[10.240586597, 8.654341552999977], [10.233686849, 8.660172505000022], [10.264265457, 8.664763571999922], [10.239549693, 8.664761991000086], [10.23967014, 8.658259976000013], [10.267773869, 8.677541107000078], [10.263805087, 8.67314045799995], [10.249067238, 8.665238804999946], [10.253103079, 8.654015923999964], [10.231855106, 8.660648178000022]], "8": [[8.957840784, 6.761685807999977], [8.987705284, 6.762813551000072], [8.954056053, 6.750648574000025], [8.950509406, 6.748853222999993], [8.941716943, 6.752308689000045], [8.94151942, 6.750370847999996], [8.954060229, 6.763483460000027], [8.945104917, 6.749186281000003], [8.945577761, 6.755554028999949], [8.93128482, 6.749769036000001]], "9": [[17.104287983, 9.399199400999942], [17.227591025, 9.457985191000024], [17.034638596, 9.407310535999951], [17.168085401, 9.425368561000015], [17.217901724, 9.445015438000102], [17.234188962, 9.467186947999952], [17.125499344, 9.416466297000092], [17.126823852, 9.400931779000098], [17.196014343, 9.447308628000025], [17.191941425, 9.423797621999974]], "10": [[10.190985421, 7.825358481999878], [10.210357587, 7.827147523000034], [10.214484293, 7.838562006000037], [10.213998971, 7.845038283000039], [10.219329776, 7.840449440999957], [10.184094567, 7.821762620000071], [10.186985314, 7.814129239000042], [10.183761756, 7.814284325000037], [10.209537422, 7.83790161400005], [10.209933615, 7.848338955999952]], "12": [[9.180922966, 8.231652913000023], [9.179166601, 8.235124244999994], [9.181525804, 8.236166901000018], [9.175501405, 8.228027894999986], [9.180878304, 8.23769560200001], [9.180851679, 8.234317855000015], [9.189411448, 8.24425910199996], [9.180660141, 8.238765618000047], [9.19706087, 8.255591133000033], [9.16593397, 8.227958018999958]], "14": [[7.812956923, 7.087566401000036], [7.818806258, 7.090040334999946], [7.823472249, 7.091437200999997], [7.821231989, 7.09171877100005], [7.817140625, 7.088200279999985], [7.820126087, 7.090378937000016], [7.911493485, 7.097530770999981], [7.830189109, 7.095650658999938], [7.824965811, 7.097018233999965], [7.812449106, 7.085590849999983]], "15": [[6.49657797, 6.250010252999981], [6.531433645, 6.284718016000062], [6.503262472, 6.254812688999991], [6.508407355, 6.2620967910000305], [6.51570852, 6.26537219000003], [6.502964083, 6.256016833999967], [6.509066997, 6.260642099000031], [6.512933159, 6.265440923999946], [6.509610494, 6.263175645999966], [6.504579839, 6.25944192799998]], "17": [[11.923567517, 8.980034336999987], [11.952803038, 8.969247779000028], [11.960297406, 8.982696314000037], [11.89394137, 8.960908257999982], [11.924592403, 8.964882838000053], [11.894465034, 8.965773626999983], [11.943665643, 8.980946425999962], [11.903467358, 8.974285778999942], [11.928150482, 8.97932213900003], [11.922691514, 8.964711721999956]], "18": [[14.261304719, 6.5573339830000155], [14.239160359, 6.558891482000044], [14.288169395, 6.563110050000008], [14.285522288, 6.574258247999991], [14.208384183, 6.522063962999962], [14.278222304, 6.564219051999988], [14.302880016, 6.572906901999932], [14.330059014, 6.55403985899995], [14.295292707, 6.553727913999995], [14.281896486, 6.555380851999992]], "19": [[13.078632472, 11.751430369000097], [13.091719655, 11.763228886999883], [13.038163353, 11.706479930000052], [13.07269754, 11.749162983000113], [13.028929938, 11.704251206000132], [13.049484185, 11.707718628000015], [13.093941232, 11.756568882000023], [13.048386473, 11.705158727000045], [13.047918959, 11.708865635999853], [13.044442371, 11.703629383000061]], "20": [[8.762693809, 7.861871867999984], [8.774070974, 7.866661576], [8.783932868, 7.866943707000082], [8.781904815, 7.870244202999966], [8.762482311, 7.862522952000028], [8.753043545, 7.860885926000102], [8.758957296, 7.8598115910000494], [8.762824797, 7.859592751999977], [8.787771914, 7.874033652999998], [8.783653209, 7.875595948999927]], "21": [[22.170641988, 12.114474036000056], [22.080305234, 12.097510671000006], [22.222957561, 12.119987260999933], [22.203337017, 12.107321435999996], [22.204004031, 12.11042310799997], [22.15211446, 12.115737635000002], [22.158982056, 12.117896015999996], [22.143571785, 12.108263480999984], [22.088700059, 12.102446422000025], [22.223472997, 12.124622154999988]]}