{"6": [[15.595133704, 2.4240816790000017], [15.591981873, 2.4135963839999968], [15.528912295, 2.4095052489999986], [15.782081761, 2.421713144000005], [15.561715109, 2.4217195360000003], [15.662891316, 2.4257463429999997], [15.669918648, 2.418426929], [15.622306079, 2.444042139999997], [15.568360947, 2.4178802029999997], [15.652613039, 2.440779446999997]], "11": [[4.514464192, 0.8161116519999999], [4.658158797, 0.8142445080000004], [4.562515373, 0.8162894790000014], [4.540765361, 0.8172609549999996], [4.527780655, 0.8145922629999994], [4.514992758, 0.8176969140000009], [4.54158937, 0.8183309660000002], [4.516990821, 0.817112694999999], [4.522441631, 0.8160471110000016], [4.741836353, 0.818749848999999]], "12": [[4.803243493, 0.8170941640000013], [4.705147465, 0.8160161969999995], [4.692608061, 0.8169482490000017], [4.702708118, 0.8170401240000016], [4.810853763, 0.8178523890000029], [4.731466978, 0.8188346240000003], [4.733667073, 0.8176059139999989], [4.801804802, 0.8167718269999998], [4.691941482, 0.8158712989999991], [4.674759545, 0.8147131299999991]], "13": [[9.705094521, 2.4576546849999987], [9.749664114, 2.4595851979999943], [9.672432345, 2.4553572229999974], [9.876847903, 2.4554386800000003], [9.70722492, 2.450760007999999], [9.690418563, 2.452682922000003], [9.749310893, 2.4580014699999984], [9.736270464, 2.457714345], [9.761940497, 2.4588998340000003], [9.735389551, 2.456994293000001]], "14": [[12.103017121, 2.4537431279999975], [12.127449119, 2.4550317729999995], [12.034749542, 2.452565723999999], [12.113366988, 2.456615243999999], [12.11791221, 2.457528348999998], [12.219337736, 2.4529211250000005], [12.362102836, 2.4570899269999975], [12.304215311, 2.459667698000006], [12.163812112, 2.458055149000001], [12.139877971, 2.4587931810000003]], "15": [[9.920038259, 2.456400439999993], [9.934153317, 2.4544567880000003], [10.094834357, 2.4599986489999983], [9.972399265, 2.4561124639999994], [10.043771565, 2.4522235960000067], [9.874615566, 2.4511954719999998], [10.19043495, 2.450537971999993], [9.928741462, 2.455176700999998], [9.946780001, 2.4557486900000005], [9.963862387, 2.4525462599999974]], "17": [[22.205600354, 2.464054485000003], [22.540569796, 2.503216456000003], [22.371569959, 2.4477552769999984], [22.33288367, 2.4574747440000024], [22.480174686, 2.4626251879999916], [22.510345565, 2.4832592430000062], [22.536631686, 2.5013660409999963], [22.461104847, 2.465431974000004], [22.318963499, 2.4500455130000036], [22.606888726, 2.4835826599999957]], "18": [[21.780784431, 2.4761435460000047], [21.945507765, 2.4534259249999986], [21.910348402, 2.482566710999996], [21.813817958, 2.475268666000004], [21.727624871, 2.4516079320000066], [21.71188258, 2.4454280110000046], [22.031242979, 2.4651477069999994], [22.113886094, 2.4816084089999983], [21.922767368, 2.492329213000004], [21.909516267, 2.4512225329999975]], "19": [[31.753083481, 2.4844678520000087], [31.989348991, 2.518393343999996], [32.106085792, 2.5424581020000074], [31.704889725, 2.4827849589999955], [31.818637911, 2.462593090999995], [31.889198053, 2.5138029469999994], [31.934833142, 2.5044444570000026], [31.799623716, 2.5164413099999967], [31.740180789, 2.489464943], [31.588190644, 2.495562182999997]], "21": [[14.744689392, 7.72583395], [14.63940369, 7.622542576999997], [14.666863416, 7.639780656000014], [14.736431969, 7.723872603000002], [14.710941017, 7.676817206999992], [14.677650834, 7.659068265], [14.687584171, 7.672737798000008], [14.734751687, 7.69967618], [14.689952946, 7.667839717999994], [14.683134523, 7.659833202]], "22": [[11.359021439, 9.639242953999975], [11.409488553, 9.684302650999973], [11.321745363, 9.615707233999983], [11.362900454, 9.651919585999968], [11.34983271, 9.65429373400001], [11.377680388, 9.672683691000001], [11.299963559, 9.604875776000029], [11.344271177, 9.629507023999986], [11.313333819, 9.60808412799999], [11.38197055, 9.662202865999998]], "23": [[19.297984937, 16.66929365899999], [19.182163929, 16.55892351400002], [19.225208749, 16.60166390800005], [19.186242919, 16.543243036999947], [19.185658695, 16.552964633000066], [19.235456397, 16.589409614000047], [19.225803647, 16.582438808000003], [19.262858, 16.61863635699998], [19.237695912, 16.616166729999996], [19.226608729, 16.598780023000025]], "24": [[45.540179191, 23.342273366], [45.548198377, 23.258390969999965], [45.32658638, 23.216976667000072], [45.521440547, 23.313586508000032], [45.492127387, 23.284253475999993], [45.398534145, 23.20553591700004], [45.525236403, 23.329370837999996], [45.499148803, 23.34546517000003], [45.626969252, 23.332709299000026], [45.534097208, 23.316523150000023]], "26": [[7.518602798, 2.453259996000004], [7.376698855, 2.4577343239999982], [7.40136386, 2.4546144610000025], [7.424556682, 2.456093554000006], [7.420242645, 2.4562098360000006], [7.509601521, 2.4566211199999968], [7.430116469, 2.4560958939999984], [7.419675093, 2.4540374670000062], [7.457493917, 2.4593940229999944], [7.42473478, 2.4568290760000044]], "27": [[7.598341197, 2.4578620930000032], [7.559259309, 2.4553876230000022], [7.71735866, 2.4528708910000017], [7.575323945, 2.45501928399999], [7.554492244, 2.450155733999998], [7.587099411, 2.4559903799999976], [7.596072263, 2.457722918999993], [7.560357897, 2.453703716000006], [7.583869683, 2.453797597999998], [7.625355304, 2.4638296090000007]], "29": [[118.75383841, 7.591428525999998], [118.287522377, 7.574660126000002], [118.482515076, 7.577429836999997], [118.774898442, 7.570300962999978], [119.021226724, 7.581093717000011], [118.80186633, 7.556277995999995], [118.681274626, 7.602952355999988], [118.798738603, 7.561664105000012], [118.671646852, 7.5823239259999715], [119.759240981, 7.5718782930000055]], "31": [[8.744622172, 2.311528883000004], [8.748836164, 2.310863597000004], [8.737267307, 2.312034835999998], [8.697518567, 2.3130726049999977], [8.763690908, 2.3184036460000006], [8.778979863, 2.315802879000002], [8.729302798, 2.3118011929999938], [8.79778872, 2.3140503460000046], [8.685428454, 2.3083106619999954], [8.735834541, 2.3111707709999942]], "32": [[9.743662409, 2.3174482899999953], [9.787757463, 2.3172018599999995], [9.795161826, 2.313522216000003], [9.762757099, 2.313780960999997], [9.934645107, 2.3144088509999987], [9.729101476, 2.313402338999997], [9.776678864, 2.317139806999999], [9.819843528, 2.3211662139999993], [9.823850146, 2.3177143690000013], [9.843310353, 2.316906632000002]], "33": [[32.283743605, 0.3412975229999994], [32.396643583, 0.3404188759999997], [32.356106159, 0.33929243900000045], [32.054560366, 0.3417275689999996], [32.244700529, 0.34086171399999937], [32.348261634, 0.34023941300000043], [32.415896865, 0.3434054209999995], [32.371096325, 0.340036674], [32.222959012, 0.34193003800000066], [32.153456549, 0.34285647900000044]], "34": [[31.207710988, 8.535893358999978], [30.892129377, 8.452316249000006], [31.236754473, 8.456355699000007], [31.154673968, 8.473824128999958], [31.051562799, 8.482096320000025], [30.862506826, 8.45202821299999], [31.112299762, 8.475171189999992], [30.834494972, 8.422651986000005], [31.050861383, 8.492464879000002], [31.090721865, 8.459153627999994]], "37": [[9.289534898, 7.704055743], [9.305008311, 7.70396099100002], [9.395485823, 7.784716675000001], [9.30581461, 7.711897494999992], [9.342030706, 7.762743662999984], [9.334305079, 7.7364180049999955], [9.270382009, 7.687794601999979], [9.293980697, 7.712707228000006], [9.293915236, 7.689653740999983], [9.321328319, 7.716952055999998]], "38": [[8.641741081, 7.197910934999995], [8.683331059, 7.212273419000002], [8.651594594, 7.2074098610000075], [8.661361293, 7.198733031999974], [8.706627746, 7.2172793220000155], [8.676957844, 7.227455314999998], [8.662874495, 7.209510303999982], [8.683243482, 7.222351759], [8.664988069, 7.216746614000003], [8.642378483, 7.210863498999995]],