{"6": [[16.418725791, 3.2244450780000053], [16.266329988, 3.228618741999997], [16.171341838, 3.2171162289999975], [16.280308659, 3.236224312000005], [16.316253727, 3.2207937640000073], [16.342465147, 3.235711379000003], [16.325157085, 3.2417484090000017], [16.222505752, 3.2191262180000093], [16.239630141, 3.22483351700001], [16.440070757, 3.221874511]], "11": [[4.668355813, 0.8568995090000012], [4.568453974, 0.8494702340000014], [4.55555359, 0.8494282810000002], [4.568473717, 0.8515372709999988], [4.583769074, 0.8496454099999975], [4.574955657, 0.870411148], [4.589439661, 0.8497806650000007], [4.593763467, 0.8519089899999999], [4.696439622, 0.850103477], [4.572361513, 0.8473698050000011]], "12": [[4.836287907, 0.8477128559999995], [4.826150335, 0.8517134299999974], [4.730864502, 0.8497763690000021], [4.736977374, 0.8492633090000001], [4.807550542, 0.847008034999999], [4.754928483, 0.8551573819999992], [4.741380505, 0.8488507449999976], [4.820489371, 0.8538121960000007], [4.75255218, 0.8491618829999994], [4.883901282, 0.8479278349999997]], "13": [[10.622159392, 3.262842721000005], [10.674070029, 3.2696935729999996], [10.45998142, 3.2670991990000045], [10.487722509, 3.2666087689999945], [10.528939256, 3.2665952820000004], [10.537906705, 3.270382479000002], [10.509646531, 3.267566373999994], [10.430744485, 3.2619364050000037], [10.450593012, 3.262881109000005], [10.515215576, 3.263059599000005]], "14": [[12.959891249, 3.273137976999998], [12.955606771, 3.264317266000003], [12.868600533, 3.269677692999994], [12.850609376, 3.2591452270000087], [12.84704055, 3.269931930000004], [12.848455841, 3.264817780000001], [12.867377628, 3.265052911999997], [12.914680262, 3.2629770779999987], [12.860684861, 3.264132471], [12.80397235, 3.263899078000007]], "15": [[10.828967701, 3.2708158680000072], [10.758392784, 3.2663890970000002], [10.706176836, 3.266885363999999], [10.804428119, 3.262342126999999], [10.783536688, 3.2704398079999986], [10.73379062, 3.2673764469999966], [10.818994062, 3.2690280170000006], [10.720550612, 3.2675328720000003], [10.874524169, 3.2682518699999967], [10.746596556, 3.2651901130000014]], "17": [[23.298399256, 3.2922444769999935], [23.210427608, 3.299882113000004], [23.326447922, 3.2823761830000056], [23.560634056, 3.322820699], [23.221021778, 3.2617692150000037], [23.168776122, 3.3194400039999996], [23.336345605, 3.3072432139999988], [23.089678071, 3.298008659999999], [23.084976053, 3.2896197799999927], [23.403564948, 3.3025788920000045]], "18": [[22.636963237, 3.3027090879999985], [22.873975745, 3.2957829599999986], [22.564066403, 3.308807881999994], [22.759624979, 3.3094991370000075], [22.772044989, 3.298247291000006], [22.625001489, 3.309776340999996], [22.725116795, 3.3132328019999964], [22.544936885, 3.276389179999998], [22.546489444, 3.2652174579999977], [22.567269379, 3.2670707690000027]], "19": [[32.406115028, 3.333216723999992], [32.698061815, 3.333375071999997], [32.696834341, 3.341201635000008], [32.633741555, 3.3496357999999997], [32.548095856, 3.3313233199999974], [32.342510591, 3.3156598720000052], [32.718437755, 3.3503847009999985], [32.667803652, 3.2922579209999983], [32.403538808, 3.286272328000007], [32.690488968, 3.308760844000002]], "21": [[18.897057636, 11.888372539000038], [18.939201438, 11.91576495999998], [18.872711264, 11.860124977000021], [18.917799901, 11.913139694999998], [18.913191738, 11.894133746999996], [18.982698, 11.911279294999984], [18.938554001, 11.91921706200001], [18.934342684, 11.911636063999968], [18.990327973, 11.969254842999984], [18.961184306, 11.948493421000025]], "22": [[16.329111783, 14.618276419000004], [16.430762919, 14.712832686999995], [16.369040517, 14.664789723999995], [16.299638085, 14.596026239000002], [16.388909698, 14.68848853699997], [16.427188908, 14.714084193000007], [16.300846825, 14.591297169000015], [16.324943584, 14.639821498999995], [16.309283254, 14.598608279999967], [16.338389329, 14.63065387500001]], "23": [[27.37294879, 24.73976428200006], [27.467079528, 24.837677103000004], [27.358917731, 24.748670032000028], [27.380865295, 24.752822299999984], [27.428360368, 24.798793929999903], [27.362963887, 24.75011834599997], [27.299601882, 24.682382668999992], [27.439047299, 24.814863791999937], [27.353532601, 24.753458212999938], [27.294821305, 24.66901975999999]], "24": [[57.483636063, 35.32902553999995], [57.48464206, 35.13993688900003], [57.520385189, 35.30781261600001], [57.744003124, 35.30759084399999], [57.503444113, 35.359185184999944], [57.451324404, 35.27447837499991], [57.54578648, 35.37086659999992], [57.405907198, 35.20675914500001], [57.466701904, 35.250027954999965], [57.42815574, 35.24592698499991]], "26": [[8.20444364, 3.2640222909999963], [8.221836103, 3.265652728000005], [8.195357375, 3.2649099369999908], [8.216311179, 3.2647514740000028], [8.195380657, 3.2679958430000013], [8.337561883, 3.267049050999999], [8.201202206, 3.2638585459999994], [8.16563299, 3.2659138319999914], [8.200173137, 3.267898278000005], [8.208020504, 3.2690812639999964]], "27": [[8.41591393, 3.260424280999995], [8.352398361, 3.262857406999996], [8.329195474, 3.260325549000009], [8.340478825, 3.2610576379999983], [8.350499153, 3.262445223], [8.379457818, 3.270090445999998], [8.384297998, 3.2662861359999975], [8.331922396, 3.2633374170000016], [8.400609699, 3.2699367800000037], [8.364552109, 3.2661408149999955]], "29": [[123.194439272, 11.447622798999957], [123.463182716, 11.445309545000026], [122.738069014, 11.412530623000004], [122.0458725, 11.424006224999996], [121.89136281, 11.424018407000005], [123.033517972, 11.437946286999981], [122.547022415, 11.432638479000003], [122.465075691, 11.422092231000017], [122.241370875, 11.430350892999952], [122.307783705, 11.439842605999976]], "31": [[9.545821421, 3.121987031999996], [9.553775862, 3.1209590999999977], [9.528203066, 3.1164435650000066], [9.470709181, 3.1169170099999866], [9.511854311, 3.117018214999997], [9.548689213, 3.1207999769999963], [9.549663181, 3.116525837999991], [9.524846093, 3.1133960109999954], [9.511960289, 3.1208516930000005], [9.463411015, 3.1156448380000024]], "32": [[10.495974578, 3.112470908999997], [10.70003872, 3.115402634000003], [10.54555402, 3.113698340999997], [10.574241379, 3.1176215490000025], [10.557381128, 3.114731873999999], [10.590425118, 3.1164006280000036], [10.600235123, 3.115616799], [10.575574077, 3.121743736999996], [10.693176116, 3.1175785480000022], [10.723078336, 3.1164242389999997]], "33": [[32.073828241, 0.36612966099999983], [32.222180058, 0.3700048740000001], [32.627451595, 0.3693075550000008], [32.355095474, 0.3691766770000009], [32.634500501, 0.37078536100000026], [32.325741951, 0.368797938000001], [32.130667884, 0.36851140800000026], [32.087044379, 0.36374785899999984], [32.314533489, 0.3719681590000007], [32.442614224, 0.3701755680000003]], "34": [[35.287150112, 12.775756233999953], [35.257277688, 12.774908691000014], [35.255985954, 12.775259735000002], [34.911968411, 12.739586979000011], [34.99837071, 12.765795785000002], [35.123026564, 12.802953726999998], [35.26914652, 12.793257543999983], [35.129521727, 12.747178686999968], [35.20215148, 12.739446864999973], [35.418893155, 12.800419557999962]], "37": [[13.595693569, 11.98211290099998], [13.491086823, 11.908425363999974], [13.472058419, 11.893223992999992], [13.525711518, 11.931537940000021], [13.458784129, 11.881740625000013], [13.578895599, 11.95125109300003], [13.515192971, 11.918382042000026], [13.595341679, 11.988791117000009], [13.521780342, 11.927722675999982], [13.543825785, 11.918512550999983]], "38": [[11.909275898, 10.46977609100001], [11.915261199, 10.453070335000008], [11.942997778, 10.475503470999989], [11.843684979, 10.409344966999988], [11.934383214, 10.449902163000033], [11.890343797, 10.430922644999999], [11.936929103, 10.442047948999976], [11.855854969, 10.409753660999986], [11.891947447, 10.435477082999997], [11.882993218, 10.428850260999974]],